17:36:58 [INFO    ] clustering.kmedoids — K-Medoids: n=6, k=2, init=heuristic, max_iter=100
17:36:58 [DEBUG   ] clustering.kmedoids — Initial medoids: ['B3', 'A1']
17:36:58 [DEBUG   ] clustering.kmedoids —   iter 0  inertia=0.210000
17:36:58 [DEBUG   ] clustering.kmedoids —     Swap medoid[0]=B3 → B4  (inertia=0.200000)
17:36:58 [DEBUG   ] clustering.kmedoids —   iter 1  inertia=0.200000
17:36:58 [INFO    ] clustering.kmedoids — K-Medoids converged in 2 iteration(s).  Inertia=0.200000
17:36:58 [INFO    ] clustering.kmedoids — K-Medoids complete.  k=2, inertia=0.2000, iters=2
17:36:58 [INFO    ] clustering.evaluation — Computing evaluation metrics for kmedoids result…
17:36:58 [INFO    ] clustering.evaluation — Evaluation complete.  silhouette=0.9390  inertia=0.2000
17:36:58 [INFO    ] clustering.hierarchical — HAC: n=6, k=2, linkage=average
17:36:58 [DEBUG   ] clustering.hierarchical —   Merged clusters 3+4 → 6  (dist=0.0400, size=2)
17:36:58 [DEBUG   ] clustering.hierarchical —   Merged clusters 0+1 → 7  (dist=0.0500, size=2)
17:36:58 [DEBUG   ] clustering.hierarchical —   Merged clusters 5+6 → 8  (dist=0.0550, size=3)
17:36:58 [DEBUG   ] clustering.hierarchical —   Merged clusters 2+7 → 9  (dist=0.0650, size=3)
17:36:58 [INFO    ] clustering.hierarchical — HAC complete.  Inertia=0.2000
17:36:58 [INFO    ] clustering.evaluation — Computing evaluation metrics for hierarchical result…
17:36:58 [INFO    ] clustering.evaluation — Evaluation complete.  silhouette=0.9390  inertia=0.2000
17:36:58 [INFO    ] clustering.models — Distance matrix saved → output\clustering\_test_matrix.json  (6×6)
17:36:58 [INFO    ] clustering.models — Distance matrix loaded ← output\clustering\_test_matrix.json  (6×6)
17:36:58 [INFO    ] clustering.models — ClusterResult saved → output\clustering\_test_result.json
17:36:58 [INFO    ] clustering.kmedoids — K-Medoids: n=6, k=1, init=heuristic, max_iter=100
17:36:58 [DEBUG   ] clustering.kmedoids — Initial medoids: ['B3']
17:36:58 [DEBUG   ] clustering.kmedoids —   iter 0  inertia=2.790000
17:36:58 [INFO    ] clustering.kmedoids — K-Medoids converged in 1 iteration(s).  Inertia=2.790000
17:36:58 [INFO    ] clustering.kmedoids — K-Medoids complete.  k=1, inertia=2.7900, iters=1
17:37:33 [INFO    ] clustering.distance_matrix — Loaded 23 country trees from 'preprocessed_trees'
17:37:33 [INFO    ] clustering.pipeline — 23 trees loaded.
17:37:33 [INFO    ] clustering.distance_matrix — Computing semantic distance matrix for 23 documents (253 pairs)…
17:37:33 [INFO    ] clustering.distance_matrix — Pre-normalizing trees…
17:37:51 [INFO    ] clustering.distance_matrix — Loaded 23 country trees from 'preprocessed_trees'
17:37:51 [INFO    ] clustering.pipeline — 23 trees loaded.
17:37:51 [INFO    ] clustering.distance_matrix — Computing semantic distance matrix for 23 documents (253 pairs)…
17:37:51 [INFO    ] clustering.distance_matrix — Pre-normalizing trees…
17:38:01 [INFO    ] clustering.distance_matrix — Matrix stats: {'n': 23, 'pairs': 253, 'min': 0.240708, 'max': 0.530588, 'mean': 0.390668, 'std': 0.058713}
17:38:01 [INFO    ] clustering.models — Distance matrix saved -> output/clustering/distance_matrix_demo.json  (23x23)
17:38:01 [INFO    ] clustering.kmedoids — K-Medoids: n=23, k=5, init=heuristic, max_iter=100
17:38:01 [DEBUG   ] clustering.kmedoids — Initial medoids: ['Jordan', 'Switzerland', 'France', 'Argentina', 'China']
17:38:01 [DEBUG   ] clustering.kmedoids —   iter 0  inertia=5.575900
17:38:01 [DEBUG   ] clustering.kmedoids —     Swap medoid[1]=Switzerland → Iraq  (inertia=5.566505)
17:38:01 [DEBUG   ] clustering.kmedoids —   iter 1  inertia=5.566505
17:38:01 [DEBUG   ] clustering.kmedoids —     Swap medoid[0]=Jordan → Kenya  (inertia=5.564255)
17:38:01 [DEBUG   ] clustering.kmedoids —   iter 2  inertia=5.564255
17:38:01 [DEBUG   ] clustering.kmedoids —     Swap medoid[2]=France → Japan  (inertia=5.553922)
17:38:01 [DEBUG   ] clustering.kmedoids —   iter 3  inertia=5.553922
17:38:01 [DEBUG   ] clustering.kmedoids —     Swap medoid[4]=China → Colombia  (inertia=5.528364)
17:38:01 [DEBUG   ] clustering.kmedoids —   iter 4  inertia=5.528364
17:38:01 [DEBUG   ] clustering.kmedoids —     Swap medoid[3]=Argentina → Chile  (inertia=5.524103)
17:38:01 [DEBUG   ] clustering.kmedoids —   iter 5  inertia=5.524103
17:38:01 [DEBUG   ] clustering.kmedoids —     Swap medoid[2]=Japan → Switzerland  (inertia=5.520867)
17:38:01 [DEBUG   ] clustering.kmedoids —   iter 6  inertia=5.520867
17:38:01 [DEBUG   ] clustering.kmedoids —     Swap medoid[4]=Colombia → France  (inertia=5.513109)
17:38:01 [DEBUG   ] clustering.kmedoids —   iter 7  inertia=5.513109
17:38:01 [DEBUG   ] clustering.kmedoids —     Swap medoid[3]=Chile → Argentina  (inertia=5.509429)
17:38:01 [DEBUG   ] clustering.kmedoids —   iter 8  inertia=5.509429
17:38:01 [DEBUG   ] clustering.kmedoids —     Swap medoid[4]=France → Japan  (inertia=5.499096)
17:38:01 [DEBUG   ] clustering.kmedoids —   iter 9  inertia=5.499096
17:38:01 [INFO    ] clustering.kmedoids — K-Medoids converged in 10 iteration(s).  Inertia=5.499096
17:38:01 [INFO    ] clustering.kmedoids — K-Medoids complete.  k=5, inertia=5.4991, iters=10
17:38:01 [INFO    ] clustering.evaluation — Computing evaluation metrics for kmedoids result…
17:38:01 [INFO    ] clustering.evaluation — Evaluation complete.  silhouette=0.0666  inertia=5.4991
17:38:01 [INFO    ] clustering.pipeline — run('kmedoids', k=5) finished in 0.02s  inertia=5.4991  silhouette=0.0666
17:38:01 [INFO    ] clustering.hierarchical — HAC: n=23, k=5, linkage=average
17:38:01 [DEBUG   ] clustering.hierarchical —   Merged clusters 5+12 → 23  (dist=0.2407, size=2)
17:38:01 [DEBUG   ] clustering.hierarchical —   Merged clusters 15+16 → 24  (dist=0.2420, size=2)
17:38:01 [DEBUG   ] clustering.hierarchical —   Merged clusters 0+2 → 25  (dist=0.2461, size=2)
17:38:01 [DEBUG   ] clustering.hierarchical —   Merged clusters 4+24 → 26  (dist=0.2763, size=3)
17:38:01 [DEBUG   ] clustering.hierarchical —   Merged clusters 9+10 → 27  (dist=0.2783, size=2)
17:38:01 [DEBUG   ] clustering.hierarchical —   Merged clusters 23+26 → 28  (dist=0.2881, size=5)
17:38:01 [DEBUG   ] clustering.hierarchical —   Merged clusters 27+28 → 29  (dist=0.3027, size=7)
17:38:01 [DEBUG   ] clustering.hierarchical —   Merged clusters 11+29 → 30  (dist=0.3138, size=8)
17:38:01 [DEBUG   ] clustering.hierarchical —   Merged clusters 8+14 → 31  (dist=0.3209, size=2)
17:38:01 [DEBUG   ] clustering.hierarchical —   Merged clusters 13+21 → 32  (dist=0.3344, size=2)
17:38:01 [DEBUG   ] clustering.hierarchical —   Merged clusters 1+25 → 33  (dist=0.3408, size=3)
17:38:01 [DEBUG   ] clustering.hierarchical —   Merged clusters 19+30 → 34  (dist=0.3427, size=9)
17:38:01 [DEBUG   ] clustering.hierarchical —   Merged clusters 17+34 → 35  (dist=0.3567, size=10)
17:38:01 [DEBUG   ] clustering.hierarchical —   Merged clusters 7+33 → 36  (dist=0.3650, size=4)
17:38:01 [DEBUG   ] clustering.hierarchical —   Merged clusters 6+35 → 37  (dist=0.3681, size=11)
17:38:01 [DEBUG   ] clustering.hierarchical —   Merged clusters 32+37 → 38  (dist=0.3815, size=13)
17:38:01 [DEBUG   ] clustering.hierarchical —   Merged clusters 18+38 → 39  (dist=0.3925, size=14)
17:38:01 [DEBUG   ] clustering.hierarchical —   Merged clusters 3+31 → 40  (dist=0.3939, size=3)
17:38:01 [INFO    ] clustering.hierarchical — HAC complete.  Inertia=5.5602
17:38:01 [INFO    ] clustering.evaluation — Computing evaluation metrics for hierarchical result…
17:38:01 [INFO    ] clustering.evaluation — Evaluation complete.  silhouette=0.0940  inertia=5.5602
17:38:01 [INFO    ] clustering.pipeline — run('hierarchical', k=5) finished in 0.00s  inertia=5.5602  silhouette=0.0940
17:38:57 [INFO    ] clustering.distance_matrix — Loaded 23 country trees from 'preprocessed_trees'
17:38:57 [INFO    ] clustering.pipeline — 23 trees loaded.
17:38:57 [INFO    ] clustering.distance_matrix — Loading cached distance matrix from 'output/clustering/distance_matrix_demo.json'
17:38:57 [INFO    ] clustering.models — Distance matrix loaded <- output/clustering/distance_matrix_demo.json  (23x23)
17:38:57 [INFO    ] clustering.kmedoids — K-Medoids: n=23, k=5, init=heuristic, max_iter=100
17:38:57 [DEBUG   ] clustering.kmedoids — Initial medoids: ['Jordan', 'Switzerland', 'France', 'Argentina', 'China']
17:38:57 [DEBUG   ] clustering.kmedoids —   iter 0  inertia=5.575900
17:38:57 [DEBUG   ] clustering.kmedoids —     Swap medoid[1]=Switzerland → Iraq  (inertia=5.566505)
17:38:57 [DEBUG   ] clustering.kmedoids —   iter 1  inertia=5.566505
17:38:57 [DEBUG   ] clustering.kmedoids —     Swap medoid[0]=Jordan → Kenya  (inertia=5.564255)
17:38:57 [DEBUG   ] clustering.kmedoids —   iter 2  inertia=5.564255
17:38:57 [DEBUG   ] clustering.kmedoids —     Swap medoid[2]=France → Japan  (inertia=5.553922)
17:38:57 [DEBUG   ] clustering.kmedoids —   iter 3  inertia=5.553922
17:38:57 [DEBUG   ] clustering.kmedoids —     Swap medoid[4]=China → Colombia  (inertia=5.528364)
17:38:57 [DEBUG   ] clustering.kmedoids —   iter 4  inertia=5.528364
17:38:57 [DEBUG   ] clustering.kmedoids —     Swap medoid[3]=Argentina → Chile  (inertia=5.524103)
17:38:57 [DEBUG   ] clustering.kmedoids —   iter 5  inertia=5.524103
17:38:57 [DEBUG   ] clustering.kmedoids —     Swap medoid[2]=Japan → Switzerland  (inertia=5.520867)
17:38:57 [DEBUG   ] clustering.kmedoids —   iter 6  inertia=5.520867
17:38:57 [DEBUG   ] clustering.kmedoids —     Swap medoid[4]=Colombia → France  (inertia=5.513109)
17:38:57 [DEBUG   ] clustering.kmedoids —   iter 7  inertia=5.513109
17:38:57 [DEBUG   ] clustering.kmedoids —     Swap medoid[3]=Chile → Argentina  (inertia=5.509429)
17:38:57 [DEBUG   ] clustering.kmedoids —   iter 8  inertia=5.509429
17:38:57 [DEBUG   ] clustering.kmedoids —     Swap medoid[4]=France → Japan  (inertia=5.499096)
17:38:57 [DEBUG   ] clustering.kmedoids —   iter 9  inertia=5.499096
17:38:57 [INFO    ] clustering.kmedoids — K-Medoids converged in 10 iteration(s).  Inertia=5.499096
17:38:57 [INFO    ] clustering.kmedoids — K-Medoids complete.  k=5, inertia=5.4991, iters=10
17:38:57 [INFO    ] clustering.evaluation — Computing evaluation metrics for kmedoids result…
17:38:57 [INFO    ] clustering.evaluation — Evaluation complete.  silhouette=0.0666  inertia=5.4991
17:38:57 [INFO    ] clustering.pipeline — run('kmedoids', k=5) finished in 0.01s  inertia=5.4991  silhouette=0.0666
17:38:57 [INFO    ] clustering.hierarchical — HAC: n=23, k=5, linkage=average
17:38:57 [DEBUG   ] clustering.hierarchical —   Merged clusters 5+12 → 23  (dist=0.2407, size=2)
17:38:57 [DEBUG   ] clustering.hierarchical —   Merged clusters 15+16 → 24  (dist=0.2420, size=2)
17:38:57 [DEBUG   ] clustering.hierarchical —   Merged clusters 0+2 → 25  (dist=0.2461, size=2)
17:38:57 [DEBUG   ] clustering.hierarchical —   Merged clusters 4+24 → 26  (dist=0.2763, size=3)
17:38:57 [DEBUG   ] clustering.hierarchical —   Merged clusters 9+10 → 27  (dist=0.2783, size=2)
17:38:57 [DEBUG   ] clustering.hierarchical —   Merged clusters 23+26 → 28  (dist=0.2881, size=5)
17:38:57 [DEBUG   ] clustering.hierarchical —   Merged clusters 27+28 → 29  (dist=0.3027, size=7)
17:38:57 [DEBUG   ] clustering.hierarchical —   Merged clusters 11+29 → 30  (dist=0.3138, size=8)
17:38:57 [DEBUG   ] clustering.hierarchical —   Merged clusters 8+14 → 31  (dist=0.3209, size=2)
17:38:57 [DEBUG   ] clustering.hierarchical —   Merged clusters 13+21 → 32  (dist=0.3344, size=2)
17:38:57 [DEBUG   ] clustering.hierarchical —   Merged clusters 1+25 → 33  (dist=0.3408, size=3)
17:38:57 [DEBUG   ] clustering.hierarchical —   Merged clusters 19+30 → 34  (dist=0.3427, size=9)
17:38:57 [DEBUG   ] clustering.hierarchical —   Merged clusters 17+34 → 35  (dist=0.3567, size=10)
17:38:57 [DEBUG   ] clustering.hierarchical —   Merged clusters 7+33 → 36  (dist=0.3650, size=4)
17:38:57 [DEBUG   ] clustering.hierarchical —   Merged clusters 6+35 → 37  (dist=0.3681, size=11)
17:38:57 [DEBUG   ] clustering.hierarchical —   Merged clusters 32+37 → 38  (dist=0.3815, size=13)
17:38:57 [DEBUG   ] clustering.hierarchical —   Merged clusters 18+38 → 39  (dist=0.3925, size=14)
17:38:57 [DEBUG   ] clustering.hierarchical —   Merged clusters 3+31 → 40  (dist=0.3939, size=3)
17:38:57 [INFO    ] clustering.hierarchical — HAC complete.  Inertia=5.5602
17:38:57 [INFO    ] clustering.evaluation — Computing evaluation metrics for hierarchical result…
17:38:57 [INFO    ] clustering.evaluation — Evaluation complete.  silhouette=0.0940  inertia=5.5602
17:38:57 [INFO    ] clustering.pipeline — run('hierarchical', k=5) finished in 0.00s  inertia=5.5602  silhouette=0.0940
17:39:50 [INFO    ] clustering.distance_matrix — Loaded 23 country trees from 'preprocessed_trees'
17:39:50 [INFO    ] clustering.pipeline — 23 trees loaded.
17:39:50 [INFO    ] clustering.distance_matrix — Loading cached distance matrix from 'output/clustering/distance_matrix_demo.json'
17:39:50 [INFO    ] clustering.models — Distance matrix loaded <- output/clustering/distance_matrix_demo.json  (23x23)
17:39:50 [INFO    ] clustering.kmedoids — K-Medoids: n=23, k=5, init=heuristic, max_iter=100
17:39:50 [DEBUG   ] clustering.kmedoids — Initial medoids: ['Jordan', 'Switzerland', 'France', 'Argentina', 'China']
17:39:50 [DEBUG   ] clustering.kmedoids —   iter 0  inertia=5.575900
17:39:50 [DEBUG   ] clustering.kmedoids —     Swap medoid[1]=Switzerland → Iraq  (inertia=5.566505)
17:39:50 [DEBUG   ] clustering.kmedoids —   iter 1  inertia=5.566505
17:39:50 [DEBUG   ] clustering.kmedoids —     Swap medoid[0]=Jordan → Kenya  (inertia=5.564255)
17:39:50 [DEBUG   ] clustering.kmedoids —   iter 2  inertia=5.564255
17:39:50 [DEBUG   ] clustering.kmedoids —     Swap medoid[2]=France → Japan  (inertia=5.553922)
17:39:50 [DEBUG   ] clustering.kmedoids —   iter 3  inertia=5.553922
17:39:50 [DEBUG   ] clustering.kmedoids —     Swap medoid[4]=China → Colombia  (inertia=5.528364)
17:39:50 [DEBUG   ] clustering.kmedoids —   iter 4  inertia=5.528364
17:39:50 [DEBUG   ] clustering.kmedoids —     Swap medoid[3]=Argentina → Chile  (inertia=5.524103)
17:39:50 [DEBUG   ] clustering.kmedoids —   iter 5  inertia=5.524103
17:39:50 [DEBUG   ] clustering.kmedoids —     Swap medoid[2]=Japan → Switzerland  (inertia=5.520867)
17:39:50 [DEBUG   ] clustering.kmedoids —   iter 6  inertia=5.520867
17:39:50 [DEBUG   ] clustering.kmedoids —     Swap medoid[4]=Colombia → France  (inertia=5.513109)
17:39:50 [DEBUG   ] clustering.kmedoids —   iter 7  inertia=5.513109
17:39:50 [DEBUG   ] clustering.kmedoids —     Swap medoid[3]=Chile → Argentina  (inertia=5.509429)
17:39:50 [DEBUG   ] clustering.kmedoids —   iter 8  inertia=5.509429
17:39:50 [DEBUG   ] clustering.kmedoids —     Swap medoid[4]=France → Japan  (inertia=5.499096)
17:39:50 [DEBUG   ] clustering.kmedoids —   iter 9  inertia=5.499096
17:39:50 [INFO    ] clustering.kmedoids — K-Medoids converged in 10 iteration(s).  Inertia=5.499096
17:39:50 [INFO    ] clustering.kmedoids — K-Medoids complete.  k=5, inertia=5.4991, iters=10
17:39:50 [INFO    ] clustering.evaluation — Computing evaluation metrics for kmedoids result…
17:39:50 [INFO    ] clustering.evaluation — Evaluation complete.  silhouette=0.0666  inertia=5.4991
17:39:50 [INFO    ] clustering.pipeline — run('kmedoids', k=5) finished in 0.01s  inertia=5.4991  silhouette=0.0666
17:39:50 [INFO    ] clustering.hierarchical — HAC: n=23, k=5, linkage=average
17:39:50 [DEBUG   ] clustering.hierarchical —   Merged clusters 5+12 → 23  (dist=0.2407, size=2)
17:39:50 [DEBUG   ] clustering.hierarchical —   Merged clusters 15+16 → 24  (dist=0.2420, size=2)
17:39:50 [DEBUG   ] clustering.hierarchical —   Merged clusters 0+2 → 25  (dist=0.2461, size=2)
17:39:50 [DEBUG   ] clustering.hierarchical —   Merged clusters 4+24 → 26  (dist=0.2763, size=3)
17:39:50 [DEBUG   ] clustering.hierarchical —   Merged clusters 9+10 → 27  (dist=0.2783, size=2)
17:39:50 [DEBUG   ] clustering.hierarchical —   Merged clusters 23+26 → 28  (dist=0.2881, size=5)
17:39:50 [DEBUG   ] clustering.hierarchical —   Merged clusters 27+28 → 29  (dist=0.3027, size=7)
17:39:50 [DEBUG   ] clustering.hierarchical —   Merged clusters 11+29 → 30  (dist=0.3138, size=8)
17:39:50 [DEBUG   ] clustering.hierarchical —   Merged clusters 8+14 → 31  (dist=0.3209, size=2)
17:39:50 [DEBUG   ] clustering.hierarchical —   Merged clusters 13+21 → 32  (dist=0.3344, size=2)
17:39:50 [DEBUG   ] clustering.hierarchical —   Merged clusters 1+25 → 33  (dist=0.3408, size=3)
17:39:50 [DEBUG   ] clustering.hierarchical —   Merged clusters 19+30 → 34  (dist=0.3427, size=9)
17:39:50 [DEBUG   ] clustering.hierarchical —   Merged clusters 17+34 → 35  (dist=0.3567, size=10)
17:39:50 [DEBUG   ] clustering.hierarchical —   Merged clusters 7+33 → 36  (dist=0.3650, size=4)
17:39:50 [DEBUG   ] clustering.hierarchical —   Merged clusters 6+35 → 37  (dist=0.3681, size=11)
17:39:50 [DEBUG   ] clustering.hierarchical —   Merged clusters 32+37 → 38  (dist=0.3815, size=13)
17:39:50 [DEBUG   ] clustering.hierarchical —   Merged clusters 18+38 → 39  (dist=0.3925, size=14)
17:39:50 [DEBUG   ] clustering.hierarchical —   Merged clusters 3+31 → 40  (dist=0.3939, size=3)
17:39:50 [INFO    ] clustering.hierarchical — HAC complete.  Inertia=5.5602
17:39:50 [INFO    ] clustering.evaluation — Computing evaluation metrics for hierarchical result…
17:39:50 [INFO    ] clustering.evaluation — Evaluation complete.  silhouette=0.0940  inertia=5.5602
17:39:50 [INFO    ] clustering.pipeline — run('hierarchical', k=5) finished in 0.00s  inertia=5.5602  silhouette=0.0940
17:39:50 [INFO    ] clustering.models — ClusterResult saved -> output/clustering\kmedoids_k5_demo.json
17:39:50 [INFO    ] clustering.models — ClusterResult saved -> output/clustering\hierarchical_k5_demo.json
17:42:42 [INFO    ] clustering.distance_matrix — Loaded 193 country trees from 'preprocessed_trees'
17:42:42 [INFO    ] clustering.pipeline — 193 trees loaded.
17:42:42 [INFO    ] clustering.distance_matrix — Computing semantic distance matrix for 193 documents (18528 pairs)…
17:42:42 [INFO    ] clustering.distance_matrix — Pre-normalizing trees…
17:57:20 [INFO    ] clustering.distance_matrix — Matrix stats: {'n': 193, 'pairs': 18528, 'min': 0.120513, 'max': 0.616082, 'mean': 0.356903, 'std': 0.064471}
17:57:20 [INFO    ] clustering.models — Distance matrix saved -> output/clustering\distance_matrix.json  (193x193)
17:57:20 [INFO    ] clustering.kmedoids — K-Medoids: n=193, k=7, init=heuristic, max_iter=100
17:57:20 [DEBUG   ] clustering.kmedoids — Initial medoids: ['Grenada', 'Denmark', 'Netherlands  Kingdom of the ', 'Zimbabwe', 'Switzerland', 'Norway', 'Argentina']
17:57:20 [DEBUG   ] clustering.kmedoids —   iter 0  inertia=53.091074
17:57:20 [DEBUG   ] clustering.kmedoids —     Swap medoid[1]=Denmark → Albania  (inertia=52.936455)
17:57:20 [DEBUG   ] clustering.kmedoids —   iter 1  inertia=52.936455
17:57:20 [DEBUG   ] clustering.kmedoids —     Swap medoid[1]=Albania → Algeria  (inertia=52.897144)
17:57:20 [DEBUG   ] clustering.kmedoids —   iter 2  inertia=52.897144
17:57:20 [DEBUG   ] clustering.kmedoids —     Swap medoid[1]=Algeria → Angola  (inertia=52.223773)
17:57:20 [DEBUG   ] clustering.kmedoids —   iter 3  inertia=52.223773
17:57:21 [DEBUG   ] clustering.kmedoids —     Swap medoid[1]=Angola → Azerbaijan  (inertia=51.250398)
17:57:21 [DEBUG   ] clustering.kmedoids —   iter 4  inertia=51.250398
17:57:21 [DEBUG   ] clustering.kmedoids —     Swap medoid[1]=Azerbaijan → Zambia  (inertia=50.795443)
17:57:21 [DEBUG   ] clustering.kmedoids —   iter 5  inertia=50.795443
17:57:21 [DEBUG   ] clustering.kmedoids —     Swap medoid[2]=Netherlands  Kingdom of the  → Albania  (inertia=50.731598)
17:57:21 [DEBUG   ] clustering.kmedoids —   iter 6  inertia=50.731598
17:57:21 [DEBUG   ] clustering.kmedoids —     Swap medoid[2]=Albania → Azerbaijan  (inertia=50.142427)
17:57:21 [DEBUG   ] clustering.kmedoids —   iter 7  inertia=50.142427
17:57:21 [DEBUG   ] clustering.kmedoids —     Swap medoid[2]=Azerbaijan → Djibouti  (inertia=50.094755)
17:57:21 [DEBUG   ] clustering.kmedoids —   iter 8  inertia=50.094755
17:57:21 [DEBUG   ] clustering.kmedoids —     Swap medoid[2]=Djibouti → Israel  (inertia=49.934884)
17:57:21 [DEBUG   ] clustering.kmedoids —   iter 9  inertia=49.934884
17:57:21 [DEBUG   ] clustering.kmedoids —     Swap medoid[3]=Zimbabwe → Azerbaijan  (inertia=49.586370)
17:57:21 [DEBUG   ] clustering.kmedoids —   iter 10  inertia=49.586370
17:57:21 [DEBUG   ] clustering.kmedoids —     Swap medoid[4]=Switzerland → Bahamas  The  (inertia=49.505032)
17:57:21 [DEBUG   ] clustering.kmedoids —   iter 11  inertia=49.505032
17:57:21 [DEBUG   ] clustering.kmedoids —     Swap medoid[0]=Grenada → Togo  (inertia=49.415349)
17:57:21 [DEBUG   ] clustering.kmedoids —   iter 12  inertia=49.415349
17:57:22 [DEBUG   ] clustering.kmedoids —     Swap medoid[4]=Bahamas  The → Jamaica  (inertia=49.407090)
17:57:22 [DEBUG   ] clustering.kmedoids —   iter 13  inertia=49.407090
17:57:22 [DEBUG   ] clustering.kmedoids —     Swap medoid[5]=Norway → Australia  (inertia=49.394539)
17:57:22 [DEBUG   ] clustering.kmedoids —   iter 14  inertia=49.394539
17:57:22 [DEBUG   ] clustering.kmedoids —     Swap medoid[5]=Australia → Bahamas  The  (inertia=49.319343)
17:57:22 [DEBUG   ] clustering.kmedoids —   iter 15  inertia=49.319343
17:57:22 [DEBUG   ] clustering.kmedoids —     Swap medoid[4]=Jamaica → Bolivia  (inertia=49.201916)
17:57:22 [DEBUG   ] clustering.kmedoids —   iter 16  inertia=49.201916
17:57:23 [DEBUG   ] clustering.kmedoids —     Swap medoid[4]=Bolivia → Paraguay  (inertia=49.127157)
17:57:23 [DEBUG   ] clustering.kmedoids —   iter 17  inertia=49.127157
17:57:23 [DEBUG   ] clustering.kmedoids —     Swap medoid[6]=Argentina → Andorra  (inertia=49.107126)
17:57:23 [DEBUG   ] clustering.kmedoids —   iter 18  inertia=49.107126
17:57:23 [DEBUG   ] clustering.kmedoids —     Swap medoid[5]=Bahamas  The → Jamaica  (inertia=49.103821)
17:57:23 [DEBUG   ] clustering.kmedoids —   iter 19  inertia=49.103821
17:57:23 [DEBUG   ] clustering.kmedoids —     Swap medoid[6]=Andorra → Australia  (inertia=49.043185)
17:57:23 [DEBUG   ] clustering.kmedoids —   iter 20  inertia=49.043185
17:57:24 [DEBUG   ] clustering.kmedoids —     Swap medoid[5]=Jamaica → Bahamas  The  (inertia=49.021935)
17:57:24 [DEBUG   ] clustering.kmedoids —   iter 21  inertia=49.021935
17:57:24 [DEBUG   ] clustering.kmedoids —     Swap medoid[6]=Australia → Denmark  (inertia=48.941490)
17:57:24 [DEBUG   ] clustering.kmedoids —   iter 22  inertia=48.941490
17:57:24 [DEBUG   ] clustering.kmedoids —     Swap medoid[6]=Denmark → Jordan  (inertia=48.930493)
17:57:24 [DEBUG   ] clustering.kmedoids —   iter 23  inertia=48.930493
17:57:25 [DEBUG   ] clustering.kmedoids —     Swap medoid[6]=Jordan → Tuvalu  (inertia=48.914081)
17:57:25 [DEBUG   ] clustering.kmedoids —   iter 24  inertia=48.914081
17:57:25 [DEBUG   ] clustering.kmedoids —     Swap medoid[5]=Bahamas  The → Grenada  (inertia=48.897877)
17:57:25 [DEBUG   ] clustering.kmedoids —   iter 25  inertia=48.897877
17:57:25 [DEBUG   ] clustering.kmedoids —     Swap medoid[0]=Togo → Jordan  (inertia=48.887390)
17:57:25 [DEBUG   ] clustering.kmedoids —   iter 26  inertia=48.887390
17:57:25 [DEBUG   ] clustering.kmedoids —     Swap medoid[0]=Jordan → Lesotho  (inertia=48.878180)
17:57:25 [DEBUG   ] clustering.kmedoids —   iter 27  inertia=48.878180
17:57:25 [INFO    ] clustering.kmedoids — K-Medoids converged in 28 iteration(s).  Inertia=48.878180
17:57:25 [INFO    ] clustering.kmedoids — K-Medoids complete.  k=7, inertia=48.8782, iters=28
17:57:25 [INFO    ] clustering.evaluation — Computing evaluation metrics for kmedoids result…
17:57:25 [INFO    ] clustering.evaluation — Evaluation complete.  silhouette=0.0343  inertia=48.8782
17:57:25 [INFO    ] clustering.pipeline — run('kmedoids', k=7) finished in 4.83s  inertia=48.8782  silhouette=0.0343
17:57:25 [INFO    ] clustering.hierarchical — HAC: n=193, k=7, linkage=average
17:57:25 [DEBUG   ] clustering.hierarchical —   Merged clusters 20+133 → 193  (dist=0.1205, size=2)
17:57:25 [DEBUG   ] clustering.hierarchical —   Merged clusters 5+68 → 194  (dist=0.1367, size=2)
17:57:25 [DEBUG   ] clustering.hierarchical —   Merged clusters 11+17 → 195  (dist=0.1403, size=2)
17:57:25 [DEBUG   ] clustering.hierarchical —   Merged clusters 2+175 → 196  (dist=0.1472, size=2)
17:57:25 [DEBUG   ] clustering.hierarchical —   Merged clusters 48+82 → 197  (dist=0.1512, size=2)
17:57:25 [DEBUG   ] clustering.hierarchical —   Merged clusters 115+170 → 198  (dist=0.1526, size=2)
17:57:25 [DEBUG   ] clustering.hierarchical —   Merged clusters 144+146 → 199  (dist=0.1539, size=2)
17:57:25 [DEBUG   ] clustering.hierarchical —   Merged clusters 84+194 → 200  (dist=0.1578, size=3)
17:57:25 [DEBUG   ] clustering.hierarchical —   Merged clusters 158+177 → 201  (dist=0.1616, size=2)
17:57:25 [DEBUG   ] clustering.hierarchical —   Merged clusters 172+198 → 202  (dist=0.1640, size=3)
17:57:25 [DEBUG   ] clustering.hierarchical —   Merged clusters 145+200 → 203  (dist=0.1687, size=4)
17:57:25 [DEBUG   ] clustering.hierarchical —   Merged clusters 66+154 → 204  (dist=0.1714, size=2)
17:57:25 [DEBUG   ] clustering.hierarchical —   Merged clusters 196+202 → 205  (dist=0.1765, size=5)
17:57:25 [DEBUG   ] clustering.hierarchical —   Merged clusters 102+204 → 206  (dist=0.1803, size=3)
17:57:25 [DEBUG   ] clustering.hierarchical —   Merged clusters 87+136 → 207  (dist=0.1810, size=2)
17:57:25 [DEBUG   ] clustering.hierarchical —   Merged clusters 195+203 → 208  (dist=0.1826, size=6)
17:57:25 [DEBUG   ] clustering.hierarchical —   Merged clusters 187+201 → 209  (dist=0.1886, size=3)
17:57:25 [DEBUG   ] clustering.hierarchical —   Merged clusters 90+138 → 210  (dist=0.1953, size=2)
17:57:25 [DEBUG   ] clustering.hierarchical —   Merged clusters 95+169 → 211  (dist=0.1958, size=2)
17:57:25 [DEBUG   ] clustering.hierarchical —   Merged clusters 27+143 → 212  (dist=0.1980, size=2)
17:57:25 [DEBUG   ] clustering.hierarchical —   Merged clusters 94+168 → 213  (dist=0.1986, size=2)
17:57:25 [DEBUG   ] clustering.hierarchical —   Merged clusters 50+207 → 214  (dist=0.1993, size=3)
17:57:25 [DEBUG   ] clustering.hierarchical —   Merged clusters 28+197 → 215  (dist=0.2000, size=3)
17:57:25 [DEBUG   ] clustering.hierarchical —   Merged clusters 126+173 → 216  (dist=0.2005, size=2)
17:57:25 [DEBUG   ] clustering.hierarchical —   Merged clusters 43+205 → 217  (dist=0.2012, size=6)
17:57:25 [DEBUG   ] clustering.hierarchical —   Merged clusters 40+99 → 218  (dist=0.2023, size=2)
17:57:25 [DEBUG   ] clustering.hierarchical —   Merged clusters 36+188 → 219  (dist=0.2026, size=2)
17:57:25 [DEBUG   ] clustering.hierarchical —   Merged clusters 191+206 → 220  (dist=0.2037, size=4)
17:57:25 [DEBUG   ] clustering.hierarchical —   Merged clusters 4+116 → 221  (dist=0.2043, size=2)
17:57:25 [DEBUG   ] clustering.hierarchical —   Merged clusters 63+151 → 222  (dist=0.2052, size=2)
17:57:25 [DEBUG   ] clustering.hierarchical —   Merged clusters 30+80 → 223  (dist=0.2056, size=2)
17:57:25 [DEBUG   ] clustering.hierarchical —   Merged clusters 15+101 → 224  (dist=0.2057, size=2)
17:57:25 [DEBUG   ] clustering.hierarchical —   Merged clusters 16+86 → 225  (dist=0.2069, size=2)
17:57:25 [DEBUG   ] clustering.hierarchical —   Merged clusters 120+214 → 226  (dist=0.2075, size=4)
17:57:25 [DEBUG   ] clustering.hierarchical —   Merged clusters 107+111 → 227  (dist=0.2075, size=2)
17:57:25 [DEBUG   ] clustering.hierarchical —   Merged clusters 19+157 → 228  (dist=0.2078, size=2)
17:57:26 [DEBUG   ] clustering.hierarchical —   Merged clusters 217+224 → 229  (dist=0.2102, size=8)
17:57:26 [DEBUG   ] clustering.hierarchical —   Merged clusters 10+181 → 230  (dist=0.2109, size=2)
17:57:26 [DEBUG   ] clustering.hierarchical —   Merged clusters 69+131 → 231  (dist=0.2111, size=2)
17:57:26 [DEBUG   ] clustering.hierarchical —   Merged clusters 49+199 → 232  (dist=0.2117, size=3)
17:57:26 [DEBUG   ] clustering.hierarchical —   Merged clusters 1+7 → 233  (dist=0.2120, size=2)
17:57:26 [DEBUG   ] clustering.hierarchical —   Merged clusters 110+193 → 234  (dist=0.2151, size=3)
17:57:26 [DEBUG   ] clustering.hierarchical —   Merged clusters 67+150 → 235  (dist=0.2168, size=2)
17:57:26 [DEBUG   ] clustering.hierarchical —   Merged clusters 208+225 → 236  (dist=0.2170, size=8)
17:57:26 [DEBUG   ] clustering.hierarchical —   Merged clusters 14+174 → 237  (dist=0.2177, size=2)
17:57:26 [DEBUG   ] clustering.hierarchical —   Merged clusters 223+229 → 238  (dist=0.2191, size=10)
17:57:26 [DEBUG   ] clustering.hierarchical —   Merged clusters 113+216 → 239  (dist=0.2201, size=3)
17:57:26 [DEBUG   ] clustering.hierarchical —   Merged clusters 18+222 → 240  (dist=0.2216, size=3)
17:57:26 [DEBUG   ] clustering.hierarchical —   Merged clusters 32+108 → 241  (dist=0.2216, size=2)
17:57:26 [DEBUG   ] clustering.hierarchical —   Merged clusters 226+238 → 242  (dist=0.2234, size=14)
17:57:26 [DEBUG   ] clustering.hierarchical —   Merged clusters 211+236 → 243  (dist=0.2238, size=10)
17:57:26 [DEBUG   ] clustering.hierarchical —   Merged clusters 56+106 → 244  (dist=0.2248, size=2)
17:57:26 [DEBUG   ] clustering.hierarchical —   Merged clusters 46+52 → 245  (dist=0.2257, size=2)
17:57:26 [DEBUG   ] clustering.hierarchical —   Merged clusters 75+114 → 246  (dist=0.2277, size=2)
17:57:26 [DEBUG   ] clustering.hierarchical —   Merged clusters 230+239 → 247  (dist=0.2280, size=5)
17:57:26 [DEBUG   ] clustering.hierarchical —   Merged clusters 213+215 → 248  (dist=0.2294, size=5)
17:57:26 [DEBUG   ] clustering.hierarchical —   Merged clusters 53+231 → 249  (dist=0.2331, size=3)
17:57:26 [DEBUG   ] clustering.hierarchical —   Merged clusters 109+153 → 250  (dist=0.2334, size=2)
17:57:26 [DEBUG   ] clustering.hierarchical —   Merged clusters 38+241 → 251  (dist=0.2354, size=3)
17:57:26 [DEBUG   ] clustering.hierarchical —   Merged clusters 25+218 → 252  (dist=0.2358, size=3)
17:57:26 [DEBUG   ] clustering.hierarchical —   Merged clusters 242+243 → 253  (dist=0.2365, size=24)
17:57:26 [DEBUG   ] clustering.hierarchical —   Merged clusters 209+244 → 254  (dist=0.2374, size=5)
17:57:26 [DEBUG   ] clustering.hierarchical —   Merged clusters 247+252 → 255  (dist=0.2383, size=8)
17:57:26 [DEBUG   ] clustering.hierarchical —   Merged clusters 219+234 → 256  (dist=0.2389, size=5)
17:57:26 [DEBUG   ] clustering.hierarchical —   Merged clusters 54+77 → 257  (dist=0.2390, size=2)
17:57:26 [DEBUG   ] clustering.hierarchical —   Merged clusters 64+152 → 258  (dist=0.2395, size=2)
17:57:26 [DEBUG   ] clustering.hierarchical —   Merged clusters 228+245 → 259  (dist=0.2398, size=4)
17:57:26 [DEBUG   ] clustering.hierarchical —   Merged clusters 60+93 → 260  (dist=0.2419, size=2)
17:57:26 [DEBUG   ] clustering.hierarchical —   Merged clusters 233+248 → 261  (dist=0.2426, size=7)
17:57:26 [DEBUG   ] clustering.hierarchical —   Merged clusters 6+34 → 262  (dist=0.2461, size=2)
17:57:26 [DEBUG   ] clustering.hierarchical —   Merged clusters 130+227 → 263  (dist=0.2472, size=3)
17:57:26 [DEBUG   ] clustering.hierarchical —   Merged clusters 100+235 → 264  (dist=0.2474, size=3)
17:57:26 [DEBUG   ] clustering.hierarchical —   Merged clusters 76+255 → 265  (dist=0.2510, size=9)
17:57:26 [DEBUG   ] clustering.hierarchical —   Merged clusters 33+259 → 266  (dist=0.2516, size=5)
17:57:26 [DEBUG   ] clustering.hierarchical —   Merged clusters 22+250 → 267  (dist=0.2520, size=3)
17:57:26 [DEBUG   ] clustering.hierarchical —   Merged clusters 155+254 → 268  (dist=0.2523, size=6)
17:57:26 [DEBUG   ] clustering.hierarchical —   Merged clusters 212+253 → 269  (dist=0.2533, size=26)
17:57:26 [DEBUG   ] clustering.hierarchical —   Merged clusters 89+220 → 270  (dist=0.2534, size=5)
17:57:26 [DEBUG   ] clustering.hierarchical —   Merged clusters 91+139 → 271  (dist=0.2554, size=2)
17:57:26 [DEBUG   ] clustering.hierarchical —   Merged clusters 266+269 → 272  (dist=0.2571, size=31)
17:57:26 [DEBUG   ] clustering.hierarchical —   Merged clusters 267+270 → 273  (dist=0.2573, size=8)
17:57:26 [DEBUG   ] clustering.hierarchical —   Merged clusters 210+265 → 274  (dist=0.2574, size=11)
17:57:26 [DEBUG   ] clustering.hierarchical —   Merged clusters 179+183 → 275  (dist=0.2601, size=2)
17:57:26 [DEBUG   ] clustering.hierarchical —   Merged clusters 88+129 → 276  (dist=0.2605, size=2)
17:57:26 [DEBUG   ] clustering.hierarchical —   Merged clusters 268+274 → 277  (dist=0.2622, size=17)
17:57:26 [DEBUG   ] clustering.hierarchical —   Merged clusters 65+119 → 278  (dist=0.2625, size=2)
17:57:26 [DEBUG   ] clustering.hierarchical —   Merged clusters 39+249 → 279  (dist=0.2642, size=4)
17:57:26 [DEBUG   ] clustering.hierarchical —   Merged clusters 221+240 → 280  (dist=0.2655, size=5)
17:57:26 [DEBUG   ] clustering.hierarchical —   Merged clusters 185+256 → 281  (dist=0.2661, size=6)
17:57:26 [DEBUG   ] clustering.hierarchical —   Merged clusters 246+258 → 282  (dist=0.2682, size=4)
17:57:26 [DEBUG   ] clustering.hierarchical —   Merged clusters 261+277 → 283  (dist=0.2690, size=24)
17:57:26 [DEBUG   ] clustering.hierarchical —   Merged clusters 55+59 → 284  (dist=0.2725, size=2)
17:57:26 [DEBUG   ] clustering.hierarchical —   Merged clusters 42+273 → 285  (dist=0.2730, size=9)
17:57:26 [DEBUG   ] clustering.hierarchical —   Merged clusters 124+280 → 286  (dist=0.2738, size=6)
17:57:26 [DEBUG   ] clustering.hierarchical —   Merged clusters 57+272 → 287  (dist=0.2742, size=32)
17:57:26 [DEBUG   ] clustering.hierarchical —   Merged clusters 156+282 → 288  (dist=0.2756, size=5)
17:57:26 [DEBUG   ] clustering.hierarchical —   Merged clusters 9+287 → 289  (dist=0.2763, size=33)
17:57:26 [DEBUG   ] clustering.hierarchical —   Merged clusters 12+142 → 290  (dist=0.2767, size=2)
17:57:26 [DEBUG   ] clustering.hierarchical —   Merged clusters 260+286 → 291  (dist=0.2771, size=8)
17:57:26 [DEBUG   ] clustering.hierarchical —   Merged clusters 79+178 → 292  (dist=0.2785, size=2)
17:57:26 [DEBUG   ] clustering.hierarchical —   Merged clusters 283+288 → 293  (dist=0.2793, size=29)
17:57:26 [DEBUG   ] clustering.hierarchical —   Merged clusters 163+180 → 294  (dist=0.2818, size=2)
17:57:26 [DEBUG   ] clustering.hierarchical —   Merged clusters 186+289 → 295  (dist=0.2826, size=34)
17:57:26 [DEBUG   ] clustering.hierarchical —   Merged clusters 132+264 → 296  (dist=0.2831, size=4)
17:57:26 [DEBUG   ] clustering.hierarchical —   Merged clusters 232+263 → 297  (dist=0.2839, size=6)
17:57:26 [DEBUG   ] clustering.hierarchical —   Merged clusters 29+295 → 298  (dist=0.2852, size=35)
17:57:26 [DEBUG   ] clustering.hierarchical —   Merged clusters 51+279 → 299  (dist=0.2853, size=5)
17:57:26 [DEBUG   ] clustering.hierarchical —   Merged clusters 134+281 → 300  (dist=0.2853, size=7)
17:57:26 [DEBUG   ] clustering.hierarchical —   Merged clusters 159+164 → 301  (dist=0.2859, size=2)
17:57:26 [DEBUG   ] clustering.hierarchical —   Merged clusters 117+298 → 302  (dist=0.2860, size=36)
17:57:26 [DEBUG   ] clustering.hierarchical —   Merged clusters 78+184 → 303  (dist=0.2864, size=2)
17:57:26 [DEBUG   ] clustering.hierarchical —   Merged clusters 285+297 → 304  (dist=0.2877, size=15)
17:57:26 [DEBUG   ] clustering.hierarchical —   Merged clusters 74+123 → 305  (dist=0.2878, size=2)
17:57:26 [DEBUG   ] clustering.hierarchical —   Merged clusters 70+291 → 306  (dist=0.2891, size=9)
17:57:26 [DEBUG   ] clustering.hierarchical —   Merged clusters 237+257 → 307  (dist=0.2894, size=4)
17:57:26 [DEBUG   ] clustering.hierarchical —   Merged clusters 44+62 → 308  (dist=0.2898, size=2)
17:57:26 [DEBUG   ] clustering.hierarchical —   Merged clusters 293+296 → 309  (dist=0.2916, size=33)
17:57:26 [DEBUG   ] clustering.hierarchical —   Merged clusters 190+290 → 310  (dist=0.2929, size=3)
17:57:26 [DEBUG   ] clustering.hierarchical —   Merged clusters 128+302 → 311  (dist=0.2944, size=37)
17:57:26 [DEBUG   ] clustering.hierarchical —   Merged clusters 71+306 → 312  (dist=0.2961, size=10)
17:57:26 [DEBUG   ] clustering.hierarchical —   Merged clusters 299+305 → 313  (dist=0.2962, size=7)
17:57:26 [DEBUG   ] clustering.hierarchical —   Merged clusters 271+309 → 314  (dist=0.2965, size=35)
17:57:26 [DEBUG   ] clustering.hierarchical —   Merged clusters 311+314 → 315  (dist=0.2974, size=72)
17:57:26 [DEBUG   ] clustering.hierarchical —   Merged clusters 104+149 → 316  (dist=0.2980, size=2)
17:57:26 [DEBUG   ] clustering.hierarchical —   Merged clusters 307+308 → 317  (dist=0.2985, size=6)
17:57:26 [DEBUG   ] clustering.hierarchical —   Merged clusters 275+276 → 318  (dist=0.3020, size=4)
17:57:26 [DEBUG   ] clustering.hierarchical —   Merged clusters 251+312 → 319  (dist=0.3034, size=13)
17:57:26 [DEBUG   ] clustering.hierarchical —   Merged clusters 37+292 → 320  (dist=0.3047, size=3)
17:57:26 [DEBUG   ] clustering.hierarchical —   Merged clusters 72+92 → 321  (dist=0.3056, size=2)
17:57:26 [DEBUG   ] clustering.hierarchical —   Merged clusters 0+24 → 322  (dist=0.3060, size=2)
17:57:26 [DEBUG   ] clustering.hierarchical —   Merged clusters 8+31 → 323  (dist=0.3073, size=2)
17:57:26 [DEBUG   ] clustering.hierarchical —   Merged clusters 304+319 → 324  (dist=0.3094, size=28)
17:57:26 [DEBUG   ] clustering.hierarchical —   Merged clusters 284+316 → 325  (dist=0.3101, size=4)
17:57:26 [DEBUG   ] clustering.hierarchical —   Merged clusters 301+315 → 326  (dist=0.3126, size=74)
17:57:26 [DEBUG   ] clustering.hierarchical —   Merged clusters 137+320 → 327  (dist=0.3144, size=4)
17:57:26 [DEBUG   ] clustering.hierarchical —   Merged clusters 322+326 → 328  (dist=0.3153, size=76)
17:57:26 [DEBUG   ] clustering.hierarchical —   Merged clusters 300+303 → 329  (dist=0.3155, size=9)
17:57:26 [DEBUG   ] clustering.hierarchical —   Merged clusters 182+310 → 330  (dist=0.3161, size=4)
17:57:26 [DEBUG   ] clustering.hierarchical —   Merged clusters 324+328 → 331  (dist=0.3165, size=104)
17:57:26 [DEBUG   ] clustering.hierarchical —   Merged clusters 105+321 → 332  (dist=0.3234, size=3)
17:57:26 [DEBUG   ] clustering.hierarchical —   Merged clusters 317+329 → 333  (dist=0.3245, size=15)
17:57:26 [DEBUG   ] clustering.hierarchical —   Merged clusters 61+85 → 334  (dist=0.3270, size=2)
17:57:26 [DEBUG   ] clustering.hierarchical —   Merged clusters 278+327 → 335  (dist=0.3277, size=6)
17:57:26 [DEBUG   ] clustering.hierarchical —   Merged clusters 83+141 → 336  (dist=0.3292, size=2)
17:57:26 [DEBUG   ] clustering.hierarchical —   Merged clusters 294+330 → 337  (dist=0.3307, size=6)
17:57:26 [DEBUG   ] clustering.hierarchical —   Merged clusters 3+148 → 338  (dist=0.3319, size=2)
17:57:26 [DEBUG   ] clustering.hierarchical —   Merged clusters 331+333 → 339  (dist=0.3342, size=119)
17:57:26 [DEBUG   ] clustering.hierarchical —   Merged clusters 41+313 → 340  (dist=0.3369, size=8)
17:57:26 [DEBUG   ] clustering.hierarchical —   Merged clusters 26+339 → 341  (dist=0.3396, size=120)
17:57:26 [DEBUG   ] clustering.hierarchical —   Merged clusters 125+135 → 342  (dist=0.3399, size=2)
17:57:26 [DEBUG   ] clustering.hierarchical —   Merged clusters 318+341 → 343  (dist=0.3407, size=124)
17:57:26 [DEBUG   ] clustering.hierarchical —   Merged clusters 23+262 → 344  (dist=0.3408, size=3)
17:57:26 [DEBUG   ] clustering.hierarchical —   Merged clusters 112+338 → 345  (dist=0.3413, size=3)
17:57:26 [DEBUG   ] clustering.hierarchical —   Merged clusters 176+343 → 346  (dist=0.3425, size=125)
17:57:26 [DEBUG   ] clustering.hierarchical —   Merged clusters 35+335 → 347  (dist=0.3440, size=7)
17:57:26 [DEBUG   ] clustering.hierarchical —   Merged clusters 97+332 → 348  (dist=0.3443, size=4)
17:57:26 [DEBUG   ] clustering.hierarchical —   Merged clusters 340+346 → 349  (dist=0.3470, size=133)
17:57:26 [DEBUG   ] clustering.hierarchical —   Merged clusters 161+165 → 350  (dist=0.3477, size=2)
17:57:26 [DEBUG   ] clustering.hierarchical —   Merged clusters 348+349 → 351  (dist=0.3505, size=137)
17:57:26 [DEBUG   ] clustering.hierarchical —   Merged clusters 189+351 → 352  (dist=0.3512, size=138)
17:57:26 [DEBUG   ] clustering.hierarchical —   Merged clusters 81+336 → 353  (dist=0.3542, size=3)
17:57:26 [DEBUG   ] clustering.hierarchical —   Merged clusters 350+352 → 354  (dist=0.3548, size=140)
17:57:26 [DEBUG   ] clustering.hierarchical —   Merged clusters 166+347 → 355  (dist=0.3565, size=8)
17:57:26 [DEBUG   ] clustering.hierarchical —   Merged clusters 103+337 → 356  (dist=0.3568, size=7)
17:57:26 [DEBUG   ] clustering.hierarchical —   Merged clusters 171+325 → 357  (dist=0.3571, size=5)
17:57:26 [DEBUG   ] clustering.hierarchical —   Merged clusters 160+192 → 358  (dist=0.3580, size=2)
17:57:26 [DEBUG   ] clustering.hierarchical —   Merged clusters 122+354 → 359  (dist=0.3628, size=141)
17:57:26 [DEBUG   ] clustering.hierarchical —   Merged clusters 96+359 → 360  (dist=0.3675, size=142)
17:57:26 [DEBUG   ] clustering.hierarchical —   Merged clusters 355+360 → 361  (dist=0.3690, size=150)
17:57:26 [DEBUG   ] clustering.hierarchical —   Merged clusters 162+353 → 362  (dist=0.3701, size=4)
17:57:26 [DEBUG   ] clustering.hierarchical —   Merged clusters 334+344 → 363  (dist=0.3729, size=5)
17:57:26 [DEBUG   ] clustering.hierarchical —   Merged clusters 357+361 → 364  (dist=0.3754, size=155)
17:57:26 [DEBUG   ] clustering.hierarchical —   Merged clusters 21+356 → 365  (dist=0.3756, size=8)
17:57:26 [DEBUG   ] clustering.hierarchical —   Merged clusters 98+345 → 366  (dist=0.3768, size=4)
17:57:26 [DEBUG   ] clustering.hierarchical —   Merged clusters 45+364 → 367  (dist=0.3825, size=156)
17:57:26 [DEBUG   ] clustering.hierarchical —   Merged clusters 362+367 → 368  (dist=0.3830, size=160)
17:57:26 [DEBUG   ] clustering.hierarchical —   Merged clusters 140+365 → 369  (dist=0.3846, size=9)
17:57:26 [DEBUG   ] clustering.hierarchical —   Merged clusters 323+363 → 370  (dist=0.3847, size=7)
17:57:26 [DEBUG   ] clustering.hierarchical —   Merged clusters 58+368 → 371  (dist=0.3858, size=161)
17:57:26 [DEBUG   ] clustering.hierarchical —   Merged clusters 369+371 → 372  (dist=0.3868, size=170)
17:57:26 [DEBUG   ] clustering.hierarchical —   Merged clusters 366+372 → 373  (dist=0.3914, size=174)
17:57:26 [DEBUG   ] clustering.hierarchical —   Merged clusters 118+342 → 374  (dist=0.3935, size=3)
17:57:26 [DEBUG   ] clustering.hierarchical —   Merged clusters 147+373 → 375  (dist=0.3941, size=175)
17:57:26 [DEBUG   ] clustering.hierarchical —   Merged clusters 374+375 → 376  (dist=0.4100, size=178)
17:57:26 [DEBUG   ] clustering.hierarchical —   Merged clusters 370+376 → 377  (dist=0.4155, size=185)
17:57:26 [DEBUG   ] clustering.hierarchical —   Merged clusters 73+377 → 378  (dist=0.4218, size=186)
17:57:26 [INFO    ] clustering.hierarchical — HAC complete.  Inertia=53.3389
17:57:26 [INFO    ] clustering.evaluation — Computing evaluation metrics for hierarchical result…
17:57:26 [INFO    ] clustering.evaluation — Evaluation complete.  silhouette=0.1497  inertia=53.3389
17:57:26 [INFO    ] clustering.pipeline — run('hierarchical', k=7) finished in 0.99s  inertia=53.3389  silhouette=0.1497
17:57:26 [INFO    ] clustering.models — ClusterResult saved -> output/clustering\kmedoids_k7.json
17:57:26 [INFO    ] clustering.models — ClusterResult saved -> output/clustering\hierarchical_k7.json
18:16:45 [INFO    ] werkzeug — [31m[1mWARNING: This is a development server. Do not use it in a production deployment. Use a production WSGI server instead.[0m
 * Running on http://127.0.0.1:5000
18:16:45 [INFO    ] werkzeug — [33mPress CTRL+C to quit[0m
18:16:50 [INFO    ] werkzeug — 127.0.0.1 - - [18/May/2026 18:16:50] "GET /api/status HTTP/1.1" 200 -
18:17:00 [INFO    ] werkzeug — 127.0.0.1 - - [18/May/2026 18:17:00] "GET /api/countries HTTP/1.1" 200 -
18:17:09 [INFO    ] werkzeug — 127.0.0.1 - - [18/May/2026 18:17:09] "GET /api/countries HTTP/1.1" 200 -
18:17:17 [INFO    ] werkzeug — 127.0.0.1 - - [18/May/2026 18:17:17] "GET / HTTP/1.1" 200 -
18:17:35 [INFO    ] werkzeug — 127.0.0.1 - - [18/May/2026 18:17:35] "GET /api/results HTTP/1.1" 200 -
18:18:47 [INFO    ] werkzeug — 127.0.0.1 - - [18/May/2026 18:18:47] "GET / HTTP/1.1" 200 -
18:18:47 [INFO    ] werkzeug — 127.0.0.1 - - [18/May/2026 18:18:47] "GET /static/css/main.css HTTP/1.1" 200 -
18:18:47 [INFO    ] werkzeug — 127.0.0.1 - - [18/May/2026 18:18:47] "GET /static/js/api.js HTTP/1.1" 200 -
18:18:47 [INFO    ] werkzeug — 127.0.0.1 - - [18/May/2026 18:18:47] "GET /static/js/charts/clustermap.js HTTP/1.1" 200 -
18:18:47 [INFO    ] werkzeug — 127.0.0.1 - - [18/May/2026 18:18:47] "GET /static/js/charts/dendrogram.js HTTP/1.1" 200 -
18:18:47 [INFO    ] werkzeug — 127.0.0.1 - - [18/May/2026 18:18:47] "GET /static/js/app.js HTTP/1.1" 200 -
18:18:47 [INFO    ] werkzeug — 127.0.0.1 - - [18/May/2026 18:18:47] "GET /static/js/charts/heatmap.js HTTP/1.1" 200 -
18:18:51 [INFO    ] werkzeug — 127.0.0.1 - - [18/May/2026 18:18:51] "GET /api/status HTTP/1.1" 200 -
18:18:51 [INFO    ] werkzeug — 127.0.0.1 - - [18/May/2026 18:18:51] "[33mGET /favicon.ico HTTP/1.1[0m" 404 -
18:18:51 [INFO    ] werkzeug — 127.0.0.1 - - [18/May/2026 18:18:51] "GET /api/countries HTTP/1.1" 200 -
18:18:51 [INFO    ] werkzeug — 127.0.0.1 - - [18/May/2026 18:18:51] "GET /api/results HTTP/1.1" 200 -
18:18:59 [INFO    ] werkzeug — 127.0.0.1 - - [18/May/2026 18:18:59] "GET /api/results HTTP/1.1" 200 -
18:18:59 [INFO    ] werkzeug — 127.0.0.1 - - [18/May/2026 18:18:59] "GET /api/status HTTP/1.1" 200 -
18:19:07 [INFO    ] werkzeug — 127.0.0.1 - - [18/May/2026 18:19:07] "GET /api/status HTTP/1.1" 200 -
18:19:15 [INFO    ] werkzeug — 127.0.0.1 - - [18/May/2026 18:19:15] "GET /api/status HTTP/1.1" 200 -
18:19:23 [INFO    ] werkzeug — 127.0.0.1 - - [18/May/2026 18:19:23] "GET /api/status HTTP/1.1" 200 -
18:19:32 [INFO    ] werkzeug — 127.0.0.1 - - [18/May/2026 18:19:32] "GET /api/status HTTP/1.1" 200 -
18:19:40 [INFO    ] werkzeug — 127.0.0.1 - - [18/May/2026 18:19:40] "GET /api/status HTTP/1.1" 200 -
18:19:47 [INFO    ] werkzeug — 127.0.0.1 - - [18/May/2026 18:19:47] "GET /api/status HTTP/1.1" 200 -
18:19:55 [INFO    ] werkzeug — 127.0.0.1 - - [18/May/2026 18:19:55] "GET /api/status HTTP/1.1" 200 -
18:20:04 [INFO    ] werkzeug — 127.0.0.1 - - [18/May/2026 18:20:04] "GET /api/status HTTP/1.1" 200 -
18:20:11 [INFO    ] werkzeug — 127.0.0.1 - - [18/May/2026 18:20:11] "GET /api/status HTTP/1.1" 200 -
18:20:19 [INFO    ] werkzeug — 127.0.0.1 - - [18/May/2026 18:20:19] "GET /api/status HTTP/1.1" 200 -
18:20:27 [INFO    ] werkzeug — 127.0.0.1 - - [18/May/2026 18:20:27] "GET /api/status HTTP/1.1" 200 -
18:20:35 [INFO    ] werkzeug — 127.0.0.1 - - [18/May/2026 18:20:35] "GET /api/status HTTP/1.1" 200 -
18:20:43 [INFO    ] werkzeug — 127.0.0.1 - - [18/May/2026 18:20:43] "GET /api/status HTTP/1.1" 200 -
18:20:51 [INFO    ] werkzeug — 127.0.0.1 - - [18/May/2026 18:20:51] "GET /api/status HTTP/1.1" 200 -
18:20:59 [INFO    ] werkzeug — 127.0.0.1 - - [18/May/2026 18:20:59] "GET /api/status HTTP/1.1" 200 -
18:21:07 [INFO    ] werkzeug — 127.0.0.1 - - [18/May/2026 18:21:07] "GET /api/status HTTP/1.1" 200 -
18:21:15 [INFO    ] werkzeug — 127.0.0.1 - - [18/May/2026 18:21:15] "GET /api/status HTTP/1.1" 200 -
18:21:23 [INFO    ] werkzeug — 127.0.0.1 - - [18/May/2026 18:21:23] "GET /api/status HTTP/1.1" 200 -
18:21:31 [INFO    ] werkzeug — 127.0.0.1 - - [18/May/2026 18:21:31] "GET /api/status HTTP/1.1" 200 -
18:21:35 [INFO    ] werkzeug — 127.0.0.1 - - [18/May/2026 18:21:35] "POST /api/matrix/start HTTP/1.1" 200 -
18:21:35 [INFO    ] clustering.distance_matrix — Loaded 7 country trees from 'C:\\Users\\User\\Desktop\\IDPA PROJECT_V2\\IDPA-PROJECT-2\\preprocessed_trees'
18:21:35 [INFO    ] clustering.pipeline — 7 trees loaded.
18:21:35 [INFO    ] clustering.distance_matrix — Loading cached distance matrix from 'C:\\Users\\User\\Desktop\\IDPA PROJECT_V2\\IDPA-PROJECT-2\\output\\clustering\\distance_matrix.json'
18:21:35 [INFO    ] clustering.models — Distance matrix loaded <- C:\Users\User\Desktop\IDPA PROJECT_V2\IDPA-PROJECT-2\output\clustering\distance_matrix.json  (193x193)
18:21:35 [WARNING ] clustering.distance_matrix — Cached matrix labels differ from loaded trees — recomputing.
18:21:35 [INFO    ] clustering.distance_matrix — Computing semantic distance matrix for 7 documents (21 pairs)…
18:21:35 [INFO    ] clustering.distance_matrix — Pre-normalizing trees…
18:21:36 [INFO    ] clustering.distance_matrix — Matrix stats: {'n': 7, 'pairs': 21, 'min': 0.198585, 'max': 0.489278, 'mean': 0.401761, 'std': 0.070617}
18:21:36 [INFO    ] clustering.models — Distance matrix saved -> C:\Users\User\Desktop\IDPA PROJECT_V2\IDPA-PROJECT-2\output\clustering\distance_matrix.json  (7x7)
18:21:36 [INFO    ] werkzeug — 127.0.0.1 - - [18/May/2026 18:21:36] "GET /api/job/8a2fbc25 HTTP/1.1" 200 -
18:21:36 [INFO    ] werkzeug — 127.0.0.1 - - [18/May/2026 18:21:36] "GET /api/status HTTP/1.1" 200 -
18:21:37 [INFO    ] werkzeug — 127.0.0.1 - - [18/May/2026 18:21:37] "GET /api/matrix HTTP/1.1" 200 -
18:21:39 [INFO    ] werkzeug — 127.0.0.1 - - [18/May/2026 18:21:39] "GET /api/status HTTP/1.1" 200 -
18:21:47 [INFO    ] werkzeug — 127.0.0.1 - - [18/May/2026 18:21:47] "GET /api/status HTTP/1.1" 200 -
18:21:48 [INFO    ] werkzeug — 127.0.0.1 - - [18/May/2026 18:21:48] "GET /api/results HTTP/1.1" 200 -
18:21:55 [INFO    ] werkzeug — 127.0.0.1 - - [18/May/2026 18:21:55] "GET /api/status HTTP/1.1" 200 -
18:21:55 [INFO    ] werkzeug — 127.0.0.1 - - [18/May/2026 18:21:55] "GET /api/results HTTP/1.1" 200 -
18:22:03 [INFO    ] werkzeug — 127.0.0.1 - - [18/May/2026 18:22:03] "GET /api/status HTTP/1.1" 200 -
18:22:07 [INFO    ] werkzeug — 127.0.0.1 - - [18/May/2026 18:22:07] "POST /api/matrix/start HTTP/1.1" 200 -
18:22:07 [INFO    ] clustering.distance_matrix — Loaded 7 country trees from 'C:\\Users\\User\\Desktop\\IDPA PROJECT_V2\\IDPA-PROJECT-2\\preprocessed_trees'
18:22:07 [INFO    ] clustering.pipeline — 7 trees loaded.
18:22:07 [INFO    ] clustering.distance_matrix — Loading cached distance matrix from 'C:\\Users\\User\\Desktop\\IDPA PROJECT_V2\\IDPA-PROJECT-2\\output\\clustering\\distance_matrix.json'
18:22:07 [INFO    ] clustering.models — Distance matrix loaded <- C:\Users\User\Desktop\IDPA PROJECT_V2\IDPA-PROJECT-2\output\clustering\distance_matrix.json  (7x7)
18:22:08 [INFO    ] werkzeug — 127.0.0.1 - - [18/May/2026 18:22:08] "GET /api/job/cc668d38 HTTP/1.1" 200 -
18:22:08 [INFO    ] werkzeug — 127.0.0.1 - - [18/May/2026 18:22:08] "GET /api/status HTTP/1.1" 200 -
18:22:09 [INFO    ] werkzeug — 127.0.0.1 - - [18/May/2026 18:22:09] "GET /api/matrix HTTP/1.1" 200 -
18:22:11 [INFO    ] werkzeug — 127.0.0.1 - - [18/May/2026 18:22:11] "GET /api/status HTTP/1.1" 200 -
18:22:16 [INFO    ] werkzeug — 127.0.0.1 - - [18/May/2026 18:22:16] "GET /api/results HTTP/1.1" 200 -
18:22:19 [INFO    ] werkzeug — 127.0.0.1 - - [18/May/2026 18:22:19] "GET /api/status HTTP/1.1" 200 -
18:22:27 [INFO    ] werkzeug — 127.0.0.1 - - [18/May/2026 18:22:27] "GET /api/status HTTP/1.1" 200 -
18:22:35 [INFO    ] werkzeug — 127.0.0.1 - - [18/May/2026 18:22:35] "GET /api/status HTTP/1.1" 200 -
18:22:43 [INFO    ] werkzeug — 127.0.0.1 - - [18/May/2026 18:22:43] "GET /api/status HTTP/1.1" 200 -
18:22:44 [INFO    ] clustering.hierarchical — HAC: n=7, k=3, linkage=average
18:22:44 [DEBUG   ] clustering.hierarchical —   Merged clusters 4+6 → 7  (dist=0.1986, size=2)
18:22:44 [DEBUG   ] clustering.hierarchical —   Merged clusters 1+7 → 8  (dist=0.3190, size=3)
18:22:44 [DEBUG   ] clustering.hierarchical —   Merged clusters 0+8 → 9  (dist=0.3607, size=4)
18:22:44 [DEBUG   ] clustering.hierarchical —   Merged clusters 2+3 → 10  (dist=0.3995, size=2)
18:22:44 [INFO    ] clustering.hierarchical — HAC complete.  Inertia=1.2675
18:22:44 [INFO    ] clustering.evaluation — Computing evaluation metrics for hierarchical result…
18:22:44 [INFO    ] clustering.evaluation — Evaluation complete.  silhouette=0.1496  inertia=1.2675
18:22:44 [INFO    ] clustering.pipeline — run('hierarchical', k=3) finished in 0.00s  inertia=1.2675  silhouette=0.1496
18:22:44 [INFO    ] clustering.models — ClusterResult saved -> C:\Users\User\Desktop\IDPA PROJECT_V2\IDPA-PROJECT-2\output\clustering\hierarchical_k3.json
18:22:44 [INFO    ] werkzeug — 127.0.0.1 - - [18/May/2026 18:22:44] "POST /api/cluster HTTP/1.1" 200 -
18:22:44 [INFO    ] werkzeug — 127.0.0.1 - - [18/May/2026 18:22:44] "GET /api/results HTTP/1.1" 200 -
18:22:45 [INFO    ] werkzeug — 127.0.0.1 - - [18/May/2026 18:22:45] "GET /api/result/hierarchical_k3.json HTTP/1.1" 200 -
18:22:45 [INFO    ] werkzeug — 127.0.0.1 - - [18/May/2026 18:22:45] "GET /api/results HTTP/1.1" 200 -
18:22:51 [INFO    ] werkzeug — 127.0.0.1 - - [18/May/2026 18:22:51] "GET /api/status HTTP/1.1" 200 -
18:22:59 [INFO    ] werkzeug — 127.0.0.1 - - [18/May/2026 18:22:59] "GET /api/status HTTP/1.1" 200 -
18:23:07 [INFO    ] werkzeug — 127.0.0.1 - - [18/May/2026 18:23:07] "GET /api/results HTTP/1.1" 200 -
18:23:07 [INFO    ] werkzeug — 127.0.0.1 - - [18/May/2026 18:23:07] "GET /api/status HTTP/1.1" 200 -
18:23:15 [INFO    ] werkzeug — 127.0.0.1 - - [18/May/2026 18:23:15] "GET /api/status HTTP/1.1" 200 -
18:23:23 [INFO    ] werkzeug — 127.0.0.1 - - [18/May/2026 18:23:23] "GET /api/status HTTP/1.1" 200 -
18:23:31 [INFO    ] werkzeug — 127.0.0.1 - - [18/May/2026 18:23:31] "GET /api/status HTTP/1.1" 200 -
18:23:39 [INFO    ] werkzeug — 127.0.0.1 - - [18/May/2026 18:23:39] "GET /api/status HTTP/1.1" 200 -
18:23:47 [INFO    ] werkzeug — 127.0.0.1 - - [18/May/2026 18:23:47] "GET /api/status HTTP/1.1" 200 -
18:23:56 [INFO    ] werkzeug — 127.0.0.1 - - [18/May/2026 18:23:56] "GET /api/status HTTP/1.1" 200 -
18:24:04 [INFO    ] werkzeug — 127.0.0.1 - - [18/May/2026 18:24:04] "GET /api/status HTTP/1.1" 200 -
18:24:12 [INFO    ] werkzeug — 127.0.0.1 - - [18/May/2026 18:24:12] "GET /api/status HTTP/1.1" 200 -
18:24:19 [INFO    ] werkzeug — 127.0.0.1 - - [18/May/2026 18:24:19] "GET /api/status HTTP/1.1" 200 -
18:24:28 [INFO    ] werkzeug — 127.0.0.1 - - [18/May/2026 18:24:28] "GET /api/status HTTP/1.1" 200 -
18:24:36 [INFO    ] werkzeug — 127.0.0.1 - - [18/May/2026 18:24:36] "GET /api/status HTTP/1.1" 200 -
18:24:44 [INFO    ] werkzeug — 127.0.0.1 - - [18/May/2026 18:24:44] "GET /api/status HTTP/1.1" 200 -
18:24:52 [INFO    ] werkzeug — 127.0.0.1 - - [18/May/2026 18:24:52] "GET /api/status HTTP/1.1" 200 -
18:25:00 [INFO    ] werkzeug — 127.0.0.1 - - [18/May/2026 18:25:00] "GET /api/status HTTP/1.1" 200 -
18:25:08 [INFO    ] werkzeug — 127.0.0.1 - - [18/May/2026 18:25:08] "GET /api/status HTTP/1.1" 200 -
18:25:16 [INFO    ] werkzeug — 127.0.0.1 - - [18/May/2026 18:25:16] "GET /api/status HTTP/1.1" 200 -
18:25:23 [INFO    ] werkzeug — 127.0.0.1 - - [18/May/2026 18:25:23] "GET /api/status HTTP/1.1" 200 -
18:25:32 [INFO    ] werkzeug — 127.0.0.1 - - [18/May/2026 18:25:32] "GET /api/status HTTP/1.1" 200 -
18:25:40 [INFO    ] werkzeug — 127.0.0.1 - - [18/May/2026 18:25:40] "GET /api/status HTTP/1.1" 200 -
18:25:48 [INFO    ] werkzeug — 127.0.0.1 - - [18/May/2026 18:25:48] "GET /api/status HTTP/1.1" 200 -
18:25:56 [INFO    ] werkzeug — 127.0.0.1 - - [18/May/2026 18:25:56] "GET /api/status HTTP/1.1" 200 -
18:26:03 [INFO    ] werkzeug — 127.0.0.1 - - [18/May/2026 18:26:03] "GET /api/status HTTP/1.1" 200 -
18:26:11 [INFO    ] werkzeug — 127.0.0.1 - - [18/May/2026 18:26:11] "GET /api/status HTTP/1.1" 200 -
18:26:19 [INFO    ] werkzeug — 127.0.0.1 - - [18/May/2026 18:26:19] "GET /api/status HTTP/1.1" 200 -
18:26:28 [INFO    ] werkzeug — 127.0.0.1 - - [18/May/2026 18:26:28] "GET /api/status HTTP/1.1" 200 -
18:26:36 [INFO    ] werkzeug — 127.0.0.1 - - [18/May/2026 18:26:36] "GET /api/status HTTP/1.1" 200 -
18:26:44 [INFO    ] werkzeug — 127.0.0.1 - - [18/May/2026 18:26:44] "GET /api/status HTTP/1.1" 200 -
18:26:51 [INFO    ] werkzeug — 127.0.0.1 - - [18/May/2026 18:26:51] "GET /api/status HTTP/1.1" 200 -
18:26:59 [INFO    ] werkzeug — 127.0.0.1 - - [18/May/2026 18:26:59] "GET /api/status HTTP/1.1" 200 -
18:27:07 [INFO    ] werkzeug — 127.0.0.1 - - [18/May/2026 18:27:07] "GET /api/status HTTP/1.1" 200 -
18:27:12 [INFO    ] werkzeug — 127.0.0.1 - - [18/May/2026 18:27:12] "GET /api/results HTTP/1.1" 200 -
18:27:15 [INFO    ] werkzeug — 127.0.0.1 - - [18/May/2026 18:27:15] "GET /api/status HTTP/1.1" 200 -
18:27:23 [INFO    ] werkzeug — 127.0.0.1 - - [18/May/2026 18:27:23] "GET /api/status HTTP/1.1" 200 -
18:27:31 [INFO    ] werkzeug — 127.0.0.1 - - [18/May/2026 18:27:31] "GET /api/status HTTP/1.1" 200 -
18:27:40 [INFO    ] werkzeug — 127.0.0.1 - - [18/May/2026 18:27:40] "GET /api/status HTTP/1.1" 200 -
18:27:48 [INFO    ] werkzeug — 127.0.0.1 - - [18/May/2026 18:27:48] "GET /api/status HTTP/1.1" 200 -
18:27:56 [INFO    ] werkzeug — 127.0.0.1 - - [18/May/2026 18:27:56] "GET /api/status HTTP/1.1" 200 -
18:28:04 [INFO    ] werkzeug — 127.0.0.1 - - [18/May/2026 18:28:04] "GET /api/status HTTP/1.1" 200 -
18:28:12 [INFO    ] werkzeug — 127.0.0.1 - - [18/May/2026 18:28:12] "GET /api/status HTTP/1.1" 200 -
18:28:20 [INFO    ] werkzeug — 127.0.0.1 - - [18/May/2026 18:28:20] "GET /api/status HTTP/1.1" 200 -
18:28:28 [INFO    ] werkzeug — 127.0.0.1 - - [18/May/2026 18:28:28] "GET /api/status HTTP/1.1" 200 -
18:28:36 [INFO    ] werkzeug — 127.0.0.1 - - [18/May/2026 18:28:36] "GET /api/status HTTP/1.1" 200 -
18:28:43 [INFO    ] werkzeug — 127.0.0.1 - - [18/May/2026 18:28:43] "GET /api/status HTTP/1.1" 200 -
18:28:52 [INFO    ] werkzeug — 127.0.0.1 - - [18/May/2026 18:28:52] "GET /api/status HTTP/1.1" 200 -
18:28:59 [INFO    ] werkzeug — 127.0.0.1 - - [18/May/2026 18:28:59] "GET /api/status HTTP/1.1" 200 -
18:29:00 [INFO    ] werkzeug — 127.0.0.1 - - [18/May/2026 18:29:00] "GET /api/results HTTP/1.1" 200 -
18:29:08 [INFO    ] werkzeug — 127.0.0.1 - - [18/May/2026 18:29:08] "GET /api/status HTTP/1.1" 200 -
18:29:16 [INFO    ] werkzeug — 127.0.0.1 - - [18/May/2026 18:29:16] "GET /api/status HTTP/1.1" 200 -
18:29:24 [INFO    ] werkzeug — 127.0.0.1 - - [18/May/2026 18:29:24] "GET /api/status HTTP/1.1" 200 -
18:29:32 [INFO    ] werkzeug — 127.0.0.1 - - [18/May/2026 18:29:32] "GET /api/status HTTP/1.1" 200 -
18:29:40 [INFO    ] werkzeug — 127.0.0.1 - - [18/May/2026 18:29:40] "GET /api/status HTTP/1.1" 200 -
18:29:48 [INFO    ] werkzeug — 127.0.0.1 - - [18/May/2026 18:29:48] "GET /api/status HTTP/1.1" 200 -
18:29:56 [INFO    ] werkzeug — 127.0.0.1 - - [18/May/2026 18:29:56] "GET /api/status HTTP/1.1" 200 -
18:30:04 [INFO    ] werkzeug — 127.0.0.1 - - [18/May/2026 18:30:04] "GET /api/status HTTP/1.1" 200 -
18:30:30 [INFO    ] werkzeug — 127.0.0.1 - - [18/May/2026 18:30:30] "GET /api/status HTTP/1.1" 200 -
18:31:30 [INFO    ] werkzeug — 127.0.0.1 - - [18/May/2026 18:31:30] "GET /api/status HTTP/1.1" 200 -
18:32:30 [INFO    ] werkzeug — 127.0.0.1 - - [18/May/2026 18:32:30] "GET /api/status HTTP/1.1" 200 -
18:33:30 [INFO    ] werkzeug — 127.0.0.1 - - [18/May/2026 18:33:30] "GET /api/status HTTP/1.1" 200 -
18:33:41 [INFO    ] werkzeug — 127.0.0.1 - - [18/May/2026 18:33:41] "GET /api/countries HTTP/1.1" 200 -
18:33:58 [INFO    ] werkzeug — [31m[1mWARNING: This is a development server. Do not use it in a production deployment. Use a production WSGI server instead.[0m
 * Running on http://127.0.0.1:5000
18:33:58 [INFO    ] werkzeug — [33mPress CTRL+C to quit[0m
18:34:03 [INFO    ] werkzeug — 127.0.0.1 - - [18/May/2026 18:34:03] "GET /api/countries HTTP/1.1" 200 -
18:34:30 [INFO    ] werkzeug — 127.0.0.1 - - [18/May/2026 18:34:30] "GET /api/status HTTP/1.1" 200 -
18:35:30 [INFO    ] werkzeug — 127.0.0.1 - - [18/May/2026 18:35:30] "GET /api/status HTTP/1.1" 200 -
18:36:30 [INFO    ] werkzeug — 127.0.0.1 - - [18/May/2026 18:36:30] "GET /api/status HTTP/1.1" 200 -
18:37:30 [INFO    ] werkzeug — 127.0.0.1 - - [18/May/2026 18:37:30] "GET /api/status HTTP/1.1" 200 -
18:38:30 [INFO    ] werkzeug — 127.0.0.1 - - [18/May/2026 18:38:30] "GET /api/status HTTP/1.1" 200 -
18:39:30 [INFO    ] werkzeug — 127.0.0.1 - - [18/May/2026 18:39:30] "GET /api/status HTTP/1.1" 200 -
18:40:08 [INFO    ] werkzeug — [31m[1mWARNING: This is a development server. Do not use it in a production deployment. Use a production WSGI server instead.[0m
 * Running on http://127.0.0.1:5000
18:40:08 [INFO    ] werkzeug — [33mPress CTRL+C to quit[0m
18:40:30 [INFO    ] werkzeug — 127.0.0.1 - - [18/May/2026 18:40:30] "GET /api/status HTTP/1.1" 200 -
18:40:31 [INFO    ] werkzeug — 127.0.0.1 - - [18/May/2026 18:40:31] "GET /api/countries HTTP/1.1" 200 -
18:40:31 [INFO    ] werkzeug — 127.0.0.1 - - [18/May/2026 18:40:31] "GET /api/results HTTP/1.1" 200 -
18:40:31 [INFO    ] werkzeug — 127.0.0.1 - - [18/May/2026 18:40:31] "GET /api/result/hierarchical_k5_demo.json HTTP/1.1" 200 -
18:40:31 [INFO    ] clustering.models — Distance matrix loaded <- C:\Users\User\Desktop\IDPA PROJECT_V2\IDPA-PROJECT-2\output\clustering\distance_matrix.json  (7x7)
18:40:31 [INFO    ] werkzeug — 127.0.0.1 - - [18/May/2026 18:40:31] "GET /api/matrix HTTP/1.1" 200 -
18:41:30 [INFO    ] werkzeug — 127.0.0.1 - - [18/May/2026 18:41:30] "GET /api/status HTTP/1.1" 200 -
18:42:30 [INFO    ] werkzeug — 127.0.0.1 - - [18/May/2026 18:42:30] "GET /api/status HTTP/1.1" 200 -
18:42:41 [INFO    ] werkzeug — [31m[1mWARNING: This is a development server. Do not use it in a production deployment. Use a production WSGI server instead.[0m
 * Running on http://127.0.0.1:5000
18:42:41 [INFO    ] werkzeug — [33mPress CTRL+C to quit[0m
18:42:45 [INFO    ] werkzeug — 127.0.0.1 - - [18/May/2026 18:42:45] "GET /api/matrix?n=7 HTTP/1.1" 200 -
18:42:46 [INFO    ] werkzeug — 127.0.0.1 - - [18/May/2026 18:42:46] "GET /api/matrix?n=23 HTTP/1.1" 200 -
18:43:02 [INFO    ] werkzeug — 127.0.0.1 - - [18/May/2026 18:43:02] "GET /api/result/hierarchical_k5_demo.json HTTP/1.1" 200 -
18:43:02 [INFO    ] werkzeug — 127.0.0.1 - - [18/May/2026 18:43:02] "GET /api/matrix?n=23 HTTP/1.1" 200 -
18:43:21 [INFO    ] werkzeug — 127.0.0.1 - - [18/May/2026 18:43:21] "GET / HTTP/1.1" 200 -
18:43:21 [INFO    ] werkzeug — 127.0.0.1 - - [18/May/2026 18:43:21] "GET /static/js/app.js HTTP/1.1" 200 -
18:43:21 [INFO    ] werkzeug — 127.0.0.1 - - [18/May/2026 18:43:21] "GET /static/js/charts/dendrogram.js HTTP/1.1" 200 -
18:43:21 [INFO    ] werkzeug — 127.0.0.1 - - [18/May/2026 18:43:21] "GET /static/css/main.css HTTP/1.1" 200 -
18:43:30 [INFO    ] werkzeug — 127.0.0.1 - - [18/May/2026 18:43:30] "GET /api/status HTTP/1.1" 200 -
18:43:35 [INFO    ] werkzeug — 127.0.0.1 - - [18/May/2026 18:43:35] "GET /static/js/app.js HTTP/1.1" 200 -
18:44:30 [INFO    ] werkzeug — 127.0.0.1 - - [18/May/2026 18:44:30] "GET /api/status HTTP/1.1" 200 -
18:45:06 [INFO    ] werkzeug — 127.0.0.1 - - [18/May/2026 18:45:06] "GET /api/status HTTP/1.1" 200 -
18:45:07 [INFO    ] werkzeug — 127.0.0.1 - - [18/May/2026 18:45:07] "GET /api/status HTTP/1.1" 200 -
18:45:07 [INFO    ] werkzeug — 127.0.0.1 - - [18/May/2026 18:45:07] "GET / HTTP/1.1" 200 -
18:45:07 [INFO    ] werkzeug — 127.0.0.1 - - [18/May/2026 18:45:07] "GET /static/css/main.css HTTP/1.1" 200 -
18:45:08 [INFO    ] werkzeug — 127.0.0.1 - - [18/May/2026 18:45:08] "GET /static/js/api.js HTTP/1.1" 200 -
18:45:08 [INFO    ] werkzeug — 127.0.0.1 - - [18/May/2026 18:45:08] "[36mGET /static/js/charts/clustermap.js HTTP/1.1[0m" 304 -
18:45:08 [INFO    ] werkzeug — 127.0.0.1 - - [18/May/2026 18:45:08] "GET /static/js/charts/dendrogram.js HTTP/1.1" 200 -
18:45:08 [INFO    ] werkzeug — 127.0.0.1 - - [18/May/2026 18:45:08] "GET /static/js/charts/heatmap.js HTTP/1.1" 200 -
18:45:08 [INFO    ] werkzeug — 127.0.0.1 - - [18/May/2026 18:45:08] "GET /static/js/app.js HTTP/1.1" 200 -
18:45:08 [INFO    ] werkzeug — 127.0.0.1 - - [18/May/2026 18:45:08] "GET /api/status HTTP/1.1" 200 -
18:45:08 [INFO    ] werkzeug — 127.0.0.1 - - [18/May/2026 18:45:08] "GET /api/countries HTTP/1.1" 200 -
18:45:08 [INFO    ] werkzeug — 127.0.0.1 - - [18/May/2026 18:45:08] "GET /api/results HTTP/1.1" 200 -
18:45:16 [INFO    ] werkzeug — 127.0.0.1 - - [18/May/2026 18:45:16] "GET /api/status HTTP/1.1" 200 -
18:45:25 [INFO    ] werkzeug — 127.0.0.1 - - [18/May/2026 18:45:25] "GET /api/status HTTP/1.1" 200 -
18:45:32 [INFO    ] werkzeug — 127.0.0.1 - - [18/May/2026 18:45:32] "GET /api/status HTTP/1.1" 200 -
18:45:41 [INFO    ] werkzeug — 127.0.0.1 - - [18/May/2026 18:45:41] "GET /api/status HTTP/1.1" 200 -
18:45:48 [INFO    ] werkzeug — 127.0.0.1 - - [18/May/2026 18:45:48] "GET /api/status HTTP/1.1" 200 -
18:45:57 [INFO    ] werkzeug — 127.0.0.1 - - [18/May/2026 18:45:57] "GET /api/status HTTP/1.1" 200 -
18:46:04 [INFO    ] werkzeug — 127.0.0.1 - - [18/May/2026 18:46:04] "GET /api/status HTTP/1.1" 200 -
18:46:13 [INFO    ] werkzeug — 127.0.0.1 - - [18/May/2026 18:46:13] "GET /api/status HTTP/1.1" 200 -
18:46:13 [INFO    ] werkzeug — 127.0.0.1 - - [18/May/2026 18:46:13] "POST /api/matrix/start HTTP/1.1" 200 -
18:46:13 [INFO    ] clustering.distance_matrix — Loaded 10 country trees from 'C:\\Users\\User\\Desktop\\IDPA PROJECT_V2\\IDPA-PROJECT-2\\preprocessed_trees'
18:46:13 [INFO    ] clustering.pipeline — 10 trees loaded.
18:46:13 [INFO    ] clustering.distance_matrix — Loading cached distance matrix from 'C:\\Users\\User\\Desktop\\IDPA PROJECT_V2\\IDPA-PROJECT-2\\output\\clustering\\distance_matrix.json'
18:46:13 [INFO    ] clustering.models — Distance matrix loaded <- C:\Users\User\Desktop\IDPA PROJECT_V2\IDPA-PROJECT-2\output\clustering\distance_matrix.json  (7x7)
18:46:13 [WARNING ] clustering.distance_matrix — Cached matrix labels differ from loaded trees — recomputing.
18:46:13 [INFO    ] clustering.distance_matrix — Computing semantic distance matrix for 10 documents (45 pairs)…
18:46:13 [INFO    ] clustering.distance_matrix — Pre-normalizing trees…
18:46:14 [INFO    ] werkzeug — 127.0.0.1 - - [18/May/2026 18:46:14] "GET /api/job/445b41e4 HTTP/1.1" 200 -
18:46:15 [INFO    ] clustering.distance_matrix — Matrix stats: {'n': 10, 'pairs': 45, 'min': 0.198585, 'max': 0.49235, 'mean': 0.400643, 'std': 0.060131}
18:46:15 [INFO    ] clustering.models — Distance matrix saved -> C:\Users\User\Desktop\IDPA PROJECT_V2\IDPA-PROJECT-2\output\clustering\distance_matrix.json  (10x10)
18:46:16 [INFO    ] werkzeug — 127.0.0.1 - - [18/May/2026 18:46:16] "GET /api/job/445b41e4 HTTP/1.1" 200 -
18:46:16 [INFO    ] werkzeug — 127.0.0.1 - - [18/May/2026 18:46:16] "GET /api/status HTTP/1.1" 200 -
18:46:16 [INFO    ] werkzeug — 127.0.0.1 - - [18/May/2026 18:46:16] "GET /api/matrix HTTP/1.1" 200 -
18:46:20 [INFO    ] werkzeug — 127.0.0.1 - - [18/May/2026 18:46:20] "GET /api/status HTTP/1.1" 200 -
18:46:29 [INFO    ] werkzeug — 127.0.0.1 - - [18/May/2026 18:46:29] "GET /api/status HTTP/1.1" 200 -
18:46:36 [INFO    ] werkzeug — 127.0.0.1 - - [18/May/2026 18:46:36] "GET /api/status HTTP/1.1" 200 -
18:46:45 [INFO    ] werkzeug — 127.0.0.1 - - [18/May/2026 18:46:45] "GET /api/status HTTP/1.1" 200 -
18:46:45 [INFO    ] clustering.hierarchical — HAC: n=10, k=3, linkage=complete
18:46:45 [DEBUG   ] clustering.hierarchical —   Merged clusters 6+8 → 10  (dist=0.1986, size=2)
18:46:45 [DEBUG   ] clustering.hierarchical —   Merged clusters 3+4 → 11  (dist=0.2984, size=2)
18:46:45 [DEBUG   ] clustering.hierarchical —   Merged clusters 1+10 → 12  (dist=0.3200, size=3)
18:46:45 [DEBUG   ] clustering.hierarchical —   Merged clusters 0+9 → 13  (dist=0.3200, size=2)
18:46:45 [DEBUG   ] clustering.hierarchical —   Merged clusters 11+12 → 14  (dist=0.3861, size=5)
18:46:45 [DEBUG   ] clustering.hierarchical —   Merged clusters 2+5 → 15  (dist=0.3995, size=2)
18:46:45 [DEBUG   ] clustering.hierarchical —   Merged clusters 13+14 → 16  (dist=0.4313, size=7)
18:46:45 [INFO    ] clustering.hierarchical — HAC complete.  Inertia=2.4097
18:46:45 [INFO    ] clustering.evaluation — Computing evaluation metrics for hierarchical result…
18:46:45 [INFO    ] clustering.evaluation — Evaluation complete.  silhouette=0.1286  inertia=2.4097
18:46:45 [INFO    ] clustering.pipeline — run('hierarchical', k=3) finished in 0.00s  inertia=2.4097  silhouette=0.1286
18:46:45 [INFO    ] clustering.models — ClusterResult saved -> C:\Users\User\Desktop\IDPA PROJECT_V2\IDPA-PROJECT-2\output\clustering\hierarchical_k3.json
18:46:45 [INFO    ] werkzeug — 127.0.0.1 - - [18/May/2026 18:46:45] "POST /api/cluster HTTP/1.1" 200 -
18:46:45 [INFO    ] werkzeug — 127.0.0.1 - - [18/May/2026 18:46:45] "GET /api/results HTTP/1.1" 200 -
18:46:46 [INFO    ] werkzeug — 127.0.0.1 - - [18/May/2026 18:46:46] "GET /api/results HTTP/1.1" 200 -
18:46:46 [INFO    ] werkzeug — 127.0.0.1 - - [18/May/2026 18:46:46] "GET /api/result/hierarchical_k3.json HTTP/1.1" 200 -
18:46:52 [INFO    ] werkzeug — 127.0.0.1 - - [18/May/2026 18:46:52] "GET /api/status HTTP/1.1" 200 -
18:47:01 [INFO    ] werkzeug — 127.0.0.1 - - [18/May/2026 18:47:01] "GET /api/status HTTP/1.1" 200 -
18:47:08 [INFO    ] werkzeug — 127.0.0.1 - - [18/May/2026 18:47:08] "GET /api/status HTTP/1.1" 200 -
18:47:17 [INFO    ] werkzeug — 127.0.0.1 - - [18/May/2026 18:47:17] "GET /api/status HTTP/1.1" 200 -
18:47:24 [INFO    ] werkzeug — 127.0.0.1 - - [18/May/2026 18:47:24] "GET /api/status HTTP/1.1" 200 -
18:47:33 [INFO    ] werkzeug — 127.0.0.1 - - [18/May/2026 18:47:33] "GET /api/status HTTP/1.1" 200 -
18:47:40 [INFO    ] werkzeug — 127.0.0.1 - - [18/May/2026 18:47:40] "GET /api/status HTTP/1.1" 200 -
18:47:49 [INFO    ] werkzeug — 127.0.0.1 - - [18/May/2026 18:47:49] "GET /api/status HTTP/1.1" 200 -
18:47:56 [INFO    ] werkzeug — 127.0.0.1 - - [18/May/2026 18:47:56] "GET /api/status HTTP/1.1" 200 -
18:48:05 [INFO    ] werkzeug — 127.0.0.1 - - [18/May/2026 18:48:05] "GET /api/status HTTP/1.1" 200 -
18:48:12 [INFO    ] werkzeug — 127.0.0.1 - - [18/May/2026 18:48:12] "GET /api/status HTTP/1.1" 200 -
18:48:21 [INFO    ] werkzeug — 127.0.0.1 - - [18/May/2026 18:48:21] "GET /api/status HTTP/1.1" 200 -
18:48:29 [INFO    ] werkzeug — 127.0.0.1 - - [18/May/2026 18:48:29] "GET /api/status HTTP/1.1" 200 -
18:48:37 [INFO    ] werkzeug — 127.0.0.1 - - [18/May/2026 18:48:37] "GET /api/status HTTP/1.1" 200 -
18:48:45 [INFO    ] werkzeug — 127.0.0.1 - - [18/May/2026 18:48:45] "GET /api/status HTTP/1.1" 200 -
18:48:53 [INFO    ] werkzeug — 127.0.0.1 - - [18/May/2026 18:48:53] "GET /api/status HTTP/1.1" 200 -
18:49:00 [INFO    ] werkzeug — 127.0.0.1 - - [18/May/2026 18:49:00] "GET /api/status HTTP/1.1" 200 -
18:49:09 [INFO    ] werkzeug — 127.0.0.1 - - [18/May/2026 18:49:09] "GET /api/status HTTP/1.1" 200 -
18:49:17 [INFO    ] werkzeug — 127.0.0.1 - - [18/May/2026 18:49:17] "GET /api/status HTTP/1.1" 200 -
18:49:25 [INFO    ] werkzeug — 127.0.0.1 - - [18/May/2026 18:49:25] "GET /api/status HTTP/1.1" 200 -
18:49:33 [INFO    ] werkzeug — 127.0.0.1 - - [18/May/2026 18:49:33] "GET /api/status HTTP/1.1" 200 -
18:49:41 [INFO    ] werkzeug — 127.0.0.1 - - [18/May/2026 18:49:41] "GET /api/status HTTP/1.1" 200 -
18:49:49 [INFO    ] werkzeug — 127.0.0.1 - - [18/May/2026 18:49:49] "GET /api/status HTTP/1.1" 200 -
18:49:57 [INFO    ] werkzeug — 127.0.0.1 - - [18/May/2026 18:49:57] "GET /api/status HTTP/1.1" 200 -
18:50:05 [INFO    ] werkzeug — 127.0.0.1 - - [18/May/2026 18:50:05] "GET /api/status HTTP/1.1" 200 -
18:50:13 [INFO    ] werkzeug — 127.0.0.1 - - [18/May/2026 18:50:13] "GET /api/status HTTP/1.1" 200 -
18:50:21 [INFO    ] werkzeug — 127.0.0.1 - - [18/May/2026 18:50:21] "GET /api/status HTTP/1.1" 200 -
18:50:29 [INFO    ] werkzeug — 127.0.0.1 - - [18/May/2026 18:50:29] "GET /api/status HTTP/1.1" 200 -
18:50:37 [INFO    ] werkzeug — 127.0.0.1 - - [18/May/2026 18:50:37] "GET /api/status HTTP/1.1" 200 -
18:50:45 [INFO    ] werkzeug — 127.0.0.1 - - [18/May/2026 18:50:45] "GET /api/status HTTP/1.1" 200 -
18:51:30 [INFO    ] werkzeug — 127.0.0.1 - - [18/May/2026 18:51:30] "GET /api/status HTTP/1.1" 200 -
18:52:10 [INFO    ] werkzeug — 127.0.0.1 - - [18/May/2026 18:52:10] "GET /api/status HTTP/1.1" 200 -
18:52:13 [INFO    ] werkzeug — 127.0.0.1 - - [18/May/2026 18:52:13] "GET /api/status HTTP/1.1" 200 -
18:52:21 [INFO    ] werkzeug — 127.0.0.1 - - [18/May/2026 18:52:21] "GET /api/status HTTP/1.1" 200 -
18:52:29 [INFO    ] werkzeug — 127.0.0.1 - - [18/May/2026 18:52:29] "GET /api/status HTTP/1.1" 200 -
18:52:37 [INFO    ] werkzeug — 127.0.0.1 - - [18/May/2026 18:52:37] "GET /api/status HTTP/1.1" 200 -
18:52:45 [INFO    ] werkzeug — 127.0.0.1 - - [18/May/2026 18:52:45] "GET /api/status HTTP/1.1" 200 -
18:52:53 [INFO    ] werkzeug — 127.0.0.1 - - [18/May/2026 18:52:53] "GET /api/status HTTP/1.1" 200 -
18:53:01 [INFO    ] werkzeug — 127.0.0.1 - - [18/May/2026 18:53:01] "GET /api/status HTTP/1.1" 200 -
18:53:09 [INFO    ] werkzeug — 127.0.0.1 - - [18/May/2026 18:53:09] "GET /api/status HTTP/1.1" 200 -
18:53:17 [INFO    ] werkzeug — 127.0.0.1 - - [18/May/2026 18:53:17] "GET /api/status HTTP/1.1" 200 -
18:53:30 [INFO    ] werkzeug — 127.0.0.1 - - [18/May/2026 18:53:30] "GET /api/status HTTP/1.1" 200 -
18:54:30 [INFO    ] werkzeug — 127.0.0.1 - - [18/May/2026 18:54:30] "GET /api/status HTTP/1.1" 200 -
18:55:30 [INFO    ] werkzeug — 127.0.0.1 - - [18/May/2026 18:55:30] "GET /api/status HTTP/1.1" 200 -
18:56:01 [INFO    ] werkzeug — 127.0.0.1 - - [18/May/2026 18:56:01] "GET /api/status HTTP/1.1" 200 -
18:56:05 [INFO    ] werkzeug — 127.0.0.1 - - [18/May/2026 18:56:05] "GET /api/status HTTP/1.1" 200 -
18:56:12 [INFO    ] werkzeug — 127.0.0.1 - - [18/May/2026 18:56:12] "POST /api/matrix/start HTTP/1.1" 200 -
18:56:12 [INFO    ] clustering.distance_matrix — Loaded 11 country trees from 'C:\\Users\\User\\Desktop\\IDPA PROJECT_V2\\IDPA-PROJECT-2\\preprocessed_trees'
18:56:12 [INFO    ] clustering.pipeline — 11 trees loaded.
18:56:12 [INFO    ] clustering.distance_matrix — Loading cached distance matrix from 'C:\\Users\\User\\Desktop\\IDPA PROJECT_V2\\IDPA-PROJECT-2\\output\\clustering\\distance_matrix.json'
18:56:12 [INFO    ] clustering.models — Distance matrix loaded <- C:\Users\User\Desktop\IDPA PROJECT_V2\IDPA-PROJECT-2\output\clustering\distance_matrix.json  (10x10)
18:56:12 [WARNING ] clustering.distance_matrix — Cached matrix labels differ from loaded trees — recomputing.
18:56:12 [INFO    ] clustering.distance_matrix — Computing semantic distance matrix for 11 documents (55 pairs)…
18:56:12 [INFO    ] clustering.distance_matrix — Pre-normalizing trees…
18:56:13 [INFO    ] werkzeug — 127.0.0.1 - - [18/May/2026 18:56:13] "GET /api/job/c29c9d21 HTTP/1.1" 200 -
18:56:13 [INFO    ] werkzeug — 127.0.0.1 - - [18/May/2026 18:56:13] "GET /api/status HTTP/1.1" 200 -
18:56:14 [INFO    ] clustering.distance_matrix — Matrix stats: {'n': 11, 'pairs': 55, 'min': 0.195275, 'max': 0.414096, 'mean': 0.302792, 'std': 0.046889}
18:56:14 [INFO    ] clustering.models — Distance matrix saved -> C:\Users\User\Desktop\IDPA PROJECT_V2\IDPA-PROJECT-2\output\clustering\distance_matrix.json  (11x11)
18:56:14 [INFO    ] werkzeug — 127.0.0.1 - - [18/May/2026 18:56:14] "GET /api/job/c29c9d21 HTTP/1.1" 200 -
18:56:14 [INFO    ] werkzeug — 127.0.0.1 - - [18/May/2026 18:56:14] "GET /api/status HTTP/1.1" 200 -
18:56:15 [INFO    ] werkzeug — 127.0.0.1 - - [18/May/2026 18:56:15] "GET /api/matrix HTTP/1.1" 200 -
18:56:20 [INFO    ] clustering.hierarchical — HAC: n=11, k=3, linkage=complete
18:56:20 [DEBUG   ] clustering.hierarchical —   Merged clusters 5+8 → 11  (dist=0.1953, size=2)
18:56:20 [DEBUG   ] clustering.hierarchical —   Merged clusters 3+6 → 12  (dist=0.2023, size=2)
18:56:20 [DEBUG   ] clustering.hierarchical —   Merged clusters 1+2 → 13  (dist=0.2407, size=2)
18:56:20 [DEBUG   ] clustering.hierarchical —   Merged clusters 9+11 → 14  (dist=0.2523, size=3)
18:56:20 [DEBUG   ] clustering.hierarchical —   Merged clusters 4+13 → 15  (dist=0.2588, size=3)
18:56:20 [DEBUG   ] clustering.hierarchical —   Merged clusters 7+15 → 16  (dist=0.2925, size=4)
18:56:20 [DEBUG   ] clustering.hierarchical —   Merged clusters 0+10 → 17  (dist=0.2930, size=2)
18:56:20 [DEBUG   ] clustering.hierarchical —   Merged clusters 12+14 → 18  (dist=0.2967, size=5)
18:56:20 [INFO    ] clustering.hierarchical — HAC complete.  Inertia=1.9851
18:56:20 [INFO    ] clustering.evaluation — Computing evaluation metrics for hierarchical result…
18:56:20 [INFO    ] clustering.evaluation — Evaluation complete.  silhouette=0.1368  inertia=1.9851
18:56:20 [INFO    ] clustering.pipeline — run('hierarchical', k=3) finished in 0.00s  inertia=1.9851  silhouette=0.1368
18:56:20 [INFO    ] clustering.models — ClusterResult saved -> C:\Users\User\Desktop\IDPA PROJECT_V2\IDPA-PROJECT-2\output\clustering\hierarchical_k3.json
18:56:20 [INFO    ] werkzeug — 127.0.0.1 - - [18/May/2026 18:56:20] "POST /api/cluster HTTP/1.1" 200 -
18:56:21 [INFO    ] werkzeug — 127.0.0.1 - - [18/May/2026 18:56:21] "GET /api/results HTTP/1.1" 200 -
18:56:21 [INFO    ] werkzeug — 127.0.0.1 - - [18/May/2026 18:56:21] "GET /api/status HTTP/1.1" 200 -
18:56:21 [INFO    ] werkzeug — 127.0.0.1 - - [18/May/2026 18:56:21] "GET /api/results HTTP/1.1" 200 -
18:56:21 [INFO    ] werkzeug — 127.0.0.1 - - [18/May/2026 18:56:21] "GET /api/result/hierarchical_k3.json HTTP/1.1" 200 -
18:56:28 [INFO    ] werkzeug — 127.0.0.1 - - [18/May/2026 18:56:28] "GET /api/status HTTP/1.1" 200 -
18:56:37 [INFO    ] werkzeug — 127.0.0.1 - - [18/May/2026 18:56:37] "GET /api/status HTTP/1.1" 200 -
18:56:44 [INFO    ] werkzeug — 127.0.0.1 - - [18/May/2026 18:56:44] "GET /api/status HTTP/1.1" 200 -
18:56:53 [INFO    ] werkzeug — 127.0.0.1 - - [18/May/2026 18:56:53] "GET /api/status HTTP/1.1" 200 -
18:57:00 [INFO    ] werkzeug — 127.0.0.1 - - [18/May/2026 18:57:00] "GET /api/status HTTP/1.1" 200 -
18:57:09 [INFO    ] werkzeug — 127.0.0.1 - - [18/May/2026 18:57:09] "GET /api/status HTTP/1.1" 200 -
18:57:13 [INFO    ] werkzeug — 127.0.0.1 - - [18/May/2026 18:57:13] "POST /api/matrix/start HTTP/1.1" 200 -
18:57:13 [INFO    ] clustering.distance_matrix — Loaded 28 country trees from 'C:\\Users\\User\\Desktop\\IDPA PROJECT_V2\\IDPA-PROJECT-2\\preprocessed_trees'
18:57:13 [INFO    ] clustering.pipeline — 28 trees loaded.
18:57:13 [INFO    ] clustering.distance_matrix — Loading cached distance matrix from 'C:\\Users\\User\\Desktop\\IDPA PROJECT_V2\\IDPA-PROJECT-2\\output\\clustering\\distance_matrix.json'
18:57:13 [INFO    ] clustering.models — Distance matrix loaded <- C:\Users\User\Desktop\IDPA PROJECT_V2\IDPA-PROJECT-2\output\clustering\distance_matrix.json  (11x11)
18:57:13 [WARNING ] clustering.distance_matrix — Cached matrix labels differ from loaded trees — recomputing.
18:57:13 [INFO    ] clustering.distance_matrix — Computing semantic distance matrix for 28 documents (378 pairs)…
18:57:13 [INFO    ] clustering.distance_matrix — Pre-normalizing trees…
18:57:15 [INFO    ] werkzeug — 127.0.0.1 - - [18/May/2026 18:57:15] "GET /api/job/63298ba5 HTTP/1.1" 200 -
18:57:16 [INFO    ] werkzeug — 127.0.0.1 - - [18/May/2026 18:57:16] "GET /api/job/63298ba5 HTTP/1.1" 200 -
18:57:17 [INFO    ] werkzeug — 127.0.0.1 - - [18/May/2026 18:57:17] "GET /api/status HTTP/1.1" 200 -
18:57:17 [INFO    ] werkzeug — 127.0.0.1 - - [18/May/2026 18:57:17] "GET /api/job/63298ba5 HTTP/1.1" 200 -
18:57:18 [INFO    ] werkzeug — 127.0.0.1 - - [18/May/2026 18:57:18] "GET /api/job/63298ba5 HTTP/1.1" 200 -
18:57:20 [INFO    ] werkzeug — 127.0.0.1 - - [18/May/2026 18:57:20] "GET /api/job/63298ba5 HTTP/1.1" 200 -
18:57:20 [INFO    ] werkzeug — 127.0.0.1 - - [18/May/2026 18:57:20] "GET /api/job/63298ba5 HTTP/1.1" 200 -
18:57:22 [INFO    ] werkzeug — 127.0.0.1 - - [18/May/2026 18:57:22] "GET /api/job/63298ba5 HTTP/1.1" 200 -
18:57:23 [INFO    ] werkzeug — 127.0.0.1 - - [18/May/2026 18:57:23] "GET /api/job/63298ba5 HTTP/1.1" 200 -
18:57:24 [INFO    ] werkzeug — 127.0.0.1 - - [18/May/2026 18:57:24] "GET /api/job/63298ba5 HTTP/1.1" 200 -
18:57:25 [INFO    ] werkzeug — 127.0.0.1 - - [18/May/2026 18:57:25] "GET /api/job/63298ba5 HTTP/1.1" 200 -
18:57:25 [INFO    ] werkzeug — 127.0.0.1 - - [18/May/2026 18:57:25] "GET /api/status HTTP/1.1" 200 -
18:57:27 [INFO    ] werkzeug — 127.0.0.1 - - [18/May/2026 18:57:27] "GET /api/job/63298ba5 HTTP/1.1" 200 -
18:57:28 [INFO    ] werkzeug — 127.0.0.1 - - [18/May/2026 18:57:28] "GET /api/job/63298ba5 HTTP/1.1" 200 -
18:57:29 [INFO    ] werkzeug — 127.0.0.1 - - [18/May/2026 18:57:29] "GET /api/job/63298ba5 HTTP/1.1" 200 -
18:57:30 [INFO    ] werkzeug — 127.0.0.1 - - [18/May/2026 18:57:30] "GET /api/job/63298ba5 HTTP/1.1" 200 -
18:57:31 [INFO    ] clustering.distance_matrix — Matrix stats: {'n': 28, 'pairs': 378, 'min': 0.195275, 'max': 0.601973, 'mean': 0.365733, 'std': 0.080842}
18:57:31 [INFO    ] clustering.models — Distance matrix saved -> C:\Users\User\Desktop\IDPA PROJECT_V2\IDPA-PROJECT-2\output\clustering\distance_matrix.json  (28x28)
18:57:31 [INFO    ] werkzeug — 127.0.0.1 - - [18/May/2026 18:57:31] "GET /api/job/63298ba5 HTTP/1.1" 200 -
18:57:32 [INFO    ] werkzeug — 127.0.0.1 - - [18/May/2026 18:57:32] "GET /api/status HTTP/1.1" 200 -
18:57:32 [INFO    ] werkzeug — 127.0.0.1 - - [18/May/2026 18:57:32] "GET /api/matrix HTTP/1.1" 200 -
18:57:32 [INFO    ] werkzeug — 127.0.0.1 - - [18/May/2026 18:57:32] "GET /api/status HTTP/1.1" 200 -
18:57:41 [INFO    ] werkzeug — 127.0.0.1 - - [18/May/2026 18:57:41] "GET /api/status HTTP/1.1" 200 -
18:57:43 [INFO    ] clustering.hierarchical — HAC: n=28, k=3, linkage=complete
18:57:43 [DEBUG   ] clustering.hierarchical —   Merged clusters 15+21 → 28  (dist=0.1953, size=2)
18:57:43 [DEBUG   ] clustering.hierarchical —   Merged clusters 12+16 → 29  (dist=0.2023, size=2)
18:57:43 [DEBUG   ] clustering.hierarchical —   Merged clusters 2+14 → 30  (dist=0.2069, size=2)
18:57:43 [DEBUG   ] clustering.hierarchical —   Merged clusters 9+23 → 31  (dist=0.2168, size=2)
18:57:43 [DEBUG   ] clustering.hierarchical —   Merged clusters 11+19 → 32  (dist=0.2182, size=2)
18:57:43 [DEBUG   ] clustering.hierarchical —   Merged clusters 3+10 → 33  (dist=0.2421, size=2)
18:57:43 [DEBUG   ] clustering.hierarchical —   Merged clusters 30+32 → 34  (dist=0.2559, size=4)
18:57:43 [DEBUG   ] clustering.hierarchical —   Merged clusters 5+18 → 35  (dist=0.2593, size=2)
18:57:43 [DEBUG   ] clustering.hierarchical —   Merged clusters 28+31 → 36  (dist=0.2785, size=4)
18:57:43 [DEBUG   ] clustering.hierarchical —   Merged clusters 0+34 → 37  (dist=0.2843, size=5)
18:57:43 [DEBUG   ] clustering.hierarchical —   Merged clusters 29+33 → 38  (dist=0.2857, size=4)
18:57:43 [DEBUG   ] clustering.hierarchical —   Merged clusters 1+27 → 39  (dist=0.2930, size=2)
18:57:43 [DEBUG   ] clustering.hierarchical —   Merged clusters 36+38 → 40  (dist=0.3012, size=8)
18:57:43 [DEBUG   ] clustering.hierarchical —   Merged clusters 8+20 → 41  (dist=0.3160, size=2)
18:57:43 [DEBUG   ] clustering.hierarchical —   Merged clusters 35+37 → 42  (dist=0.3236, size=7)
18:57:43 [DEBUG   ] clustering.hierarchical —   Merged clusters 13+22 → 43  (dist=0.3292, size=2)
18:57:43 [DEBUG   ] clustering.hierarchical —   Merged clusters 6+25 → 44  (dist=0.3370, size=2)
18:57:43 [DEBUG   ] clustering.hierarchical —   Merged clusters 40+42 → 45  (dist=0.3405, size=15)
18:57:43 [DEBUG   ] clustering.hierarchical —   Merged clusters 7+39 → 46  (dist=0.3537, size=3)
18:57:43 [DEBUG   ] clustering.hierarchical —   Merged clusters 41+45 → 47  (dist=0.3745, size=17)
18:57:43 [DEBUG   ] clustering.hierarchical —   Merged clusters 24+43 → 48  (dist=0.3809, size=3)
18:57:43 [DEBUG   ] clustering.hierarchical —   Merged clusters 44+47 → 49  (dist=0.4269, size=19)
18:57:43 [DEBUG   ] clustering.hierarchical —   Merged clusters 26+48 → 50  (dist=0.4380, size=4)
18:57:43 [DEBUG   ] clustering.hierarchical —   Merged clusters 17+49 → 51  (dist=0.4681, size=20)
18:57:43 [DEBUG   ] clustering.hierarchical —   Merged clusters 46+50 → 52  (dist=0.4858, size=7)
18:57:43 [INFO    ] clustering.hierarchical — HAC complete.  Inertia=7.5101
18:57:43 [INFO    ] clustering.evaluation — Computing evaluation metrics for hierarchical result…
18:57:43 [INFO    ] clustering.evaluation — Evaluation complete.  silhouette=0.1398  inertia=7.5101
18:57:43 [INFO    ] clustering.pipeline — run('hierarchical', k=3) finished in 0.00s  inertia=7.5101  silhouette=0.1398
18:57:43 [INFO    ] clustering.models — ClusterResult saved -> C:\Users\User\Desktop\IDPA PROJECT_V2\IDPA-PROJECT-2\output\clustering\hierarchical_k3.json
18:57:43 [INFO    ] werkzeug — 127.0.0.1 - - [18/May/2026 18:57:43] "POST /api/cluster HTTP/1.1" 200 -
18:57:43 [INFO    ] werkzeug — 127.0.0.1 - - [18/May/2026 18:57:43] "GET /api/results HTTP/1.1" 200 -
18:57:44 [INFO    ] werkzeug — 127.0.0.1 - - [18/May/2026 18:57:44] "GET /api/results HTTP/1.1" 200 -
18:57:44 [INFO    ] werkzeug — 127.0.0.1 - - [18/May/2026 18:57:44] "GET /api/result/hierarchical_k3.json HTTP/1.1" 200 -
18:57:48 [INFO    ] werkzeug — 127.0.0.1 - - [18/May/2026 18:57:48] "GET /api/status HTTP/1.1" 200 -
18:57:57 [INFO    ] werkzeug — 127.0.0.1 - - [18/May/2026 18:57:57] "GET /api/status HTTP/1.1" 200 -
18:58:04 [INFO    ] werkzeug — 127.0.0.1 - - [18/May/2026 18:58:04] "GET /api/status HTTP/1.1" 200 -
18:58:08 [INFO    ] werkzeug — 127.0.0.1 - - [18/May/2026 18:58:08] "POST /api/matrix/start HTTP/1.1" 200 -
18:58:08 [INFO    ] clustering.distance_matrix — Loaded 17 country trees from 'C:\\Users\\User\\Desktop\\IDPA PROJECT_V2\\IDPA-PROJECT-2\\preprocessed_trees'
18:58:08 [INFO    ] clustering.pipeline — 17 trees loaded.
18:58:08 [INFO    ] clustering.distance_matrix — Loading cached distance matrix from 'C:\\Users\\User\\Desktop\\IDPA PROJECT_V2\\IDPA-PROJECT-2\\output\\clustering\\distance_matrix.json'
18:58:08 [INFO    ] clustering.models — Distance matrix loaded <- C:\Users\User\Desktop\IDPA PROJECT_V2\IDPA-PROJECT-2\output\clustering\distance_matrix.json  (28x28)
18:58:08 [WARNING ] clustering.distance_matrix — Cached matrix labels differ from loaded trees — recomputing.
18:58:08 [INFO    ] clustering.distance_matrix — Computing semantic distance matrix for 17 documents (136 pairs)…
18:58:08 [INFO    ] clustering.distance_matrix — Pre-normalizing trees…
18:58:10 [INFO    ] werkzeug — 127.0.0.1 - - [18/May/2026 18:58:10] "GET /api/job/0c3c22a2 HTTP/1.1" 200 -
18:58:11 [INFO    ] werkzeug — 127.0.0.1 - - [18/May/2026 18:58:11] "GET /api/job/0c3c22a2 HTTP/1.1" 200 -
18:58:12 [INFO    ] werkzeug — 127.0.0.1 - - [18/May/2026 18:58:12] "GET /api/job/0c3c22a2 HTTP/1.1" 200 -
18:58:13 [INFO    ] werkzeug — 127.0.0.1 - - [18/May/2026 18:58:13] "GET /api/status HTTP/1.1" 200 -
18:58:13 [INFO    ] werkzeug — 127.0.0.1 - - [18/May/2026 18:58:13] "GET /api/job/0c3c22a2 HTTP/1.1" 200 -
18:58:14 [INFO    ] clustering.distance_matrix — Matrix stats: {'n': 17, 'pairs': 136, 'min': 0.236268, 'max': 0.601973, 'mean': 0.393326, 'std': 0.082123}
18:58:14 [INFO    ] clustering.models — Distance matrix saved -> C:\Users\User\Desktop\IDPA PROJECT_V2\IDPA-PROJECT-2\output\clustering\distance_matrix.json  (17x17)
18:58:15 [INFO    ] werkzeug — 127.0.0.1 - - [18/May/2026 18:58:15] "GET /api/job/0c3c22a2 HTTP/1.1" 200 -
18:58:15 [INFO    ] werkzeug — 127.0.0.1 - - [18/May/2026 18:58:15] "GET /api/status HTTP/1.1" 200 -
18:58:15 [INFO    ] werkzeug — 127.0.0.1 - - [18/May/2026 18:58:15] "GET /api/matrix HTTP/1.1" 200 -
18:58:20 [INFO    ] werkzeug — 127.0.0.1 - - [18/May/2026 18:58:20] "GET /api/status HTTP/1.1" 200 -
18:58:27 [INFO    ] clustering.hierarchical — HAC: n=17, k=3, linkage=complete
18:58:27 [DEBUG   ] clustering.hierarchical —   Merged clusters 7+11 → 17  (dist=0.2363, size=2)
18:58:27 [DEBUG   ] clustering.hierarchical —   Merged clusters 2+8 → 18  (dist=0.2421, size=2)
18:58:27 [DEBUG   ] clustering.hierarchical —   Merged clusters 17+18 → 19  (dist=0.2679, size=4)
18:58:27 [DEBUG   ] clustering.hierarchical —   Merged clusters 0+1 → 20  (dist=0.2702, size=2)
18:58:27 [DEBUG   ] clustering.hierarchical —   Merged clusters 4+19 → 21  (dist=0.3081, size=5)
18:58:27 [DEBUG   ] clustering.hierarchical —   Merged clusters 6+12 → 22  (dist=0.3160, size=2)
18:58:27 [DEBUG   ] clustering.hierarchical —   Merged clusters 9+13 → 23  (dist=0.3292, size=2)
18:58:27 [DEBUG   ] clustering.hierarchical —   Merged clusters 14+20 → 24  (dist=0.3501, size=3)
18:58:27 [DEBUG   ] clustering.hierarchical —   Merged clusters 21+22 → 25  (dist=0.3717, size=7)
18:58:27 [DEBUG   ] clustering.hierarchical —   Merged clusters 23+24 → 26  (dist=0.3940, size=5)
18:58:27 [DEBUG   ] clustering.hierarchical —   Merged clusters 15+25 → 27  (dist=0.3981, size=8)
18:58:27 [DEBUG   ] clustering.hierarchical —   Merged clusters 5+26 → 28  (dist=0.4256, size=6)
18:58:27 [DEBUG   ] clustering.hierarchical —   Merged clusters 10+27 → 29  (dist=0.4681, size=9)
18:58:27 [DEBUG   ] clustering.hierarchical —   Merged clusters 16+28 → 30  (dist=0.4858, size=7)
18:58:27 [INFO    ] clustering.hierarchical — HAC complete.  Inertia=4.4295
18:58:27 [INFO    ] clustering.evaluation — Computing evaluation metrics for hierarchical result…
18:58:27 [INFO    ] clustering.evaluation — Evaluation complete.  silhouette=0.0826  inertia=4.4295
18:58:27 [INFO    ] clustering.pipeline — run('hierarchical', k=3) finished in 0.00s  inertia=4.4295  silhouette=0.0826
18:58:27 [INFO    ] clustering.models — ClusterResult saved -> C:\Users\User\Desktop\IDPA PROJECT_V2\IDPA-PROJECT-2\output\clustering\hierarchical_k3.json
18:58:27 [INFO    ] werkzeug — 127.0.0.1 - - [18/May/2026 18:58:27] "POST /api/cluster HTTP/1.1" 200 -
18:58:27 [INFO    ] werkzeug — 127.0.0.1 - - [18/May/2026 18:58:27] "GET /api/results HTTP/1.1" 200 -
18:58:28 [INFO    ] werkzeug — 127.0.0.1 - - [18/May/2026 18:58:28] "GET /api/results HTTP/1.1" 200 -
18:58:28 [INFO    ] werkzeug — 127.0.0.1 - - [18/May/2026 18:58:28] "GET /api/result/hierarchical_k3.json HTTP/1.1" 200 -
18:58:28 [INFO    ] werkzeug — 127.0.0.1 - - [18/May/2026 18:58:28] "GET /api/status HTTP/1.1" 200 -
19:27:11 [INFO    ] clustering.kmedoids — K-Medoids: n=6, k=2, init=heuristic, max_iter=100
19:27:11 [DEBUG   ] clustering.kmedoids — Initial medoids: ['B3', 'A1']
19:27:11 [DEBUG   ] clustering.kmedoids —   iter 0  inertia=0.210000
19:27:11 [DEBUG   ] clustering.kmedoids —     Swap medoid[0]=B3 → B4  (inertia=0.200000)
19:27:11 [DEBUG   ] clustering.kmedoids —   iter 1  inertia=0.200000
19:27:11 [INFO    ] clustering.kmedoids — K-Medoids converged in 2 iteration(s).  Inertia=0.200000
19:27:11 [INFO    ] clustering.kmedoids — K-Medoids complete.  k=2, inertia=0.2000, iters=2
19:27:11 [INFO    ] clustering.evaluation — Computing evaluation metrics for kmedoids result…
19:27:11 [INFO    ] clustering.evaluation — Evaluation complete.  silhouette=0.9390  inertia=0.2000
19:27:11 [INFO    ] clustering.hierarchical — HAC: n=6, k=2, linkage=average
19:27:11 [DEBUG   ] clustering.hierarchical —   Merged clusters 3+4 → 6  (dist=0.0400, size=2)
19:27:11 [DEBUG   ] clustering.hierarchical —   Merged clusters 0+1 → 7  (dist=0.0500, size=2)
19:27:11 [DEBUG   ] clustering.hierarchical —   Merged clusters 5+6 → 8  (dist=0.0550, size=3)
19:27:11 [DEBUG   ] clustering.hierarchical —   Merged clusters 2+7 → 9  (dist=0.0650, size=3)
19:27:11 [INFO    ] clustering.hierarchical — HAC complete.  Inertia=0.2000
19:27:11 [INFO    ] clustering.evaluation — Computing evaluation metrics for hierarchical result…
19:27:11 [INFO    ] clustering.evaluation — Evaluation complete.  silhouette=0.9390  inertia=0.2000
19:27:11 [INFO    ] clustering.models — Distance matrix saved -> output\clustering\_test_matrix.json  (6x6)
19:27:11 [INFO    ] clustering.models — Distance matrix loaded <- output\clustering\_test_matrix.json  (6x6)
19:27:11 [INFO    ] clustering.models — ClusterResult saved -> output\clustering\_test_result.json
19:27:11 [INFO    ] clustering.kmedoids — K-Medoids: n=6, k=1, init=heuristic, max_iter=100
19:27:11 [DEBUG   ] clustering.kmedoids — Initial medoids: ['B3']
19:27:11 [DEBUG   ] clustering.kmedoids —   iter 0  inertia=2.790000
19:27:11 [INFO    ] clustering.kmedoids — K-Medoids converged in 1 iteration(s).  Inertia=2.790000
19:27:11 [INFO    ] clustering.kmedoids — K-Medoids complete.  k=1, inertia=2.7900, iters=1
19:28:58 [INFO    ] werkzeug — 127.0.0.1 - - [18/May/2026 19:28:58] "GET / HTTP/1.1" 200 -
19:28:58 [INFO    ] werkzeug — 127.0.0.1 - - [18/May/2026 19:28:58] "GET /static/css/main.css HTTP/1.1" 200 -
19:28:59 [INFO    ] werkzeug — 127.0.0.1 - - [18/May/2026 19:28:59] "GET /static/js/api.js HTTP/1.1" 200 -
19:28:59 [INFO    ] werkzeug — 127.0.0.1 - - [18/May/2026 19:28:59] "GET /static/js/app.js HTTP/1.1" 200 -
19:28:59 [INFO    ] werkzeug — 127.0.0.1 - - [18/May/2026 19:28:59] "GET /static/js/charts/clustermap.js HTTP/1.1" 200 -
19:28:59 [INFO    ] werkzeug — 127.0.0.1 - - [18/May/2026 19:28:59] "GET /static/js/charts/heatmap.js HTTP/1.1" 200 -
19:28:59 [INFO    ] werkzeug — 127.0.0.1 - - [18/May/2026 19:28:59] "GET /static/js/charts/dendrogram.js HTTP/1.1" 200 -
19:28:59 [INFO    ] werkzeug — 127.0.0.1 - - [18/May/2026 19:28:59] "GET /api/status HTTP/1.1" 200 -
19:29:00 [INFO    ] werkzeug — 127.0.0.1 - - [18/May/2026 19:29:00] "GET /api/countries HTTP/1.1" 200 -
19:29:00 [INFO    ] werkzeug — 127.0.0.1 - - [18/May/2026 19:29:00] "GET /api/results HTTP/1.1" 200 -
19:29:08 [INFO    ] werkzeug — 127.0.0.1 - - [18/May/2026 19:29:08] "GET /api/status HTTP/1.1" 200 -
19:29:10 [INFO    ] werkzeug — 127.0.0.1 - - [18/May/2026 19:29:10] "POST /api/matrix/start HTTP/1.1" 200 -
19:29:10 [INFO    ] clustering.distance_matrix — Loaded 12 country trees from 'C:\\Users\\User\\Desktop\\IDPA PROJECT_V2\\IDPA-PROJECT-2\\preprocessed_trees'
19:29:10 [INFO    ] clustering.pipeline — 12 trees loaded.
19:29:10 [INFO    ] clustering.distance_matrix — Loading cached distance matrix from 'C:\\Users\\User\\Desktop\\IDPA PROJECT_V2\\IDPA-PROJECT-2\\output\\clustering\\distance_matrix.json'
19:29:10 [INFO    ] clustering.models — Distance matrix loaded <- C:\Users\User\Desktop\IDPA PROJECT_V2\IDPA-PROJECT-2\output\clustering\distance_matrix.json  (17x17)
19:29:10 [WARNING ] clustering.distance_matrix — Cached matrix labels differ from loaded trees — recomputing.
19:29:10 [INFO    ] clustering.distance_matrix — Computing semantic distance matrix for 12 documents (66 pairs)…
19:29:10 [INFO    ] clustering.distance_matrix — Pre-normalizing trees…
19:29:12 [INFO    ] werkzeug — 127.0.0.1 - - [18/May/2026 19:29:12] "GET /api/job/960b09f8 HTTP/1.1" 200 -
19:29:13 [INFO    ] werkzeug — 127.0.0.1 - - [18/May/2026 19:29:13] "GET /api/job/960b09f8 HTTP/1.1" 200 -
19:29:13 [INFO    ] clustering.distance_matrix — Matrix stats: {'n': 12, 'pairs': 66, 'min': 0.195275, 'max': 0.414096, 'mean': 0.302929, 'std': 0.04917}
19:29:13 [INFO    ] clustering.models — Distance matrix saved -> C:\Users\User\Desktop\IDPA PROJECT_V2\IDPA-PROJECT-2\output\clustering\distance_matrix.json  (12x12)
19:29:14 [INFO    ] werkzeug — 127.0.0.1 - - [18/May/2026 19:29:14] "GET /api/job/960b09f8 HTTP/1.1" 200 -
19:29:14 [INFO    ] werkzeug — 127.0.0.1 - - [18/May/2026 19:29:14] "GET /api/status HTTP/1.1" 200 -
19:29:14 [INFO    ] werkzeug — 127.0.0.1 - - [18/May/2026 19:29:14] "GET /api/matrix HTTP/1.1" 200 -
19:29:16 [INFO    ] werkzeug — 127.0.0.1 - - [18/May/2026 19:29:16] "GET /api/status HTTP/1.1" 200 -
19:29:24 [INFO    ] werkzeug — 127.0.0.1 - - [18/May/2026 19:29:24] "GET /api/status HTTP/1.1" 200 -
19:29:32 [INFO    ] werkzeug — 127.0.0.1 - - [18/May/2026 19:29:32] "GET /api/status HTTP/1.1" 200 -
19:29:34 [INFO    ] clustering.hierarchical — HAC: n=12, k=3, linkage=complete
19:29:34 [DEBUG   ] clustering.hierarchical —   Merged clusters 5+8 → 12  (dist=0.1953, size=2)
19:29:34 [DEBUG   ] clustering.hierarchical —   Merged clusters 6+10 → 13  (dist=0.1986, size=2)
19:29:34 [DEBUG   ] clustering.hierarchical —   Merged clusters 3+13 → 14  (dist=0.2166, size=3)
19:29:34 [DEBUG   ] clustering.hierarchical —   Merged clusters 1+2 → 15  (dist=0.2407, size=2)
19:29:34 [DEBUG   ] clustering.hierarchical —   Merged clusters 9+12 → 16  (dist=0.2523, size=3)
19:29:34 [DEBUG   ] clustering.hierarchical —   Merged clusters 4+15 → 17  (dist=0.2588, size=3)
19:29:34 [DEBUG   ] clustering.hierarchical —   Merged clusters 7+17 → 18  (dist=0.2925, size=4)
19:29:34 [DEBUG   ] clustering.hierarchical —   Merged clusters 0+11 → 19  (dist=0.2930, size=2)
19:29:34 [DEBUG   ] clustering.hierarchical —   Merged clusters 14+16 → 20  (dist=0.2967, size=6)
19:29:34 [INFO    ] clustering.hierarchical — HAC complete.  Inertia=2.2340
19:29:34 [INFO    ] clustering.evaluation — Computing evaluation metrics for hierarchical result…
19:29:34 [INFO    ] clustering.evaluation — Evaluation complete.  silhouette=0.1458  inertia=2.2340
19:29:34 [INFO    ] clustering.pipeline — run('hierarchical', k=3) finished in 0.00s  inertia=2.2340  silhouette=0.1458
19:29:34 [INFO    ] clustering.models — ClusterResult saved -> C:\Users\User\Desktop\IDPA PROJECT_V2\IDPA-PROJECT-2\output\clustering\hierarchical_k3.json
19:29:34 [INFO    ] werkzeug — 127.0.0.1 - - [18/May/2026 19:29:34] "POST /api/cluster HTTP/1.1" 200 -
19:29:34 [INFO    ] werkzeug — 127.0.0.1 - - [18/May/2026 19:29:34] "GET /api/results HTTP/1.1" 200 -
19:29:34 [INFO    ] werkzeug — 127.0.0.1 - - [18/May/2026 19:29:34] "GET /api/results HTTP/1.1" 200 -
19:29:34 [INFO    ] werkzeug — 127.0.0.1 - - [18/May/2026 19:29:34] "GET /api/result/hierarchical_k3.json HTTP/1.1" 200 -
19:29:40 [INFO    ] werkzeug — 127.0.0.1 - - [18/May/2026 19:29:40] "GET /api/status HTTP/1.1" 200 -
19:29:48 [INFO    ] werkzeug — 127.0.0.1 - - [18/May/2026 19:29:48] "GET /api/status HTTP/1.1" 200 -
19:29:56 [INFO    ] werkzeug — 127.0.0.1 - - [18/May/2026 19:29:56] "GET /api/status HTTP/1.1" 200 -
19:30:04 [INFO    ] werkzeug — 127.0.0.1 - - [18/May/2026 19:30:04] "GET /api/status HTTP/1.1" 200 -
19:30:12 [INFO    ] werkzeug — 127.0.0.1 - - [18/May/2026 19:30:12] "GET /api/status HTTP/1.1" 200 -
19:30:20 [INFO    ] werkzeug — 127.0.0.1 - - [18/May/2026 19:30:20] "GET /api/status HTTP/1.1" 200 -
19:30:28 [INFO    ] werkzeug — 127.0.0.1 - - [18/May/2026 19:30:28] "GET /api/status HTTP/1.1" 200 -
19:30:36 [INFO    ] werkzeug — 127.0.0.1 - - [18/May/2026 19:30:36] "GET /api/status HTTP/1.1" 200 -
19:30:40 [INFO    ] werkzeug — 127.0.0.1 - - [18/May/2026 19:30:40] "GET /api/result/hierarchical_k5_demo.json HTTP/1.1" 200 -
19:30:41 [INFO    ] werkzeug — 127.0.0.1 - - [18/May/2026 19:30:41] "GET /api/matrix?n=23 HTTP/1.1" 200 -
19:30:44 [INFO    ] werkzeug — 127.0.0.1 - - [18/May/2026 19:30:44] "GET /api/status HTTP/1.1" 200 -
19:30:46 [INFO    ] werkzeug — 127.0.0.1 - - [18/May/2026 19:30:46] "GET /api/result/hierarchical_k3.json HTTP/1.1" 200 -
19:30:46 [INFO    ] werkzeug — 127.0.0.1 - - [18/May/2026 19:30:46] "GET /api/matrix?n=12 HTTP/1.1" 200 -
19:30:52 [INFO    ] werkzeug — 127.0.0.1 - - [18/May/2026 19:30:52] "GET /api/status HTTP/1.1" 200 -
19:31:01 [INFO    ] werkzeug — 127.0.0.1 - - [18/May/2026 19:31:01] "GET /api/status HTTP/1.1" 200 -
19:31:09 [INFO    ] werkzeug — 127.0.0.1 - - [18/May/2026 19:31:09] "GET /api/status HTTP/1.1" 200 -
19:31:17 [INFO    ] werkzeug — 127.0.0.1 - - [18/May/2026 19:31:17] "GET /api/status HTTP/1.1" 200 -
19:31:25 [INFO    ] werkzeug — 127.0.0.1 - - [18/May/2026 19:31:25] "GET /api/status HTTP/1.1" 200 -
19:31:33 [INFO    ] werkzeug — 127.0.0.1 - - [18/May/2026 19:31:33] "GET /api/status HTTP/1.1" 200 -
19:31:41 [INFO    ] werkzeug — 127.0.0.1 - - [18/May/2026 19:31:41] "GET /api/status HTTP/1.1" 200 -
19:31:49 [INFO    ] werkzeug — 127.0.0.1 - - [18/May/2026 19:31:49] "GET /api/status HTTP/1.1" 200 -
19:32:07 [INFO    ] werkzeug — 127.0.0.1 - - [18/May/2026 19:32:07] "GET /api/status HTTP/1.1" 200 -
19:32:12 [INFO    ] werkzeug — 127.0.0.1 - - [18/May/2026 19:32:12] "GET /api/status HTTP/1.1" 200 -
19:32:20 [INFO    ] werkzeug — 127.0.0.1 - - [18/May/2026 19:32:20] "GET /api/status HTTP/1.1" 200 -
19:32:28 [INFO    ] werkzeug — 127.0.0.1 - - [18/May/2026 19:32:28] "GET /api/status HTTP/1.1" 200 -
19:32:36 [INFO    ] werkzeug — 127.0.0.1 - - [18/May/2026 19:32:36] "GET /api/status HTTP/1.1" 200 -
19:32:41 [INFO    ] werkzeug — 127.0.0.1 - - [18/May/2026 19:32:41] "POST /api/matrix/start HTTP/1.1" 200 -
19:32:41 [INFO    ] clustering.distance_matrix — Loaded 6 country trees from 'C:\\Users\\User\\Desktop\\IDPA PROJECT_V2\\IDPA-PROJECT-2\\preprocessed_trees'
19:32:41 [INFO    ] clustering.pipeline — 6 trees loaded.
19:32:41 [INFO    ] clustering.distance_matrix — Loading cached distance matrix from 'C:\\Users\\User\\Desktop\\IDPA PROJECT_V2\\IDPA-PROJECT-2\\output\\clustering\\distance_matrix.json'
19:32:41 [INFO    ] clustering.models — Distance matrix loaded <- C:\Users\User\Desktop\IDPA PROJECT_V2\IDPA-PROJECT-2\output\clustering\distance_matrix.json  (12x12)
19:32:41 [WARNING ] clustering.distance_matrix — Cached matrix labels differ from loaded trees — recomputing.
19:32:41 [INFO    ] clustering.distance_matrix — Computing semantic distance matrix for 6 documents (15 pairs)…
19:32:41 [INFO    ] clustering.distance_matrix — Pre-normalizing trees…
19:32:42 [INFO    ] clustering.distance_matrix — Matrix stats: {'n': 6, 'pairs': 15, 'min': 0.198585, 'max': 0.489278, 'mean': 0.388673, 'std': 0.074868}
19:32:42 [INFO    ] clustering.models — Distance matrix saved -> C:\Users\User\Desktop\IDPA PROJECT_V2\IDPA-PROJECT-2\output\clustering\distance_matrix.json  (6x6)
19:32:42 [INFO    ] werkzeug — 127.0.0.1 - - [18/May/2026 19:32:42] "GET /api/job/fc6c16fc HTTP/1.1" 200 -
19:32:42 [INFO    ] werkzeug — 127.0.0.1 - - [18/May/2026 19:32:42] "GET /api/status HTTP/1.1" 200 -
19:32:43 [INFO    ] werkzeug — 127.0.0.1 - - [18/May/2026 19:32:43] "GET /api/matrix HTTP/1.1" 200 -
19:32:44 [INFO    ] werkzeug — 127.0.0.1 - - [18/May/2026 19:32:44] "GET /api/status HTTP/1.1" 200 -
19:32:52 [INFO    ] werkzeug — 127.0.0.1 - - [18/May/2026 19:32:52] "GET /api/status HTTP/1.1" 200 -
19:32:53 [INFO    ] clustering.kmedoids — K-Medoids: n=6, k=2, init=heuristic, max_iter=100
19:32:53 [DEBUG   ] clustering.kmedoids — Initial medoids: ['Egypt', 'Switzerland']
19:32:53 [DEBUG   ] clustering.kmedoids —   iter 0  inertia=1.335787
19:32:53 [DEBUG   ] clustering.kmedoids —     Swap medoid[0]=Egypt → Lebanon  (inertia=1.301225)
19:32:53 [DEBUG   ] clustering.kmedoids —   iter 1  inertia=1.301225
19:32:53 [DEBUG   ] clustering.kmedoids —     Swap medoid[1]=Switzerland → Egypt  (inertia=1.293810)
19:32:53 [DEBUG   ] clustering.kmedoids —   iter 2  inertia=1.293810
19:32:53 [INFO    ] clustering.kmedoids — K-Medoids converged in 3 iteration(s).  Inertia=1.293810
19:32:53 [INFO    ] clustering.kmedoids — K-Medoids complete.  k=2, inertia=1.2938, iters=3
19:32:53 [INFO    ] clustering.evaluation — Computing evaluation metrics for kmedoids result…
19:32:53 [INFO    ] clustering.evaluation — Evaluation complete.  silhouette=0.1763  inertia=1.2938
19:32:53 [INFO    ] clustering.pipeline — run('kmedoids', k=2) finished in 0.00s  inertia=1.2938  silhouette=0.1763
19:32:53 [INFO    ] clustering.models — ClusterResult saved -> C:\Users\User\Desktop\IDPA PROJECT_V2\IDPA-PROJECT-2\output\clustering\kmedoids_k2.json
19:32:53 [INFO    ] werkzeug — 127.0.0.1 - - [18/May/2026 19:32:53] "POST /api/cluster HTTP/1.1" 200 -
19:32:54 [INFO    ] werkzeug — 127.0.0.1 - - [18/May/2026 19:32:54] "GET /api/results HTTP/1.1" 200 -
19:32:54 [INFO    ] werkzeug — 127.0.0.1 - - [18/May/2026 19:32:54] "GET /api/result/kmedoids_k2.json HTTP/1.1" 200 -
19:32:54 [INFO    ] werkzeug — 127.0.0.1 - - [18/May/2026 19:32:54] "GET /api/results HTTP/1.1" 200 -
19:33:00 [INFO    ] werkzeug — 127.0.0.1 - - [18/May/2026 19:33:00] "GET /api/status HTTP/1.1" 200 -
19:33:08 [INFO    ] werkzeug — 127.0.0.1 - - [18/May/2026 19:33:08] "GET /api/status HTTP/1.1" 200 -
19:33:16 [INFO    ] werkzeug — 127.0.0.1 - - [18/May/2026 19:33:16] "GET /api/status HTTP/1.1" 200 -
19:33:24 [INFO    ] werkzeug — 127.0.0.1 - - [18/May/2026 19:33:24] "GET /api/status HTTP/1.1" 200 -
19:33:27 [INFO    ] clustering.kmedoids — K-Medoids: n=6, k=3, init=heuristic, max_iter=100
19:33:27 [DEBUG   ] clustering.kmedoids — Initial medoids: ['Egypt', 'Switzerland', 'Italy']
19:33:27 [DEBUG   ] clustering.kmedoids —   iter 0  inertia=0.984877
19:33:27 [DEBUG   ] clustering.kmedoids —     Swap medoid[0]=Egypt → Lebanon  (inertia=0.883138)
19:33:27 [DEBUG   ] clustering.kmedoids —   iter 1  inertia=0.883138
19:33:27 [INFO    ] clustering.kmedoids — K-Medoids converged in 2 iteration(s).  Inertia=0.883138
19:33:27 [INFO    ] clustering.kmedoids — K-Medoids complete.  k=3, inertia=0.8831, iters=2
19:33:27 [INFO    ] clustering.evaluation — Computing evaluation metrics for kmedoids result…
19:33:27 [INFO    ] clustering.evaluation — Evaluation complete.  silhouette=0.1457  inertia=0.8831
19:33:27 [INFO    ] clustering.pipeline — run('kmedoids', k=3) finished in 0.00s  inertia=0.8831  silhouette=0.1457
19:33:27 [INFO    ] clustering.models — ClusterResult saved -> C:\Users\User\Desktop\IDPA PROJECT_V2\IDPA-PROJECT-2\output\clustering\kmedoids_k3.json
19:33:27 [INFO    ] werkzeug — 127.0.0.1 - - [18/May/2026 19:33:27] "POST /api/cluster HTTP/1.1" 200 -
19:33:27 [INFO    ] werkzeug — 127.0.0.1 - - [18/May/2026 19:33:27] "GET /api/results HTTP/1.1" 200 -
19:33:28 [INFO    ] werkzeug — 127.0.0.1 - - [18/May/2026 19:33:28] "GET /api/result/kmedoids_k3.json HTTP/1.1" 200 -
19:33:28 [INFO    ] werkzeug — 127.0.0.1 - - [18/May/2026 19:33:28] "GET /api/results HTTP/1.1" 200 -
19:33:32 [INFO    ] werkzeug — 127.0.0.1 - - [18/May/2026 19:33:32] "GET /api/status HTTP/1.1" 200 -
19:33:40 [INFO    ] werkzeug — 127.0.0.1 - - [18/May/2026 19:33:40] "GET /api/status HTTP/1.1" 200 -
19:33:49 [INFO    ] werkzeug — 127.0.0.1 - - [18/May/2026 19:33:49] "GET /api/status HTTP/1.1" 200 -
19:33:57 [INFO    ] werkzeug — 127.0.0.1 - - [18/May/2026 19:33:57] "GET /api/status HTTP/1.1" 200 -
19:34:05 [INFO    ] werkzeug — 127.0.0.1 - - [18/May/2026 19:34:05] "GET /api/status HTTP/1.1" 200 -
19:34:13 [INFO    ] werkzeug — 127.0.0.1 - - [18/May/2026 19:34:13] "GET /api/status HTTP/1.1" 200 -
19:34:20 [INFO    ] werkzeug — 127.0.0.1 - - [18/May/2026 19:34:20] "GET /api/status HTTP/1.1" 200 -
19:34:29 [INFO    ] werkzeug — 127.0.0.1 - - [18/May/2026 19:34:29] "GET /api/status HTTP/1.1" 200 -
19:34:37 [INFO    ] werkzeug — 127.0.0.1 - - [18/May/2026 19:34:37] "GET /api/status HTTP/1.1" 200 -
19:34:45 [INFO    ] werkzeug — 127.0.0.1 - - [18/May/2026 19:34:45] "GET /api/status HTTP/1.1" 200 -
19:34:52 [INFO    ] werkzeug — 127.0.0.1 - - [18/May/2026 19:34:52] "GET /api/status HTTP/1.1" 200 -
19:35:00 [INFO    ] werkzeug — 127.0.0.1 - - [18/May/2026 19:35:00] "GET /api/status HTTP/1.1" 200 -
19:35:08 [INFO    ] werkzeug — 127.0.0.1 - - [18/May/2026 19:35:08] "GET /api/status HTTP/1.1" 200 -
19:35:16 [INFO    ] werkzeug — 127.0.0.1 - - [18/May/2026 19:35:16] "GET /api/status HTTP/1.1" 200 -
19:35:24 [INFO    ] werkzeug — 127.0.0.1 - - [18/May/2026 19:35:24] "GET /api/status HTTP/1.1" 200 -
19:35:32 [INFO    ] werkzeug — 127.0.0.1 - - [18/May/2026 19:35:32] "GET /api/status HTTP/1.1" 200 -
19:35:40 [INFO    ] werkzeug — 127.0.0.1 - - [18/May/2026 19:35:40] "GET /api/status HTTP/1.1" 200 -
19:35:48 [INFO    ] werkzeug — 127.0.0.1 - - [18/May/2026 19:35:48] "GET /api/status HTTP/1.1" 200 -
19:35:56 [INFO    ] werkzeug — 127.0.0.1 - - [18/May/2026 19:35:56] "GET /api/status HTTP/1.1" 200 -
19:36:04 [INFO    ] werkzeug — 127.0.0.1 - - [18/May/2026 19:36:04] "GET /api/status HTTP/1.1" 200 -
19:36:12 [INFO    ] werkzeug — 127.0.0.1 - - [18/May/2026 19:36:12] "GET /api/status HTTP/1.1" 200 -
19:36:20 [INFO    ] werkzeug — 127.0.0.1 - - [18/May/2026 19:36:20] "GET /api/status HTTP/1.1" 200 -
19:36:29 [INFO    ] werkzeug — 127.0.0.1 - - [18/May/2026 19:36:29] "GET /api/status HTTP/1.1" 200 -
19:36:37 [INFO    ] werkzeug — 127.0.0.1 - - [18/May/2026 19:36:37] "GET /api/status HTTP/1.1" 200 -
19:36:45 [INFO    ] werkzeug — 127.0.0.1 - - [18/May/2026 19:36:45] "GET /api/status HTTP/1.1" 200 -
19:36:53 [INFO    ] werkzeug — 127.0.0.1 - - [18/May/2026 19:36:53] "GET /api/status HTTP/1.1" 200 -
19:37:01 [INFO    ] werkzeug — 127.0.0.1 - - [18/May/2026 19:37:01] "GET /api/status HTTP/1.1" 200 -
19:37:09 [INFO    ] werkzeug — 127.0.0.1 - - [18/May/2026 19:37:09] "GET /api/status HTTP/1.1" 200 -
19:37:17 [INFO    ] werkzeug — 127.0.0.1 - - [18/May/2026 19:37:17] "GET /api/status HTTP/1.1" 200 -
19:37:25 [INFO    ] werkzeug — 127.0.0.1 - - [18/May/2026 19:37:25] "GET /api/status HTTP/1.1" 200 -
19:38:26 [INFO    ] werkzeug — 127.0.0.1 - - [18/May/2026 19:38:26] "GET /api/status HTTP/1.1" 200 -
19:38:30 [INFO    ] werkzeug — 127.0.0.1 - - [18/May/2026 19:38:30] "GET /api/status HTTP/1.1" 200 -
19:39:30 [INFO    ] werkzeug — 127.0.0.1 - - [18/May/2026 19:39:30] "GET /api/status HTTP/1.1" 200 -
19:40:30 [INFO    ] werkzeug — 127.0.0.1 - - [18/May/2026 19:40:30] "GET /api/status HTTP/1.1" 200 -
19:41:30 [INFO    ] werkzeug — 127.0.0.1 - - [18/May/2026 19:41:30] "GET /api/status HTTP/1.1" 200 -
19:42:30 [INFO    ] werkzeug — 127.0.0.1 - - [18/May/2026 19:42:30] "GET /api/status HTTP/1.1" 200 -
19:43:30 [INFO    ] werkzeug — 127.0.0.1 - - [18/May/2026 19:43:30] "GET /api/status HTTP/1.1" 200 -
19:44:30 [INFO    ] werkzeug — 127.0.0.1 - - [18/May/2026 19:44:30] "GET /api/status HTTP/1.1" 200 -
19:44:36 [INFO    ] werkzeug — 127.0.0.1 - - [18/May/2026 19:44:36] "GET /api/status HTTP/1.1" 200 -
19:44:45 [INFO    ] werkzeug — 127.0.0.1 - - [18/May/2026 19:44:45] "GET /api/status HTTP/1.1" 200 -
19:44:53 [INFO    ] werkzeug — 127.0.0.1 - - [18/May/2026 19:44:53] "GET /api/status HTTP/1.1" 200 -
19:45:01 [INFO    ] werkzeug — 127.0.0.1 - - [18/May/2026 19:45:01] "GET /api/status HTTP/1.1" 200 -
19:45:09 [INFO    ] werkzeug — 127.0.0.1 - - [18/May/2026 19:45:09] "GET /api/status HTTP/1.1" 200 -
19:45:17 [INFO    ] werkzeug — 127.0.0.1 - - [18/May/2026 19:45:17] "GET /api/status HTTP/1.1" 200 -
19:45:25 [INFO    ] werkzeug — 127.0.0.1 - - [18/May/2026 19:45:25] "GET /api/status HTTP/1.1" 200 -
19:45:33 [INFO    ] werkzeug — 127.0.0.1 - - [18/May/2026 19:45:33] "GET /api/status HTTP/1.1" 200 -
19:46:30 [INFO    ] werkzeug — 127.0.0.1 - - [18/May/2026 19:46:30] "GET /api/status HTTP/1.1" 200 -
19:47:26 [INFO    ] werkzeug — 127.0.0.1 - - [18/May/2026 19:47:26] "GET /api/status HTTP/1.1" 200 -
19:47:33 [INFO    ] werkzeug — 127.0.0.1 - - [18/May/2026 19:47:33] "GET /api/status HTTP/1.1" 200 -
19:47:41 [INFO    ] werkzeug — 127.0.0.1 - - [18/May/2026 19:47:41] "GET /api/status HTTP/1.1" 200 -
19:47:48 [INFO    ] werkzeug — 127.0.0.1 - - [18/May/2026 19:47:48] "GET /api/status HTTP/1.1" 200 -
19:47:53 [INFO    ] werkzeug — 127.0.0.1 - - [18/May/2026 19:47:53] "GET /api/results HTTP/1.1" 200 -
19:47:56 [INFO    ] werkzeug — 127.0.0.1 - - [18/May/2026 19:47:56] "GET /api/status HTTP/1.1" 200 -
19:48:04 [INFO    ] werkzeug — 127.0.0.1 - - [18/May/2026 19:48:04] "GET /api/status HTTP/1.1" 200 -
19:48:12 [INFO    ] werkzeug — 127.0.0.1 - - [18/May/2026 19:48:12] "GET /api/status HTTP/1.1" 200 -
19:48:21 [INFO    ] werkzeug — 127.0.0.1 - - [18/May/2026 19:48:21] "GET /api/status HTTP/1.1" 200 -
19:48:29 [INFO    ] werkzeug — 127.0.0.1 - - [18/May/2026 19:48:29] "GET /api/status HTTP/1.1" 200 -
19:48:37 [INFO    ] werkzeug — 127.0.0.1 - - [18/May/2026 19:48:37] "GET /api/status HTTP/1.1" 200 -
19:48:45 [INFO    ] werkzeug — 127.0.0.1 - - [18/May/2026 19:48:45] "GET /api/status HTTP/1.1" 200 -
19:48:53 [INFO    ] werkzeug — 127.0.0.1 - - [18/May/2026 19:48:53] "GET /api/status HTTP/1.1" 200 -
19:49:01 [INFO    ] werkzeug — 127.0.0.1 - - [18/May/2026 19:49:01] "GET /api/status HTTP/1.1" 200 -
19:49:09 [INFO    ] werkzeug — 127.0.0.1 - - [18/May/2026 19:49:09] "GET /api/status HTTP/1.1" 200 -
19:49:17 [INFO    ] werkzeug — 127.0.0.1 - - [18/May/2026 19:49:17] "GET /api/status HTTP/1.1" 200 -
19:49:30 [INFO    ] werkzeug — 127.0.0.1 - - [18/May/2026 19:49:30] "GET /api/status HTTP/1.1" 200 -
19:50:30 [INFO    ] werkzeug — 127.0.0.1 - - [18/May/2026 19:50:30] "GET /api/status HTTP/1.1" 200 -
19:51:30 [INFO    ] werkzeug — 127.0.0.1 - - [18/May/2026 19:51:30] "GET /api/status HTTP/1.1" 200 -
19:52:30 [INFO    ] werkzeug — 127.0.0.1 - - [18/May/2026 19:52:30] "GET /api/status HTTP/1.1" 200 -
19:53:30 [INFO    ] werkzeug — 127.0.0.1 - - [18/May/2026 19:53:30] "GET /api/status HTTP/1.1" 200 -
19:54:30 [INFO    ] werkzeug — 127.0.0.1 - - [18/May/2026 19:54:30] "GET /api/status HTTP/1.1" 200 -
19:55:30 [INFO    ] werkzeug — 127.0.0.1 - - [18/May/2026 19:55:30] "GET /api/status HTTP/1.1" 200 -
19:56:30 [INFO    ] werkzeug — 127.0.0.1 - - [18/May/2026 19:56:30] "GET /api/status HTTP/1.1" 200 -
19:57:20 [INFO    ] werkzeug — 127.0.0.1 - - [18/May/2026 19:57:20] "GET /api/status HTTP/1.1" 200 -
19:57:25 [INFO    ] werkzeug — 127.0.0.1 - - [18/May/2026 19:57:25] "GET /api/status HTTP/1.1" 200 -
19:57:33 [INFO    ] werkzeug — 127.0.0.1 - - [18/May/2026 19:57:33] "GET /api/status HTTP/1.1" 200 -
19:57:41 [INFO    ] werkzeug — 127.0.0.1 - - [18/May/2026 19:57:41] "GET /api/status HTTP/1.1" 200 -
19:57:49 [INFO    ] werkzeug — 127.0.0.1 - - [18/May/2026 19:57:49] "GET /api/status HTTP/1.1" 200 -
19:57:57 [INFO    ] werkzeug — 127.0.0.1 - - [18/May/2026 19:57:57] "GET /api/status HTTP/1.1" 200 -
19:58:05 [INFO    ] werkzeug — 127.0.0.1 - - [18/May/2026 19:58:05] "GET /api/status HTTP/1.1" 200 -
19:58:13 [INFO    ] werkzeug — 127.0.0.1 - - [18/May/2026 19:58:13] "GET /api/status HTTP/1.1" 200 -
19:58:21 [INFO    ] werkzeug — 127.0.0.1 - - [18/May/2026 19:58:21] "GET /api/status HTTP/1.1" 200 -
19:58:30 [INFO    ] werkzeug — 127.0.0.1 - - [18/May/2026 19:58:30] "GET /api/status HTTP/1.1" 200 -
19:58:51 [INFO    ] werkzeug — 127.0.0.1 - - [18/May/2026 19:58:51] "GET /api/status HTTP/1.1" 200 -
19:58:53 [INFO    ] werkzeug — 127.0.0.1 - - [18/May/2026 19:58:53] "GET /api/status HTTP/1.1" 200 -
19:59:01 [INFO    ] werkzeug — 127.0.0.1 - - [18/May/2026 19:59:01] "GET /api/status HTTP/1.1" 200 -
19:59:09 [INFO    ] werkzeug — 127.0.0.1 - - [18/May/2026 19:59:09] "GET /api/status HTTP/1.1" 200 -
19:59:17 [INFO    ] werkzeug — 127.0.0.1 - - [18/May/2026 19:59:17] "GET /api/status HTTP/1.1" 200 -
19:59:25 [INFO    ] werkzeug — 127.0.0.1 - - [18/May/2026 19:59:25] "GET /api/status HTTP/1.1" 200 -
19:59:33 [INFO    ] werkzeug — 127.0.0.1 - - [18/May/2026 19:59:33] "GET /api/status HTTP/1.1" 200 -
19:59:41 [INFO    ] werkzeug — 127.0.0.1 - - [18/May/2026 19:59:41] "GET /api/status HTTP/1.1" 200 -
19:59:49 [INFO    ] werkzeug — 127.0.0.1 - - [18/May/2026 19:59:49] "GET /api/status HTTP/1.1" 200 -
19:59:57 [INFO    ] werkzeug — 127.0.0.1 - - [18/May/2026 19:59:57] "GET /api/status HTTP/1.1" 200 -
20:00:05 [INFO    ] werkzeug — 127.0.0.1 - - [18/May/2026 20:00:05] "GET /api/status HTTP/1.1" 200 -
20:00:14 [INFO    ] werkzeug — 127.0.0.1 - - [18/May/2026 20:00:14] "GET /api/status HTTP/1.1" 200 -
20:00:21 [INFO    ] werkzeug — 127.0.0.1 - - [18/May/2026 20:00:21] "GET /api/status HTTP/1.1" 200 -
20:00:29 [INFO    ] werkzeug — 127.0.0.1 - - [18/May/2026 20:00:29] "GET /api/status HTTP/1.1" 200 -
20:00:37 [INFO    ] werkzeug — 127.0.0.1 - - [18/May/2026 20:00:37] "GET /api/status HTTP/1.1" 200 -
20:00:45 [INFO    ] werkzeug — 127.0.0.1 - - [18/May/2026 20:00:45] "GET /api/status HTTP/1.1" 200 -
20:00:53 [INFO    ] werkzeug — 127.0.0.1 - - [18/May/2026 20:00:53] "GET /api/status HTTP/1.1" 200 -
20:01:01 [INFO    ] werkzeug — 127.0.0.1 - - [18/May/2026 20:01:01] "GET /api/status HTTP/1.1" 200 -
20:01:09 [INFO    ] werkzeug — 127.0.0.1 - - [18/May/2026 20:01:09] "GET /api/status HTTP/1.1" 200 -
20:01:30 [INFO    ] werkzeug — 127.0.0.1 - - [18/May/2026 20:01:30] "GET /api/status HTTP/1.1" 200 -
20:02:01 [INFO    ] werkzeug — 127.0.0.1 - - [18/May/2026 20:02:01] "GET /api/status HTTP/1.1" 200 -
20:02:05 [INFO    ] werkzeug — 127.0.0.1 - - [18/May/2026 20:02:05] "GET /api/status HTTP/1.1" 200 -
20:02:13 [INFO    ] werkzeug — 127.0.0.1 - - [18/May/2026 20:02:13] "GET /api/status HTTP/1.1" 200 -
20:02:21 [INFO    ] werkzeug — 127.0.0.1 - - [18/May/2026 20:02:21] "GET /api/status HTTP/1.1" 200 -
20:02:29 [INFO    ] werkzeug — 127.0.0.1 - - [18/May/2026 20:02:29] "GET /api/status HTTP/1.1" 200 -
20:02:37 [INFO    ] werkzeug — 127.0.0.1 - - [18/May/2026 20:02:37] "GET /api/status HTTP/1.1" 200 -
20:02:45 [INFO    ] werkzeug — 127.0.0.1 - - [18/May/2026 20:02:45] "GET /api/status HTTP/1.1" 200 -
20:02:53 [INFO    ] werkzeug — 127.0.0.1 - - [18/May/2026 20:02:53] "GET /api/status HTTP/1.1" 200 -
20:03:01 [INFO    ] werkzeug — 127.0.0.1 - - [18/May/2026 20:03:01] "GET /api/status HTTP/1.1" 200 -
20:03:20 [INFO    ] werkzeug — 127.0.0.1 - - [18/May/2026 20:03:20] "GET /api/status HTTP/1.1" 200 -
20:03:25 [INFO    ] werkzeug — 127.0.0.1 - - [18/May/2026 20:03:25] "GET /api/status HTTP/1.1" 200 -
20:03:33 [INFO    ] werkzeug — 127.0.0.1 - - [18/May/2026 20:03:33] "GET /api/status HTTP/1.1" 200 -
20:03:41 [INFO    ] werkzeug — 127.0.0.1 - - [18/May/2026 20:03:41] "GET /api/status HTTP/1.1" 200 -
20:03:49 [INFO    ] werkzeug — 127.0.0.1 - - [18/May/2026 20:03:49] "GET /api/status HTTP/1.1" 200 -
20:03:57 [INFO    ] werkzeug — 127.0.0.1 - - [18/May/2026 20:03:57] "GET /api/status HTTP/1.1" 200 -
20:04:04 [INFO    ] clustering.kmedoids — K-Medoids: n=6, k=2, init=heuristic, max_iter=100
20:04:04 [DEBUG   ] clustering.kmedoids — Initial medoids: ['B3', 'A1']
20:04:04 [DEBUG   ] clustering.kmedoids —   iter 0  inertia=0.210000
20:04:04 [DEBUG   ] clustering.kmedoids —     Swap medoid[0]=B3 → B4  (inertia=0.200000)
20:04:04 [DEBUG   ] clustering.kmedoids —   iter 1  inertia=0.200000
20:04:04 [INFO    ] clustering.kmedoids — K-Medoids converged in 2 iteration(s).  Inertia=0.200000
20:04:04 [INFO    ] clustering.kmedoids — K-Medoids complete.  k=2, inertia=0.2000, iters=2
20:04:04 [INFO    ] clustering.evaluation — Computing evaluation metrics for kmedoids result…
20:04:04 [INFO    ] clustering.evaluation — Evaluation complete.  silhouette=0.9390  inertia=0.2000
20:04:04 [INFO    ] clustering.hierarchical — HAC: n=6, k=2, linkage=average
20:04:04 [DEBUG   ] clustering.hierarchical —   Merged clusters 3+4 → 6  (dist=0.0400, size=2)
20:04:04 [DEBUG   ] clustering.hierarchical —   Merged clusters 0+1 → 7  (dist=0.0500, size=2)
20:04:04 [DEBUG   ] clustering.hierarchical —   Merged clusters 5+6 → 8  (dist=0.0550, size=3)
20:04:04 [DEBUG   ] clustering.hierarchical —   Merged clusters 2+7 → 9  (dist=0.0650, size=3)
20:04:04 [INFO    ] clustering.hierarchical — HAC complete.  Inertia=0.2000
20:04:04 [INFO    ] clustering.evaluation — Computing evaluation metrics for hierarchical result…
20:04:04 [INFO    ] clustering.evaluation — Evaluation complete.  silhouette=0.9390  inertia=0.2000
20:04:04 [INFO    ] clustering.models — Distance matrix saved -> output\clustering\_test_matrix.json  (6x6)
20:04:04 [INFO    ] clustering.models — Distance matrix loaded <- output\clustering\_test_matrix.json  (6x6)
20:04:04 [INFO    ] clustering.models — ClusterResult saved -> output\clustering\_test_result.json
20:04:04 [INFO    ] clustering.kmedoids — K-Medoids: n=6, k=1, init=heuristic, max_iter=100
20:04:04 [DEBUG   ] clustering.kmedoids — Initial medoids: ['B3']
20:04:04 [DEBUG   ] clustering.kmedoids —   iter 0  inertia=2.790000
20:04:04 [INFO    ] clustering.kmedoids — K-Medoids converged in 1 iteration(s).  Inertia=2.790000
20:04:04 [INFO    ] clustering.kmedoids — K-Medoids complete.  k=1, inertia=2.7900, iters=1
20:04:05 [INFO    ] werkzeug — 127.0.0.1 - - [18/May/2026 20:04:05] "GET /api/status HTTP/1.1" 200 -
20:04:13 [INFO    ] werkzeug — 127.0.0.1 - - [18/May/2026 20:04:13] "GET /api/status HTTP/1.1" 200 -
20:04:30 [INFO    ] werkzeug — 127.0.0.1 - - [18/May/2026 20:04:30] "GET /api/status HTTP/1.1" 200 -
20:05:30 [INFO    ] werkzeug — 127.0.0.1 - - [18/May/2026 20:05:30] "GET /api/status HTTP/1.1" 200 -
20:05:53 [INFO    ] werkzeug — 127.0.0.1 - - [18/May/2026 20:05:53] "GET /api/status HTTP/1.1" 200 -
20:05:54 [INFO    ] werkzeug — 127.0.0.1 - - [18/May/2026 20:05:54] "GET / HTTP/1.1" 200 -
20:05:54 [INFO    ] werkzeug — 127.0.0.1 - - [18/May/2026 20:05:54] "GET /static/css/main.css HTTP/1.1" 200 -
20:05:54 [INFO    ] werkzeug — 127.0.0.1 - - [18/May/2026 20:05:54] "[36mGET /static/js/charts/clustermap.js HTTP/1.1[0m" 304 -
20:05:54 [INFO    ] werkzeug — 127.0.0.1 - - [18/May/2026 20:05:54] "[36mGET /static/js/charts/dendrogram.js HTTP/1.1[0m" 304 -
20:05:54 [INFO    ] werkzeug — 127.0.0.1 - - [18/May/2026 20:05:54] "[36mGET /static/js/charts/heatmap.js HTTP/1.1[0m" 304 -
20:05:54 [INFO    ] werkzeug — 127.0.0.1 - - [18/May/2026 20:05:54] "[36mGET /static/js/api.js HTTP/1.1[0m" 304 -
20:05:54 [INFO    ] werkzeug — 127.0.0.1 - - [18/May/2026 20:05:54] "GET /static/js/app.js HTTP/1.1" 200 -
20:05:55 [INFO    ] werkzeug — 127.0.0.1 - - [18/May/2026 20:05:55] "GET /api/status HTTP/1.1" 200 -
20:05:55 [INFO    ] werkzeug — 127.0.0.1 - - [18/May/2026 20:05:55] "GET /api/countries HTTP/1.1" 200 -
20:05:55 [INFO    ] werkzeug — 127.0.0.1 - - [18/May/2026 20:05:55] "GET /api/results HTTP/1.1" 200 -
20:06:04 [INFO    ] werkzeug — 127.0.0.1 - - [18/May/2026 20:06:04] "GET /api/status HTTP/1.1" 200 -
20:06:12 [INFO    ] werkzeug — 127.0.0.1 - - [18/May/2026 20:06:12] "GET /api/status HTTP/1.1" 200 -
20:06:20 [INFO    ] werkzeug — 127.0.0.1 - - [18/May/2026 20:06:20] "GET /api/status HTTP/1.1" 200 -
20:06:28 [INFO    ] werkzeug — 127.0.0.1 - - [18/May/2026 20:06:28] "GET /api/status HTTP/1.1" 200 -
20:06:36 [INFO    ] werkzeug — 127.0.0.1 - - [18/May/2026 20:06:36] "GET /api/status HTTP/1.1" 200 -
20:06:44 [INFO    ] werkzeug — 127.0.0.1 - - [18/May/2026 20:06:44] "GET /api/status HTTP/1.1" 200 -
20:06:52 [INFO    ] werkzeug — 127.0.0.1 - - [18/May/2026 20:06:52] "GET /api/status HTTP/1.1" 200 -
20:07:00 [INFO    ] werkzeug — 127.0.0.1 - - [18/May/2026 20:07:00] "GET /api/status HTTP/1.1" 200 -
20:07:30 [INFO    ] werkzeug — 127.0.0.1 - - [18/May/2026 20:07:30] "GET /api/status HTTP/1.1" 200 -
20:08:03 [INFO    ] werkzeug — [31m[1mWARNING: This is a development server. Do not use it in a production deployment. Use a production WSGI server instead.[0m
 * Running on http://127.0.0.1:5000
20:08:03 [INFO    ] werkzeug — [33mPress CTRL+C to quit[0m
20:08:11 [INFO    ] werkzeug — 127.0.0.1 - - [18/May/2026 20:08:11] "GET / HTTP/1.1" 200 -
20:08:11 [INFO    ] werkzeug — 127.0.0.1 - - [18/May/2026 20:08:11] "GET /static/css/main.css HTTP/1.1" 200 -
20:08:11 [INFO    ] werkzeug — 127.0.0.1 - - [18/May/2026 20:08:11] "GET /static/js/api.js HTTP/1.1" 200 -
20:08:11 [INFO    ] werkzeug — 127.0.0.1 - - [18/May/2026 20:08:11] "GET /static/js/charts/dendrogram.js HTTP/1.1" 200 -
20:08:11 [INFO    ] werkzeug — 127.0.0.1 - - [18/May/2026 20:08:11] "GET /static/js/charts/heatmap.js HTTP/1.1" 200 -
20:08:11 [INFO    ] werkzeug — 127.0.0.1 - - [18/May/2026 20:08:11] "GET /static/js/charts/clustermap.js HTTP/1.1" 200 -
20:08:11 [INFO    ] werkzeug — 127.0.0.1 - - [18/May/2026 20:08:11] "GET /static/js/app.js HTTP/1.1" 200 -
20:08:12 [INFO    ] werkzeug — 127.0.0.1 - - [18/May/2026 20:08:12] "GET /api/status HTTP/1.1" 200 -
20:08:12 [INFO    ] werkzeug — 127.0.0.1 - - [18/May/2026 20:08:12] "GET /api/countries HTTP/1.1" 200 -
20:08:12 [INFO    ] werkzeug — 127.0.0.1 - - [18/May/2026 20:08:12] "GET /api/results HTTP/1.1" 200 -
20:08:12 [INFO    ] werkzeug — 127.0.0.1 - - [18/May/2026 20:08:12] "[33mGET /favicon.ico HTTP/1.1[0m" 404 -
20:08:20 [INFO    ] werkzeug — 127.0.0.1 - - [18/May/2026 20:08:20] "GET /api/status HTTP/1.1" 200 -
20:08:25 [INFO    ] werkzeug — 127.0.0.1 - - [18/May/2026 20:08:25] "GET /api/status HTTP/1.1" 200 -
20:08:27 [INFO    ] werkzeug — 127.0.0.1 - - [18/May/2026 20:08:27] "GET /api/status HTTP/1.1" 200 -
20:08:35 [INFO    ] werkzeug — 127.0.0.1 - - [18/May/2026 20:08:35] "GET / HTTP/1.1" 200 -
20:08:35 [INFO    ] werkzeug — 127.0.0.1 - - [18/May/2026 20:08:35] "[36mGET /static/css/main.css HTTP/1.1[0m" 304 -
20:08:35 [INFO    ] werkzeug — 127.0.0.1 - - [18/May/2026 20:08:35] "[36mGET /static/js/api.js HTTP/1.1[0m" 304 -
20:08:35 [INFO    ] werkzeug — 127.0.0.1 - - [18/May/2026 20:08:35] "[36mGET /static/js/charts/clustermap.js HTTP/1.1[0m" 304 -
20:08:35 [INFO    ] werkzeug — 127.0.0.1 - - [18/May/2026 20:08:35] "[36mGET /static/js/charts/heatmap.js HTTP/1.1[0m" 304 -
20:08:35 [INFO    ] werkzeug — 127.0.0.1 - - [18/May/2026 20:08:35] "[36mGET /static/js/charts/dendrogram.js HTTP/1.1[0m" 304 -
20:08:35 [INFO    ] werkzeug — 127.0.0.1 - - [18/May/2026 20:08:35] "[36mGET /static/js/app.js HTTP/1.1[0m" 304 -
20:08:35 [INFO    ] werkzeug — 127.0.0.1 - - [18/May/2026 20:08:35] "GET /api/status HTTP/1.1" 200 -
20:08:36 [INFO    ] werkzeug — 127.0.0.1 - - [18/May/2026 20:08:36] "GET /api/countries HTTP/1.1" 200 -
20:08:36 [INFO    ] werkzeug — 127.0.0.1 - - [18/May/2026 20:08:36] "GET /api/results HTTP/1.1" 200 -
20:08:44 [INFO    ] werkzeug — 127.0.0.1 - - [18/May/2026 20:08:44] "GET /api/status HTTP/1.1" 200 -
20:08:49 [INFO    ] werkzeug — 127.0.0.1 - - [18/May/2026 20:08:49] "GET /api/results HTTP/1.1" 200 -
20:08:50 [INFO    ] werkzeug — 127.0.0.1 - - [18/May/2026 20:08:50] "GET /api/results HTTP/1.1" 200 -
20:08:52 [INFO    ] werkzeug — 127.0.0.1 - - [18/May/2026 20:08:52] "GET /api/status HTTP/1.1" 200 -
20:09:01 [INFO    ] werkzeug — 127.0.0.1 - - [18/May/2026 20:09:01] "GET /api/status HTTP/1.1" 200 -
20:09:09 [INFO    ] werkzeug — 127.0.0.1 - - [18/May/2026 20:09:09] "GET /api/status HTTP/1.1" 200 -
20:09:17 [INFO    ] werkzeug — 127.0.0.1 - - [18/May/2026 20:09:17] "GET /api/status HTTP/1.1" 200 -
20:09:25 [INFO    ] werkzeug — 127.0.0.1 - - [18/May/2026 20:09:25] "GET /api/status HTTP/1.1" 200 -
20:09:33 [INFO    ] werkzeug — 127.0.0.1 - - [18/May/2026 20:09:33] "GET /api/status HTTP/1.1" 200 -
20:09:41 [INFO    ] werkzeug — 127.0.0.1 - - [18/May/2026 20:09:41] "GET /api/status HTTP/1.1" 200 -
20:09:48 [INFO    ] werkzeug — 127.0.0.1 - - [18/May/2026 20:09:48] "GET / HTTP/1.1" 200 -
20:09:48 [INFO    ] werkzeug — 127.0.0.1 - - [18/May/2026 20:09:48] "[36mGET /static/css/main.css HTTP/1.1[0m" 304 -
20:09:48 [INFO    ] werkzeug — 127.0.0.1 - - [18/May/2026 20:09:48] "[36mGET /static/js/charts/clustermap.js HTTP/1.1[0m" 304 -
20:09:48 [INFO    ] werkzeug — 127.0.0.1 - - [18/May/2026 20:09:48] "[36mGET /static/js/charts/dendrogram.js HTTP/1.1[0m" 304 -
20:09:48 [INFO    ] werkzeug — 127.0.0.1 - - [18/May/2026 20:09:48] "[36mGET /static/js/charts/heatmap.js HTTP/1.1[0m" 304 -
20:09:48 [INFO    ] werkzeug — 127.0.0.1 - - [18/May/2026 20:09:48] "[36mGET /static/js/api.js HTTP/1.1[0m" 304 -
20:09:48 [INFO    ] werkzeug — 127.0.0.1 - - [18/May/2026 20:09:48] "[36mGET /static/js/app.js HTTP/1.1[0m" 304 -
20:09:48 [INFO    ] werkzeug — 127.0.0.1 - - [18/May/2026 20:09:48] "GET /api/status HTTP/1.1" 200 -
20:09:49 [INFO    ] werkzeug — 127.0.0.1 - - [18/May/2026 20:09:49] "GET /api/countries HTTP/1.1" 200 -
20:09:49 [INFO    ] werkzeug — 127.0.0.1 - - [18/May/2026 20:09:49] "GET /api/results HTTP/1.1" 200 -
20:09:49 [INFO    ] werkzeug — 127.0.0.1 - - [18/May/2026 20:09:49] "GET /api/status HTTP/1.1" 200 -
20:09:57 [INFO    ] werkzeug — 127.0.0.1 - - [18/May/2026 20:09:57] "GET /api/status HTTP/1.1" 200 -
20:10:30 [INFO    ] werkzeug — 127.0.0.1 - - [18/May/2026 20:10:30] "GET /api/status HTTP/1.1" 200 -
20:11:19 [INFO    ] werkzeug — 127.0.0.1 - - [18/May/2026 20:11:19] "GET /api/status HTTP/1.1" 200 -
20:11:24 [INFO    ] werkzeug — 127.0.0.1 - - [18/May/2026 20:11:24] "GET /api/status HTTP/1.1" 200 -
20:11:30 [INFO    ] werkzeug — 127.0.0.1 - - [18/May/2026 20:11:30] "GET / HTTP/1.1" 200 -
20:11:30 [INFO    ] werkzeug — 127.0.0.1 - - [18/May/2026 20:11:30] "GET /static/css/main.css HTTP/1.1" 200 -
20:11:30 [INFO    ] werkzeug — 127.0.0.1 - - [18/May/2026 20:11:30] "GET /static/js/api.js HTTP/1.1" 200 -
20:11:30 [INFO    ] werkzeug — 127.0.0.1 - - [18/May/2026 20:11:30] "GET /static/js/charts/heatmap.js HTTP/1.1" 200 -
20:11:30 [INFO    ] werkzeug — 127.0.0.1 - - [18/May/2026 20:11:30] "GET /static/js/charts/dendrogram.js HTTP/1.1" 200 -
20:11:30 [INFO    ] werkzeug — 127.0.0.1 - - [18/May/2026 20:11:30] "GET /static/js/charts/clustermap.js HTTP/1.1" 200 -
20:11:30 [INFO    ] werkzeug — 127.0.0.1 - - [18/May/2026 20:11:30] "GET /static/js/app.js HTTP/1.1" 200 -
20:11:43 [INFO    ] werkzeug — 127.0.0.1 - - [18/May/2026 20:11:43] "[33mGET /favicon.ico HTTP/1.1[0m" 404 -
20:11:43 [INFO    ] werkzeug — 127.0.0.1 - - [18/May/2026 20:11:43] "GET /api/status HTTP/1.1" 200 -
20:11:43 [INFO    ] werkzeug — 127.0.0.1 - - [18/May/2026 20:11:43] "GET /api/countries HTTP/1.1" 200 -
20:11:43 [INFO    ] werkzeug — 127.0.0.1 - - [18/May/2026 20:11:43] "GET /api/results HTTP/1.1" 200 -
20:11:51 [INFO    ] werkzeug — 127.0.0.1 - - [18/May/2026 20:11:51] "GET /api/status HTTP/1.1" 200 -
20:11:59 [INFO    ] werkzeug — 127.0.0.1 - - [18/May/2026 20:11:59] "GET /api/status HTTP/1.1" 200 -
20:12:00 [INFO    ] werkzeug — 127.0.0.1 - - [18/May/2026 20:12:00] "GET / HTTP/1.1" 200 -
20:12:01 [INFO    ] werkzeug — 127.0.0.1 - - [18/May/2026 20:12:01] "GET /static/css/main.css HTTP/1.1" 200 -
20:12:01 [INFO    ] werkzeug — 127.0.0.1 - - [18/May/2026 20:12:01] "GET /static/js/charts/clustermap.js HTTP/1.1" 200 -
20:12:01 [INFO    ] werkzeug — 127.0.0.1 - - [18/May/2026 20:12:01] "GET /static/js/app.js HTTP/1.1" 200 -
20:12:01 [INFO    ] werkzeug — 127.0.0.1 - - [18/May/2026 20:12:01] "GET /static/js/api.js HTTP/1.1" 200 -
20:12:01 [INFO    ] werkzeug — 127.0.0.1 - - [18/May/2026 20:12:01] "GET /static/js/charts/heatmap.js HTTP/1.1" 200 -
20:12:01 [INFO    ] werkzeug — 127.0.0.1 - - [18/May/2026 20:12:01] "GET /static/js/charts/dendrogram.js HTTP/1.1" 200 -
20:12:01 [INFO    ] werkzeug — 127.0.0.1 - - [18/May/2026 20:12:01] "[33mGET /favicon.ico HTTP/1.1[0m" 404 -
20:12:01 [INFO    ] werkzeug — 127.0.0.1 - - [18/May/2026 20:12:01] "GET /api/status HTTP/1.1" 200 -
20:12:01 [INFO    ] werkzeug — 127.0.0.1 - - [18/May/2026 20:12:01] "GET /api/countries HTTP/1.1" 200 -
20:12:01 [INFO    ] werkzeug — 127.0.0.1 - - [18/May/2026 20:12:01] "GET /api/results HTTP/1.1" 200 -
20:12:02 [INFO    ] werkzeug — 127.0.0.1 - - [18/May/2026 20:12:02] "GET / HTTP/1.1" 200 -
20:12:02 [INFO    ] werkzeug — 127.0.0.1 - - [18/May/2026 20:12:02] "GET /static/css/main.css HTTP/1.1" 200 -
20:12:02 [INFO    ] werkzeug — 127.0.0.1 - - [18/May/2026 20:12:02] "GET /static/js/api.js HTTP/1.1" 200 -
20:12:02 [INFO    ] werkzeug — 127.0.0.1 - - [18/May/2026 20:12:02] "GET /static/js/charts/dendrogram.js HTTP/1.1" 200 -
20:12:02 [INFO    ] werkzeug — 127.0.0.1 - - [18/May/2026 20:12:02] "GET /static/js/charts/heatmap.js HTTP/1.1" 200 -
20:12:02 [INFO    ] werkzeug — 127.0.0.1 - - [18/May/2026 20:12:02] "GET /static/js/charts/clustermap.js HTTP/1.1" 200 -
20:12:02 [INFO    ] werkzeug — 127.0.0.1 - - [18/May/2026 20:12:02] "GET /static/js/app.js HTTP/1.1" 200 -
20:12:03 [INFO    ] werkzeug — 127.0.0.1 - - [18/May/2026 20:12:03] "[33mGET /favicon.ico HTTP/1.1[0m" 404 -
20:12:03 [INFO    ] werkzeug — 127.0.0.1 - - [18/May/2026 20:12:03] "GET /api/status HTTP/1.1" 200 -
20:12:03 [INFO    ] werkzeug — 127.0.0.1 - - [18/May/2026 20:12:03] "GET /api/countries HTTP/1.1" 200 -
20:12:03 [INFO    ] werkzeug — 127.0.0.1 - - [18/May/2026 20:12:03] "GET /api/results HTTP/1.1" 200 -
20:12:03 [INFO    ] werkzeug — 127.0.0.1 - - [18/May/2026 20:12:03] "GET / HTTP/1.1" 200 -
20:12:03 [INFO    ] werkzeug — 127.0.0.1 - - [18/May/2026 20:12:03] "[36mGET /static/css/main.css HTTP/1.1[0m" 304 -
20:12:03 [INFO    ] werkzeug — 127.0.0.1 - - [18/May/2026 20:12:03] "[36mGET /static/js/api.js HTTP/1.1[0m" 304 -
20:12:03 [INFO    ] werkzeug — 127.0.0.1 - - [18/May/2026 20:12:03] "[36mGET /static/js/charts/heatmap.js HTTP/1.1[0m" 304 -
20:12:03 [INFO    ] werkzeug — 127.0.0.1 - - [18/May/2026 20:12:03] "[36mGET /static/js/charts/dendrogram.js HTTP/1.1[0m" 304 -
20:12:03 [INFO    ] werkzeug — 127.0.0.1 - - [18/May/2026 20:12:03] "[36mGET /static/js/charts/clustermap.js HTTP/1.1[0m" 304 -
20:12:03 [INFO    ] werkzeug — 127.0.0.1 - - [18/May/2026 20:12:03] "[36mGET /static/js/app.js HTTP/1.1[0m" 304 -
20:12:04 [INFO    ] werkzeug — 127.0.0.1 - - [18/May/2026 20:12:04] "GET /api/status HTTP/1.1" 200 -
20:12:04 [INFO    ] werkzeug — 127.0.0.1 - - [18/May/2026 20:12:04] "GET /api/countries HTTP/1.1" 200 -
20:12:04 [INFO    ] werkzeug — 127.0.0.1 - - [18/May/2026 20:12:04] "GET /api/results HTTP/1.1" 200 -
20:12:08 [INFO    ] werkzeug — 127.0.0.1 - - [18/May/2026 20:12:08] "GET / HTTP/1.1" 200 -
20:12:08 [INFO    ] werkzeug — 127.0.0.1 - - [18/May/2026 20:12:08] "[36mGET /static/css/main.css HTTP/1.1[0m" 304 -
20:12:08 [INFO    ] werkzeug — 127.0.0.1 - - [18/May/2026 20:12:08] "[36mGET /static/js/api.js HTTP/1.1[0m" 304 -
20:12:08 [INFO    ] werkzeug — 127.0.0.1 - - [18/May/2026 20:12:08] "[36mGET /static/js/charts/heatmap.js HTTP/1.1[0m" 304 -
20:12:08 [INFO    ] werkzeug — 127.0.0.1 - - [18/May/2026 20:12:08] "[36mGET /static/js/charts/dendrogram.js HTTP/1.1[0m" 304 -
20:12:08 [INFO    ] werkzeug — 127.0.0.1 - - [18/May/2026 20:12:08] "[36mGET /static/js/charts/clustermap.js HTTP/1.1[0m" 304 -
20:12:08 [INFO    ] werkzeug — 127.0.0.1 - - [18/May/2026 20:12:08] "[36mGET /static/js/app.js HTTP/1.1[0m" 304 -
20:12:09 [INFO    ] werkzeug — 127.0.0.1 - - [18/May/2026 20:12:09] "GET /api/status HTTP/1.1" 200 -
20:12:09 [INFO    ] werkzeug — 127.0.0.1 - - [18/May/2026 20:12:09] "GET /api/countries HTTP/1.1" 200 -
20:12:09 [INFO    ] werkzeug — 127.0.0.1 - - [18/May/2026 20:12:09] "GET /api/results HTTP/1.1" 200 -
20:12:17 [INFO    ] werkzeug — 127.0.0.1 - - [18/May/2026 20:12:17] "GET /api/status HTTP/1.1" 200 -
20:12:25 [INFO    ] werkzeug — 127.0.0.1 - - [18/May/2026 20:12:25] "GET /api/status HTTP/1.1" 200 -
20:12:33 [INFO    ] werkzeug — 127.0.0.1 - - [18/May/2026 20:12:33] "GET /api/status HTTP/1.1" 200 -
20:12:35 [INFO    ] werkzeug — 127.0.0.1 - - [18/May/2026 20:12:35] "POST /api/matrix/start HTTP/1.1" 200 -
20:12:35 [INFO    ] clustering.distance_matrix — Loaded 12 country trees from 'C:\\Users\\User\\Desktop\\IDPA PROJECT_V2\\IDPA-PROJECT-2\\preprocessed_trees'
20:12:35 [INFO    ] clustering.pipeline — 12 trees loaded.
20:12:35 [INFO    ] clustering.distance_matrix — Loading cached distance matrix from 'C:\\Users\\User\\Desktop\\IDPA PROJECT_V2\\IDPA-PROJECT-2\\output\\clustering\\distance_matrix.json'
20:12:35 [INFO    ] clustering.models — Distance matrix loaded <- C:\Users\User\Desktop\IDPA PROJECT_V2\IDPA-PROJECT-2\output\clustering\distance_matrix.json  (6x6)
20:12:35 [WARNING ] clustering.distance_matrix — Cached matrix labels differ from loaded trees — recomputing.
20:12:35 [INFO    ] clustering.distance_matrix — Computing semantic distance matrix for 12 documents (66 pairs)…
20:12:35 [INFO    ] clustering.distance_matrix — Pre-normalizing trees…
20:12:36 [INFO    ] werkzeug — 127.0.0.1 - - [18/May/2026 20:12:36] "GET /api/job/dc2a4720 HTTP/1.1" 200 -
20:12:37 [INFO    ] clustering.distance_matrix — Matrix stats: {'n': 12, 'pairs': 66, 'min': 0.195275, 'max': 0.414096, 'mean': 0.302929, 'std': 0.04917}
20:12:37 [INFO    ] clustering.models — Distance matrix saved -> C:\Users\User\Desktop\IDPA PROJECT_V2\IDPA-PROJECT-2\output\clustering\distance_matrix.json  (12x12)
20:12:37 [INFO    ] werkzeug — 127.0.0.1 - - [18/May/2026 20:12:37] "GET /api/job/dc2a4720 HTTP/1.1" 200 -
20:12:38 [INFO    ] werkzeug — 127.0.0.1 - - [18/May/2026 20:12:38] "GET /api/status HTTP/1.1" 200 -
20:12:38 [INFO    ] werkzeug — 127.0.0.1 - - [18/May/2026 20:12:38] "GET /api/matrix HTTP/1.1" 200 -
20:12:41 [INFO    ] werkzeug — 127.0.0.1 - - [18/May/2026 20:12:41] "GET /api/status HTTP/1.1" 200 -
20:12:50 [INFO    ] werkzeug — 127.0.0.1 - - [18/May/2026 20:12:50] "GET /api/status HTTP/1.1" 200 -
20:12:58 [INFO    ] werkzeug — 127.0.0.1 - - [18/May/2026 20:12:58] "GET /api/status HTTP/1.1" 200 -
20:13:06 [INFO    ] werkzeug — 127.0.0.1 - - [18/May/2026 20:13:06] "GET /api/status HTTP/1.1" 200 -
20:13:14 [INFO    ] werkzeug — 127.0.0.1 - - [18/May/2026 20:13:14] "GET /api/status HTTP/1.1" 200 -
20:13:17 [INFO    ] werkzeug — [31m[1mWARNING: This is a development server. Do not use it in a production deployment. Use a production WSGI server instead.[0m
 * Running on http://127.0.0.1:5000
20:13:17 [INFO    ] werkzeug — [33mPress CTRL+C to quit[0m
20:13:21 [INFO    ] werkzeug — 127.0.0.1 - - [18/May/2026 20:13:21] "GET /api/status HTTP/1.1" 200 -
20:13:24 [INFO    ] werkzeug — 127.0.0.1 - - [18/May/2026 20:13:24] "GET / HTTP/1.1" 200 -
20:13:25 [INFO    ] werkzeug — 127.0.0.1 - - [18/May/2026 20:13:25] "GET /static/css/main.css HTTP/1.1" 200 -
20:13:25 [INFO    ] werkzeug — 127.0.0.1 - - [18/May/2026 20:13:25] "GET /static/js/app.js HTTP/1.1" 200 -
20:13:25 [INFO    ] werkzeug — 127.0.0.1 - - [18/May/2026 20:13:25] "GET /static/js/charts/dendrogram.js HTTP/1.1" 200 -
20:13:25 [INFO    ] werkzeug — 127.0.0.1 - - [18/May/2026 20:13:25] "GET /static/js/api.js HTTP/1.1" 200 -
20:13:25 [INFO    ] werkzeug — 127.0.0.1 - - [18/May/2026 20:13:25] "GET /static/js/charts/clustermap.js HTTP/1.1" 200 -
20:13:25 [INFO    ] werkzeug — 127.0.0.1 - - [18/May/2026 20:13:25] "GET /static/js/charts/heatmap.js HTTP/1.1" 200 -
20:13:25 [INFO    ] werkzeug — 127.0.0.1 - - [18/May/2026 20:13:25] "[33mGET /favicon.ico HTTP/1.1[0m" 404 -
20:13:25 [INFO    ] werkzeug — 127.0.0.1 - - [18/May/2026 20:13:25] "GET /api/status HTTP/1.1" 200 -
20:13:26 [INFO    ] werkzeug — 127.0.0.1 - - [18/May/2026 20:13:26] "GET /api/countries HTTP/1.1" 200 -
20:13:26 [INFO    ] werkzeug — 127.0.0.1 - - [18/May/2026 20:13:26] "GET /api/results HTTP/1.1" 200 -
20:13:30 [INFO    ] werkzeug — 127.0.0.1 - - [18/May/2026 20:13:30] "GET / HTTP/1.1" 200 -
20:13:30 [INFO    ] werkzeug — 127.0.0.1 - - [18/May/2026 20:13:30] "GET /static/css/main.css HTTP/1.1" 200 -
20:13:30 [INFO    ] werkzeug — 127.0.0.1 - - [18/May/2026 20:13:30] "GET /static/js/api.js HTTP/1.1" 200 -
20:13:30 [INFO    ] werkzeug — 127.0.0.1 - - [18/May/2026 20:13:30] "GET /static/js/charts/heatmap.js HTTP/1.1" 200 -
20:13:30 [INFO    ] werkzeug — 127.0.0.1 - - [18/May/2026 20:13:30] "GET /static/js/charts/dendrogram.js HTTP/1.1" 200 -
20:13:30 [INFO    ] werkzeug — 127.0.0.1 - - [18/May/2026 20:13:30] "GET /static/js/charts/clustermap.js HTTP/1.1" 200 -
20:13:30 [INFO    ] werkzeug — 127.0.0.1 - - [18/May/2026 20:13:30] "GET /static/js/app.js HTTP/1.1" 200 -
20:13:31 [INFO    ] werkzeug — 127.0.0.1 - - [18/May/2026 20:13:31] "[33mGET /favicon.ico HTTP/1.1[0m" 404 -
20:13:31 [INFO    ] werkzeug — 127.0.0.1 - - [18/May/2026 20:13:31] "GET /api/status HTTP/1.1" 200 -
20:13:31 [INFO    ] werkzeug — 127.0.0.1 - - [18/May/2026 20:13:31] "GET /api/countries HTTP/1.1" 200 -
20:13:31 [INFO    ] werkzeug — 127.0.0.1 - - [18/May/2026 20:13:31] "GET /api/results HTTP/1.1" 200 -
20:13:40 [INFO    ] werkzeug — 127.0.0.1 - - [18/May/2026 20:13:40] "GET /api/status HTTP/1.1" 200 -
20:13:48 [INFO    ] werkzeug — 127.0.0.1 - - [18/May/2026 20:13:48] "GET /api/status HTTP/1.1" 200 -
20:13:56 [INFO    ] werkzeug — 127.0.0.1 - - [18/May/2026 20:13:56] "GET /api/status HTTP/1.1" 200 -
20:14:04 [INFO    ] werkzeug — 127.0.0.1 - - [18/May/2026 20:14:04] "GET /api/status HTTP/1.1" 200 -
20:14:12 [INFO    ] werkzeug — 127.0.0.1 - - [18/May/2026 20:14:12] "GET /api/status HTTP/1.1" 200 -
20:14:20 [INFO    ] werkzeug — 127.0.0.1 - - [18/May/2026 20:14:20] "GET /api/status HTTP/1.1" 200 -
20:14:28 [INFO    ] werkzeug — 127.0.0.1 - - [18/May/2026 20:14:28] "GET /api/status HTTP/1.1" 200 -
20:14:36 [INFO    ] werkzeug — 127.0.0.1 - - [18/May/2026 20:14:36] "GET /api/status HTTP/1.1" 200 -
20:14:44 [INFO    ] werkzeug — 127.0.0.1 - - [18/May/2026 20:14:44] "GET /api/status HTTP/1.1" 200 -
20:14:52 [INFO    ] werkzeug — 127.0.0.1 - - [18/May/2026 20:14:52] "GET /api/status HTTP/1.1" 200 -
20:15:00 [INFO    ] werkzeug — 127.0.0.1 - - [18/May/2026 20:15:00] "GET /api/status HTTP/1.1" 200 -
20:15:08 [INFO    ] werkzeug — 127.0.0.1 - - [18/May/2026 20:15:08] "GET /api/status HTTP/1.1" 200 -
20:15:30 [INFO    ] werkzeug — 127.0.0.1 - - [18/May/2026 20:15:30] "GET /api/status HTTP/1.1" 200 -
20:16:30 [INFO    ] werkzeug — 127.0.0.1 - - [18/May/2026 20:16:30] "GET /api/status HTTP/1.1" 200 -
20:17:30 [INFO    ] werkzeug — 127.0.0.1 - - [18/May/2026 20:17:30] "GET /api/status HTTP/1.1" 200 -
20:18:19 [INFO    ] werkzeug — [31m[1mWARNING: This is a development server. Do not use it in a production deployment. Use a production WSGI server instead.[0m
 * Running on http://127.0.0.1:5000
20:18:19 [INFO    ] werkzeug — [33mPress CTRL+C to quit[0m
20:18:24 [INFO    ] werkzeug — 127.0.0.1 - - [18/May/2026 20:18:24] "GET /api/status HTTP/1.1" 200 -
20:18:27 [INFO    ] werkzeug — 127.0.0.1 - - [18/May/2026 20:18:27] "GET /api/status HTTP/1.1" 200 -
20:18:29 [INFO    ] werkzeug — 127.0.0.1 - - [18/May/2026 20:18:29] "GET / HTTP/1.1" 200 -
20:18:29 [INFO    ] werkzeug — 127.0.0.1 - - [18/May/2026 20:18:29] "GET /static/css/main.css HTTP/1.1" 200 -
20:18:29 [INFO    ] werkzeug — 127.0.0.1 - - [18/May/2026 20:18:29] "GET /static/js/api.js HTTP/1.1" 200 -
20:18:29 [INFO    ] werkzeug — 127.0.0.1 - - [18/May/2026 20:18:29] "GET /static/js/charts/dendrogram.js HTTP/1.1" 200 -
20:18:29 [INFO    ] werkzeug — 127.0.0.1 - - [18/May/2026 20:18:29] "GET /static/js/charts/heatmap.js HTTP/1.1" 200 -
20:18:29 [INFO    ] werkzeug — 127.0.0.1 - - [18/May/2026 20:18:29] "GET /static/js/charts/clustermap.js HTTP/1.1" 200 -
20:18:29 [INFO    ] werkzeug — 127.0.0.1 - - [18/May/2026 20:18:29] "GET /static/js/app.js HTTP/1.1" 200 -
20:18:30 [INFO    ] werkzeug — 127.0.0.1 - - [18/May/2026 20:18:30] "GET /api/status HTTP/1.1" 200 -
20:18:30 [INFO    ] werkzeug — 127.0.0.1 - - [18/May/2026 20:18:30] "[33mGET /favicon.ico HTTP/1.1[0m" 404 -
20:18:30 [INFO    ] werkzeug — 127.0.0.1 - - [18/May/2026 20:18:30] "GET /api/countries HTTP/1.1" 200 -
20:18:30 [INFO    ] werkzeug — 127.0.0.1 - - [18/May/2026 20:18:30] "GET /api/results HTTP/1.1" 200 -
20:18:38 [INFO    ] werkzeug — 127.0.0.1 - - [18/May/2026 20:18:38] "GET /api/status HTTP/1.1" 200 -
20:18:46 [INFO    ] werkzeug — 127.0.0.1 - - [18/May/2026 20:18:46] "GET /api/status HTTP/1.1" 200 -
20:18:54 [INFO    ] werkzeug — 127.0.0.1 - - [18/May/2026 20:18:54] "GET /api/status HTTP/1.1" 200 -
20:19:02 [INFO    ] werkzeug — 127.0.0.1 - - [18/May/2026 20:19:02] "GET /api/status HTTP/1.1" 200 -
20:19:10 [INFO    ] werkzeug — 127.0.0.1 - - [18/May/2026 20:19:10] "GET /api/status HTTP/1.1" 200 -
20:19:18 [INFO    ] werkzeug — 127.0.0.1 - - [18/May/2026 20:19:18] "GET /api/status HTTP/1.1" 200 -
20:19:26 [INFO    ] werkzeug — 127.0.0.1 - - [18/May/2026 20:19:26] "GET /api/status HTTP/1.1" 200 -
20:19:30 [INFO    ] werkzeug — 127.0.0.1 - - [18/May/2026 20:19:30] "POST /api/matrix/start HTTP/1.1" 200 -
20:19:30 [INFO    ] clustering.distance_matrix — Loaded 12 country trees from 'C:\\Users\\User\\Desktop\\IDPA PROJECT_V2\\IDPA-PROJECT-2\\preprocessed_trees'
20:19:30 [INFO    ] clustering.pipeline — 12 trees loaded.
20:19:30 [INFO    ] clustering.distance_matrix — Computing semantic distance matrix for 12 documents (66 pairs)…
20:19:30 [INFO    ] clustering.distance_matrix — Pre-normalizing trees (field filter: ['demographics.population', 'economy.currency', 'geography.area'])…
20:19:30 [INFO    ] clustering.distance_matrix — Matrix stats: {'n': 12, 'pairs': 66, 'min': 0.051724, 'max': 0.140573, 'mean': 0.106139, 'std': 0.021588}
20:19:30 [INFO    ] clustering.models — Distance matrix saved -> C:\Users\User\Desktop\IDPA PROJECT_V2\IDPA-PROJECT-2\output\clustering\distance_matrix_12_d4e0e682.json  (12x12)
20:19:31 [INFO    ] werkzeug — 127.0.0.1 - - [18/May/2026 20:19:31] "GET /api/job/4b4f5eaf HTTP/1.1" 200 -
20:19:32 [INFO    ] werkzeug — 127.0.0.1 - - [18/May/2026 20:19:32] "GET /api/status HTTP/1.1" 200 -
20:19:32 [INFO    ] werkzeug — 127.0.0.1 - - [18/May/2026 20:19:32] "GET /api/matrix HTTP/1.1" 200 -
20:19:34 [INFO    ] werkzeug — 127.0.0.1 - - [18/May/2026 20:19:34] "GET /api/status HTTP/1.1" 200 -
20:19:42 [INFO    ] werkzeug — 127.0.0.1 - - [18/May/2026 20:19:42] "GET /api/status HTTP/1.1" 200 -
20:19:47 [INFO    ] clustering.kmedoids — K-Medoids: n=12, k=3, init=heuristic, max_iter=100
20:19:47 [DEBUG   ] clustering.kmedoids — Initial medoids: ['Yemen', 'Lebanon', 'Jordan']
20:19:47 [DEBUG   ] clustering.kmedoids —   iter 0  inertia=0.734371
20:19:47 [DEBUG   ] clustering.kmedoids —     Swap medoid[0]=Yemen → Oman  (inertia=0.731664)
20:19:47 [DEBUG   ] clustering.kmedoids —   iter 1  inertia=0.731664
20:19:47 [DEBUG   ] clustering.kmedoids —     Swap medoid[0]=Oman → Qatar  (inertia=0.726728)
20:19:47 [DEBUG   ] clustering.kmedoids —   iter 2  inertia=0.726728
20:19:47 [DEBUG   ] clustering.kmedoids —     Swap medoid[1]=Lebanon → Iraq  (inertia=0.720991)
20:19:47 [DEBUG   ] clustering.kmedoids —   iter 3  inertia=0.720991
20:19:47 [DEBUG   ] clustering.kmedoids —     Swap medoid[1]=Iraq → Yemen  (inertia=0.705996)
20:19:47 [DEBUG   ] clustering.kmedoids —   iter 4  inertia=0.705996
20:19:47 [DEBUG   ] clustering.kmedoids —     Swap medoid[2]=Jordan → Egypt  (inertia=0.693129)
20:19:47 [DEBUG   ] clustering.kmedoids —   iter 5  inertia=0.693129
20:19:47 [DEBUG   ] clustering.kmedoids —     Swap medoid[2]=Egypt → Syrian_Arab_Republic  (inertia=0.687047)
20:19:47 [DEBUG   ] clustering.kmedoids —   iter 6  inertia=0.687047
20:19:47 [DEBUG   ] clustering.kmedoids —     Swap medoid[1]=Yemen → Israel  (inertia=0.685815)
20:19:47 [DEBUG   ] clustering.kmedoids —   iter 7  inertia=0.685815
20:19:47 [INFO    ] clustering.kmedoids — K-Medoids converged in 8 iteration(s).  Inertia=0.685815
20:19:47 [INFO    ] clustering.kmedoids — K-Medoids complete.  k=3, inertia=0.6858, iters=8
20:19:47 [INFO    ] clustering.evaluation — Computing evaluation metrics for kmedoids result…
20:19:47 [INFO    ] clustering.evaluation — Evaluation complete.  silhouette=0.2328  inertia=0.6858
20:19:47 [INFO    ] clustering.pipeline — run('kmedoids', k=3) finished in 0.00s  inertia=0.6858  silhouette=0.2328
20:19:47 [INFO    ] clustering.models — ClusterResult saved -> C:\Users\User\Desktop\IDPA PROJECT_V2\IDPA-PROJECT-2\output\clustering\kmedoids_k3.json
20:19:47 [INFO    ] werkzeug — 127.0.0.1 - - [18/May/2026 20:19:47] "POST /api/cluster HTTP/1.1" 200 -
20:19:48 [INFO    ] werkzeug — 127.0.0.1 - - [18/May/2026 20:19:48] "GET /api/results HTTP/1.1" 200 -
20:19:48 [INFO    ] werkzeug — 127.0.0.1 - - [18/May/2026 20:19:48] "GET /api/results HTTP/1.1" 200 -
20:19:48 [INFO    ] werkzeug — 127.0.0.1 - - [18/May/2026 20:19:48] "GET /api/result/kmedoids_k3.json HTTP/1.1" 200 -
20:19:50 [INFO    ] werkzeug — 127.0.0.1 - - [18/May/2026 20:19:50] "GET /api/status HTTP/1.1" 200 -
20:19:58 [INFO    ] werkzeug — 127.0.0.1 - - [18/May/2026 20:19:58] "GET /api/status HTTP/1.1" 200 -
20:20:06 [INFO    ] werkzeug — 127.0.0.1 - - [18/May/2026 20:20:06] "GET /api/status HTTP/1.1" 200 -
20:20:14 [INFO    ] werkzeug — 127.0.0.1 - - [18/May/2026 20:20:14] "GET /api/status HTTP/1.1" 200 -
20:20:23 [INFO    ] werkzeug — 127.0.0.1 - - [18/May/2026 20:20:23] "GET /api/status HTTP/1.1" 200 -
20:20:28 [INFO    ] werkzeug — 127.0.0.1 - - [18/May/2026 20:20:28] "GET /api/results HTTP/1.1" 200 -
20:20:30 [INFO    ] werkzeug — 127.0.0.1 - - [18/May/2026 20:20:30] "GET /api/status HTTP/1.1" 200 -
20:20:39 [INFO    ] werkzeug — 127.0.0.1 - - [18/May/2026 20:20:39] "GET /api/status HTTP/1.1" 200 -
20:20:46 [INFO    ] werkzeug — 127.0.0.1 - - [18/May/2026 20:20:46] "GET /api/status HTTP/1.1" 200 -
20:20:54 [INFO    ] werkzeug — 127.0.0.1 - - [18/May/2026 20:20:54] "GET /api/status HTTP/1.1" 200 -
20:20:58 [INFO    ] werkzeug — 127.0.0.1 - - [18/May/2026 20:20:58] "POST /api/matrix/start HTTP/1.1" 200 -
20:20:58 [INFO    ] clustering.distance_matrix — Loaded 12 country trees from 'C:\\Users\\User\\Desktop\\IDPA PROJECT_V2\\IDPA-PROJECT-2\\preprocessed_trees'
20:20:58 [INFO    ] clustering.pipeline — 12 trees loaded.
20:20:58 [INFO    ] clustering.distance_matrix — Computing semantic distance matrix for 12 documents (66 pairs)…
20:20:58 [INFO    ] clustering.distance_matrix — Pre-normalizing trees (field filter: ['demographics.ethnic_groups', 'demographics.religion', 'languages.official', 'languages.recognized', 'languages.spoken', 'politics.government'])…
20:20:58 [INFO    ] clustering.distance_matrix — Matrix stats: {'n': 12, 'pairs': 66, 'min': 0.0375, 'max': 0.408711, 'mean': 0.243122, 'std': 0.08896}
20:20:58 [INFO    ] clustering.models — Distance matrix saved -> C:\Users\User\Desktop\IDPA PROJECT_V2\IDPA-PROJECT-2\output\clustering\distance_matrix_12_3875e364.json  (12x12)
20:21:00 [INFO    ] werkzeug — 127.0.0.1 - - [18/May/2026 20:21:00] "GET /api/job/feee7fc5 HTTP/1.1" 200 -
20:21:00 [INFO    ] werkzeug — 127.0.0.1 - - [18/May/2026 20:21:00] "GET /api/status HTTP/1.1" 200 -
20:21:00 [INFO    ] werkzeug — 127.0.0.1 - - [18/May/2026 20:21:00] "GET /api/matrix HTTP/1.1" 200 -
20:21:02 [INFO    ] werkzeug — 127.0.0.1 - - [18/May/2026 20:21:02] "GET /api/status HTTP/1.1" 200 -
20:21:06 [INFO    ] clustering.kmedoids — K-Medoids: n=12, k=3, init=heuristic, max_iter=100
20:21:06 [DEBUG   ] clustering.kmedoids — Initial medoids: ['Kuwait', 'Yemen', 'Israel']
20:21:06 [DEBUG   ] clustering.kmedoids —   iter 0  inertia=1.409369
20:21:06 [DEBUG   ] clustering.kmedoids —     Swap medoid[0]=Kuwait → Egypt  (inertia=1.390212)
20:21:06 [DEBUG   ] clustering.kmedoids —   iter 1  inertia=1.390212
20:21:06 [DEBUG   ] clustering.kmedoids —     Swap medoid[0]=Egypt → Saudi_Arabia  (inertia=1.313405)
20:21:06 [DEBUG   ] clustering.kmedoids —   iter 2  inertia=1.313405
20:21:06 [DEBUG   ] clustering.kmedoids —     Swap medoid[2]=Israel → Lebanon  (inertia=1.245587)
20:21:06 [DEBUG   ] clustering.kmedoids —   iter 3  inertia=1.245587
20:21:06 [DEBUG   ] clustering.kmedoids —     Swap medoid[2]=Lebanon → Syrian_Arab_Republic  (inertia=1.240026)
20:21:06 [DEBUG   ] clustering.kmedoids —   iter 4  inertia=1.240026
20:21:06 [INFO    ] clustering.kmedoids — K-Medoids converged in 5 iteration(s).  Inertia=1.240026
20:21:06 [INFO    ] clustering.kmedoids — K-Medoids complete.  k=3, inertia=1.2400, iters=5
20:21:06 [INFO    ] clustering.evaluation — Computing evaluation metrics for kmedoids result…
20:21:06 [INFO    ] clustering.evaluation — Evaluation complete.  silhouette=0.4063  inertia=1.2400
20:21:06 [INFO    ] clustering.pipeline — run('kmedoids', k=3) finished in 0.00s  inertia=1.2400  silhouette=0.4063
20:21:06 [INFO    ] clustering.models — ClusterResult saved -> C:\Users\User\Desktop\IDPA PROJECT_V2\IDPA-PROJECT-2\output\clustering\kmedoids_k3.json
20:21:06 [INFO    ] werkzeug — 127.0.0.1 - - [18/May/2026 20:21:06] "POST /api/cluster HTTP/1.1" 200 -
20:21:06 [INFO    ] werkzeug — 127.0.0.1 - - [18/May/2026 20:21:06] "GET /api/results HTTP/1.1" 200 -
20:21:06 [INFO    ] werkzeug — 127.0.0.1 - - [18/May/2026 20:21:06] "GET /api/results HTTP/1.1" 200 -
20:21:06 [INFO    ] werkzeug — 127.0.0.1 - - [18/May/2026 20:21:06] "GET /api/result/kmedoids_k3.json HTTP/1.1" 200 -
20:21:10 [INFO    ] werkzeug — 127.0.0.1 - - [18/May/2026 20:21:10] "GET /api/status HTTP/1.1" 200 -
20:21:18 [INFO    ] werkzeug — 127.0.0.1 - - [18/May/2026 20:21:18] "GET /api/status HTTP/1.1" 200 -
20:21:22 [INFO    ] clustering.hierarchical — HAC: n=12, k=3, linkage=average
20:21:22 [DEBUG   ] clustering.hierarchical —   Merged clusters 7+9 → 12  (dist=0.0375, size=2)
20:21:22 [DEBUG   ] clustering.hierarchical —   Merged clusters 1+12 → 13  (dist=0.0792, size=3)
20:21:22 [DEBUG   ] clustering.hierarchical —   Merged clusters 5+8 → 14  (dist=0.1083, size=2)
20:21:22 [DEBUG   ] clustering.hierarchical —   Merged clusters 4+14 → 15  (dist=0.1153, size=3)
20:21:22 [DEBUG   ] clustering.hierarchical —   Merged clusters 6+10 → 16  (dist=0.1190, size=2)
20:21:22 [DEBUG   ] clustering.hierarchical —   Merged clusters 13+15 → 17  (dist=0.1594, size=6)
20:21:22 [DEBUG   ] clustering.hierarchical —   Merged clusters 0+11 → 18  (dist=0.1769, size=2)
20:21:22 [DEBUG   ] clustering.hierarchical —   Merged clusters 2+17 → 19  (dist=0.1860, size=7)
20:21:22 [DEBUG   ] clustering.hierarchical —   Merged clusters 3+16 → 20  (dist=0.1896, size=3)
20:21:22 [INFO    ] clustering.hierarchical — HAC complete.  Inertia=1.2400
20:21:22 [INFO    ] clustering.evaluation — Computing evaluation metrics for hierarchical result…
20:21:22 [INFO    ] clustering.evaluation — Evaluation complete.  silhouette=0.4063  inertia=1.2400
20:21:22 [INFO    ] clustering.pipeline — run('hierarchical', k=3) finished in 0.00s  inertia=1.2400  silhouette=0.4063
20:21:22 [INFO    ] clustering.models — ClusterResult saved -> C:\Users\User\Desktop\IDPA PROJECT_V2\IDPA-PROJECT-2\output\clustering\hierarchical_k3.json
20:21:22 [INFO    ] werkzeug — 127.0.0.1 - - [18/May/2026 20:21:22] "POST /api/cluster HTTP/1.1" 200 -
20:21:22 [INFO    ] werkzeug — 127.0.0.1 - - [18/May/2026 20:21:22] "GET /api/results HTTP/1.1" 200 -
20:21:22 [INFO    ] werkzeug — 127.0.0.1 - - [18/May/2026 20:21:22] "GET /api/results HTTP/1.1" 200 -
20:21:22 [INFO    ] werkzeug — 127.0.0.1 - - [18/May/2026 20:21:22] "GET /api/result/hierarchical_k3.json HTTP/1.1" 200 -
20:21:26 [INFO    ] werkzeug — 127.0.0.1 - - [18/May/2026 20:21:26] "GET /api/status HTTP/1.1" 200 -
20:21:34 [INFO    ] werkzeug — 127.0.0.1 - - [18/May/2026 20:21:34] "GET /api/status HTTP/1.1" 200 -
20:21:43 [INFO    ] werkzeug — 127.0.0.1 - - [18/May/2026 20:21:43] "GET /api/status HTTP/1.1" 200 -
20:21:51 [INFO    ] werkzeug — 127.0.0.1 - - [18/May/2026 20:21:51] "GET /api/status HTTP/1.1" 200 -
20:21:59 [INFO    ] werkzeug — 127.0.0.1 - - [18/May/2026 20:21:59] "GET /api/status HTTP/1.1" 200 -
20:22:07 [INFO    ] werkzeug — 127.0.0.1 - - [18/May/2026 20:22:07] "GET /api/status HTTP/1.1" 200 -
20:22:15 [INFO    ] werkzeug — 127.0.0.1 - - [18/May/2026 20:22:15] "GET /api/status HTTP/1.1" 200 -
20:22:23 [INFO    ] werkzeug — 127.0.0.1 - - [18/May/2026 20:22:23] "GET /api/status HTTP/1.1" 200 -
20:22:31 [INFO    ] werkzeug — 127.0.0.1 - - [18/May/2026 20:22:31] "GET /api/status HTTP/1.1" 200 -
20:22:39 [INFO    ] werkzeug — 127.0.0.1 - - [18/May/2026 20:22:39] "GET /api/status HTTP/1.1" 200 -
20:23:30 [INFO    ] werkzeug — 127.0.0.1 - - [18/May/2026 20:23:30] "GET /api/status HTTP/1.1" 200 -
20:24:30 [INFO    ] werkzeug — 127.0.0.1 - - [18/May/2026 20:24:30] "GET /api/status HTTP/1.1" 200 -
20:25:30 [INFO    ] werkzeug — 127.0.0.1 - - [18/May/2026 20:25:30] "GET /api/status HTTP/1.1" 200 -
20:26:30 [INFO    ] werkzeug — 127.0.0.1 - - [18/May/2026 20:26:30] "GET /api/status HTTP/1.1" 200 -
20:27:30 [INFO    ] werkzeug — 127.0.0.1 - - [18/May/2026 20:27:30] "GET /api/status HTTP/1.1" 200 -
20:28:30 [INFO    ] werkzeug — 127.0.0.1 - - [18/May/2026 20:28:30] "GET /api/status HTTP/1.1" 200 -
20:29:30 [INFO    ] werkzeug — 127.0.0.1 - - [18/May/2026 20:29:30] "GET /api/status HTTP/1.1" 200 -
20:30:30 [INFO    ] werkzeug — 127.0.0.1 - - [18/May/2026 20:30:30] "GET /api/status HTTP/1.1" 200 -
20:31:30 [INFO    ] werkzeug — 127.0.0.1 - - [18/May/2026 20:31:30] "GET /api/status HTTP/1.1" 200 -
20:32:30 [INFO    ] werkzeug — 127.0.0.1 - - [18/May/2026 20:32:30] "GET /api/status HTTP/1.1" 200 -
20:33:30 [INFO    ] werkzeug — 127.0.0.1 - - [18/May/2026 20:33:30] "GET /api/status HTTP/1.1" 200 -
20:34:30 [INFO    ] werkzeug — 127.0.0.1 - - [18/May/2026 20:34:30] "GET /api/status HTTP/1.1" 200 -
20:35:30 [INFO    ] werkzeug — 127.0.0.1 - - [18/May/2026 20:35:30] "GET /api/status HTTP/1.1" 200 -
20:36:30 [INFO    ] werkzeug — 127.0.0.1 - - [18/May/2026 20:36:30] "GET /api/status HTTP/1.1" 200 -
20:37:30 [INFO    ] werkzeug — 127.0.0.1 - - [18/May/2026 20:37:30] "GET /api/status HTTP/1.1" 200 -
20:38:30 [INFO    ] werkzeug — 127.0.0.1 - - [18/May/2026 20:38:30] "GET /api/status HTTP/1.1" 200 -
20:39:30 [INFO    ] werkzeug — 127.0.0.1 - - [18/May/2026 20:39:30] "GET /api/status HTTP/1.1" 200 -
20:40:30 [INFO    ] werkzeug — 127.0.0.1 - - [18/May/2026 20:40:30] "GET /api/status HTTP/1.1" 200 -
20:41:30 [INFO    ] werkzeug — 127.0.0.1 - - [18/May/2026 20:41:30] "GET /api/status HTTP/1.1" 200 -
20:42:30 [INFO    ] werkzeug — 127.0.0.1 - - [18/May/2026 20:42:30] "GET /api/status HTTP/1.1" 200 -
20:43:19 [INFO    ] werkzeug — 127.0.0.1 - - [18/May/2026 20:43:19] "GET /api/status HTTP/1.1" 200 -
20:43:20 [INFO    ] werkzeug — 127.0.0.1 - - [18/May/2026 20:43:20] "GET / HTTP/1.1" 200 -
20:43:20 [INFO    ] werkzeug — 127.0.0.1 - - [18/May/2026 20:43:20] "GET /static/css/main.css HTTP/1.1" 200 -
20:43:20 [INFO    ] werkzeug — 127.0.0.1 - - [18/May/2026 20:43:20] "[36mGET /static/js/charts/dendrogram.js HTTP/1.1[0m" 304 -
20:43:20 [INFO    ] werkzeug — 127.0.0.1 - - [18/May/2026 20:43:20] "[36mGET /static/js/charts/heatmap.js HTTP/1.1[0m" 304 -
20:43:20 [INFO    ] werkzeug — 127.0.0.1 - - [18/May/2026 20:43:20] "[36mGET /static/js/api.js HTTP/1.1[0m" 304 -
20:43:20 [INFO    ] werkzeug — 127.0.0.1 - - [18/May/2026 20:43:20] "[36mGET /static/js/charts/clustermap.js HTTP/1.1[0m" 304 -
20:43:20 [INFO    ] werkzeug — 127.0.0.1 - - [18/May/2026 20:43:20] "GET /static/js/app.js HTTP/1.1" 200 -
20:43:21 [INFO    ] werkzeug — 127.0.0.1 - - [18/May/2026 20:43:21] "GET /api/status HTTP/1.1" 200 -
20:43:21 [INFO    ] werkzeug — 127.0.0.1 - - [18/May/2026 20:43:21] "GET /api/countries HTTP/1.1" 200 -
20:43:21 [INFO    ] werkzeug — 127.0.0.1 - - [18/May/2026 20:43:21] "GET /api/results HTTP/1.1" 200 -
20:43:29 [INFO    ] werkzeug — 127.0.0.1 - - [18/May/2026 20:43:29] "GET /api/status HTTP/1.1" 200 -
20:43:35 [INFO    ] clustering.hierarchical — HAC: n=12, k=5, linkage=average
20:43:35 [DEBUG   ] clustering.hierarchical —   Merged clusters 7+9 → 12  (dist=0.0375, size=2)
20:43:35 [DEBUG   ] clustering.hierarchical —   Merged clusters 1+12 → 13  (dist=0.0792, size=3)
20:43:35 [DEBUG   ] clustering.hierarchical —   Merged clusters 5+8 → 14  (dist=0.1083, size=2)
20:43:35 [DEBUG   ] clustering.hierarchical —   Merged clusters 4+14 → 15  (dist=0.1153, size=3)
20:43:35 [DEBUG   ] clustering.hierarchical —   Merged clusters 6+10 → 16  (dist=0.1190, size=2)
20:43:35 [DEBUG   ] clustering.hierarchical —   Merged clusters 13+15 → 17  (dist=0.1594, size=6)
20:43:35 [DEBUG   ] clustering.hierarchical —   Merged clusters 0+11 → 18  (dist=0.1769, size=2)
20:43:35 [INFO    ] clustering.hierarchical — HAC complete.  Inertia=0.8511
20:43:35 [INFO    ] clustering.evaluation — Computing evaluation metrics for hierarchical result…
20:43:35 [INFO    ] clustering.evaluation — Evaluation complete.  silhouette=0.2746  inertia=0.8511
20:43:35 [INFO    ] clustering.pipeline — run('hierarchical', k=5) finished in 0.00s  inertia=0.8511  silhouette=0.2746
20:43:35 [INFO    ] clustering.models — ClusterResult saved -> C:\Users\User\Desktop\IDPA PROJECT_V2\IDPA-PROJECT-2\output\clustering\hierarchical_k5.json
20:43:35 [INFO    ] werkzeug — 127.0.0.1 - - [18/May/2026 20:43:35] "POST /api/cluster HTTP/1.1" 200 -
20:43:36 [INFO    ] werkzeug — 127.0.0.1 - - [18/May/2026 20:43:36] "GET /api/results HTTP/1.1" 200 -
20:43:36 [INFO    ] werkzeug — 127.0.0.1 - - [18/May/2026 20:43:36] "GET /api/result/hierarchical_k5.json HTTP/1.1" 200 -
20:43:36 [INFO    ] werkzeug — 127.0.0.1 - - [18/May/2026 20:43:36] "GET /api/matrix?id=3875e364ab7b HTTP/1.1" 200 -
20:43:36 [INFO    ] werkzeug — 127.0.0.1 - - [18/May/2026 20:43:36] "GET /api/results HTTP/1.1" 200 -
20:43:37 [INFO    ] werkzeug — 127.0.0.1 - - [18/May/2026 20:43:37] "GET /api/status HTTP/1.1" 200 -
20:43:45 [INFO    ] werkzeug — 127.0.0.1 - - [18/May/2026 20:43:45] "GET /api/status HTTP/1.1" 200 -
20:43:46 [INFO    ] werkzeug — 127.0.0.1 - - [18/May/2026 20:43:46] "POST /api/matrix/start HTTP/1.1" 200 -
20:43:46 [INFO    ] clustering.distance_matrix — Loaded 12 country trees from 'C:\\Users\\User\\Desktop\\IDPA PROJECT_V2\\IDPA-PROJECT-2\\preprocessed_trees'
20:43:46 [INFO    ] clustering.pipeline — 12 trees loaded.
20:43:46 [INFO    ] clustering.distance_matrix — Computing semantic distance matrix for 12 documents (66 pairs)…
20:43:46 [INFO    ] clustering.distance_matrix — Pre-normalizing trees…
20:43:47 [INFO    ] werkzeug — 127.0.0.1 - - [18/May/2026 20:43:47] "GET /api/job/03ebf89b HTTP/1.1" 200 -
20:43:48 [INFO    ] werkzeug — 127.0.0.1 - - [18/May/2026 20:43:48] "GET /api/job/03ebf89b HTTP/1.1" 200 -
20:43:48 [INFO    ] clustering.distance_matrix — Matrix stats: {'n': 12, 'pairs': 66, 'min': 0.195275, 'max': 0.414096, 'mean': 0.302929, 'std': 0.04917}
20:43:48 [INFO    ] clustering.models — Distance matrix saved -> C:\Users\User\Desktop\IDPA PROJECT_V2\IDPA-PROJECT-2\output\clustering\distance_matrix_12_4d5af8c5.json  (12x12)
20:43:49 [INFO    ] werkzeug — 127.0.0.1 - - [18/May/2026 20:43:49] "GET /api/job/03ebf89b HTTP/1.1" 200 -
20:43:49 [INFO    ] werkzeug — 127.0.0.1 - - [18/May/2026 20:43:49] "GET /api/status HTTP/1.1" 200 -
20:43:50 [INFO    ] werkzeug — 127.0.0.1 - - [18/May/2026 20:43:50] "GET /api/matrix HTTP/1.1" 200 -
20:43:53 [INFO    ] werkzeug — 127.0.0.1 - - [18/May/2026 20:43:53] "GET /api/status HTTP/1.1" 200 -
20:43:53 [INFO    ] clustering.hierarchical — HAC: n=12, k=5, linkage=average
20:43:53 [DEBUG   ] clustering.hierarchical —   Merged clusters 5+8 → 12  (dist=0.1953, size=2)
20:43:53 [DEBUG   ] clustering.hierarchical —   Merged clusters 6+10 → 13  (dist=0.1986, size=2)
20:43:53 [DEBUG   ] clustering.hierarchical —   Merged clusters 3+13 → 14  (dist=0.2095, size=3)
20:43:53 [DEBUG   ] clustering.hierarchical —   Merged clusters 1+2 → 15  (dist=0.2407, size=2)
20:43:53 [DEBUG   ] clustering.hierarchical —   Merged clusters 9+12 → 16  (dist=0.2500, size=3)
20:43:53 [DEBUG   ] clustering.hierarchical —   Merged clusters 4+15 → 17  (dist=0.2529, size=3)
20:43:53 [DEBUG   ] clustering.hierarchical —   Merged clusters 7+17 → 18  (dist=0.2736, size=4)
20:43:53 [INFO    ] clustering.hierarchical — HAC complete.  Inertia=1.6007
20:43:53 [INFO    ] clustering.evaluation — Computing evaluation metrics for hierarchical result…
20:43:53 [INFO    ] clustering.evaluation — Evaluation complete.  silhouette=0.1341  inertia=1.6007
20:43:53 [INFO    ] clustering.pipeline — run('hierarchical', k=5) finished in 0.00s  inertia=1.6007  silhouette=0.1341
20:43:53 [INFO    ] clustering.models — ClusterResult saved -> C:\Users\User\Desktop\IDPA PROJECT_V2\IDPA-PROJECT-2\output\clustering\hierarchical_k5.json
20:43:53 [INFO    ] werkzeug — 127.0.0.1 - - [18/May/2026 20:43:53] "POST /api/cluster HTTP/1.1" 200 -
20:43:54 [INFO    ] werkzeug — 127.0.0.1 - - [18/May/2026 20:43:54] "GET /api/results HTTP/1.1" 200 -
20:43:54 [INFO    ] werkzeug — 127.0.0.1 - - [18/May/2026 20:43:54] "GET /api/results HTTP/1.1" 200 -
20:43:54 [INFO    ] werkzeug — 127.0.0.1 - - [18/May/2026 20:43:54] "GET /api/result/hierarchical_k5.json HTTP/1.1" 200 -
20:44:01 [INFO    ] werkzeug — 127.0.0.1 - - [18/May/2026 20:44:01] "GET /api/status HTTP/1.1" 200 -
20:44:03 [INFO    ] clustering.hierarchical — HAC: n=12, k=5, linkage=average
20:44:03 [DEBUG   ] clustering.hierarchical —   Merged clusters 5+8 → 12  (dist=0.1953, size=2)
20:44:03 [DEBUG   ] clustering.hierarchical —   Merged clusters 6+10 → 13  (dist=0.1986, size=2)
20:44:03 [DEBUG   ] clustering.hierarchical —   Merged clusters 3+13 → 14  (dist=0.2095, size=3)
20:44:03 [DEBUG   ] clustering.hierarchical —   Merged clusters 1+2 → 15  (dist=0.2407, size=2)
20:44:03 [DEBUG   ] clustering.hierarchical —   Merged clusters 9+12 → 16  (dist=0.2500, size=3)
20:44:03 [DEBUG   ] clustering.hierarchical —   Merged clusters 4+15 → 17  (dist=0.2529, size=3)
20:44:03 [DEBUG   ] clustering.hierarchical —   Merged clusters 7+17 → 18  (dist=0.2736, size=4)
20:44:03 [INFO    ] clustering.hierarchical — HAC complete.  Inertia=1.6007
20:44:03 [INFO    ] clustering.evaluation — Computing evaluation metrics for hierarchical result…
20:44:03 [INFO    ] clustering.evaluation — Evaluation complete.  silhouette=0.1341  inertia=1.6007
20:44:03 [INFO    ] clustering.pipeline — run('hierarchical', k=5) finished in 0.00s  inertia=1.6007  silhouette=0.1341
20:44:03 [INFO    ] clustering.models — ClusterResult saved -> C:\Users\User\Desktop\IDPA PROJECT_V2\IDPA-PROJECT-2\output\clustering\hierarchical_k5.json
20:44:03 [INFO    ] werkzeug — 127.0.0.1 - - [18/May/2026 20:44:03] "POST /api/cluster HTTP/1.1" 200 -
20:44:03 [INFO    ] werkzeug — 127.0.0.1 - - [18/May/2026 20:44:03] "GET /api/results HTTP/1.1" 200 -
20:44:04 [INFO    ] werkzeug — 127.0.0.1 - - [18/May/2026 20:44:04] "GET /api/results HTTP/1.1" 200 -
20:44:04 [INFO    ] werkzeug — 127.0.0.1 - - [18/May/2026 20:44:04] "GET /api/result/hierarchical_k5.json HTTP/1.1" 200 -
20:44:09 [INFO    ] werkzeug — 127.0.0.1 - - [18/May/2026 20:44:09] "GET /api/status HTTP/1.1" 200 -
20:44:11 [INFO    ] werkzeug — 127.0.0.1 - - [18/May/2026 20:44:11] "GET / HTTP/1.1" 200 -
20:44:11 [INFO    ] werkzeug — 127.0.0.1 - - [18/May/2026 20:44:11] "[36mGET /static/css/main.css HTTP/1.1[0m" 304 -
20:44:11 [INFO    ] werkzeug — 127.0.0.1 - - [18/May/2026 20:44:11] "[36mGET /static/js/api.js HTTP/1.1[0m" 304 -
20:44:11 [INFO    ] werkzeug — 127.0.0.1 - - [18/May/2026 20:44:11] "[36mGET /static/js/charts/dendrogram.js HTTP/1.1[0m" 304 -
20:44:11 [INFO    ] werkzeug — 127.0.0.1 - - [18/May/2026 20:44:11] "[36mGET /static/js/app.js HTTP/1.1[0m" 304 -
20:44:11 [INFO    ] werkzeug — 127.0.0.1 - - [18/May/2026 20:44:11] "[36mGET /static/js/charts/heatmap.js HTTP/1.1[0m" 304 -
20:44:11 [INFO    ] werkzeug — 127.0.0.1 - - [18/May/2026 20:44:11] "[36mGET /static/js/charts/clustermap.js HTTP/1.1[0m" 304 -
20:44:11 [INFO    ] werkzeug — 127.0.0.1 - - [18/May/2026 20:44:11] "GET /api/status HTTP/1.1" 200 -
20:44:12 [INFO    ] werkzeug — 127.0.0.1 - - [18/May/2026 20:44:12] "GET /api/countries HTTP/1.1" 200 -
20:44:12 [INFO    ] werkzeug — 127.0.0.1 - - [18/May/2026 20:44:12] "GET /api/results HTTP/1.1" 200 -
20:44:20 [INFO    ] werkzeug — 127.0.0.1 - - [18/May/2026 20:44:20] "GET /api/status HTTP/1.1" 200 -
20:44:23 [INFO    ] werkzeug — 127.0.0.1 - - [18/May/2026 20:44:23] "POST /api/matrix/start HTTP/1.1" 200 -
20:44:23 [INFO    ] clustering.distance_matrix — Loaded 12 country trees from 'C:\\Users\\User\\Desktop\\IDPA PROJECT_V2\\IDPA-PROJECT-2\\preprocessed_trees'
20:44:23 [INFO    ] clustering.pipeline — 12 trees loaded.
20:44:23 [INFO    ] clustering.distance_matrix — Loading cached distance matrix from 'C:\\Users\\User\\Desktop\\IDPA PROJECT_V2\\IDPA-PROJECT-2\\output\\clustering\\distance_matrix_12_4d5af8c5.json'
20:44:23 [INFO    ] clustering.models — Distance matrix loaded <- C:\Users\User\Desktop\IDPA PROJECT_V2\IDPA-PROJECT-2\output\clustering\distance_matrix_12_4d5af8c5.json  (12x12)
20:44:25 [INFO    ] werkzeug — 127.0.0.1 - - [18/May/2026 20:44:25] "GET /api/job/02ff4d39 HTTP/1.1" 200 -
20:44:25 [INFO    ] werkzeug — 127.0.0.1 - - [18/May/2026 20:44:25] "GET /api/status HTTP/1.1" 200 -
20:44:25 [INFO    ] werkzeug — 127.0.0.1 - - [18/May/2026 20:44:25] "GET /api/matrix HTTP/1.1" 200 -
20:44:28 [INFO    ] werkzeug — 127.0.0.1 - - [18/May/2026 20:44:28] "GET /api/status HTTP/1.1" 200 -
20:44:34 [INFO    ] clustering.hierarchical — HAC: n=12, k=5, linkage=average
20:44:34 [DEBUG   ] clustering.hierarchical —   Merged clusters 5+8 → 12  (dist=0.1953, size=2)
20:44:34 [DEBUG   ] clustering.hierarchical —   Merged clusters 6+10 → 13  (dist=0.1986, size=2)
20:44:34 [DEBUG   ] clustering.hierarchical —   Merged clusters 3+13 → 14  (dist=0.2095, size=3)
20:44:34 [DEBUG   ] clustering.hierarchical —   Merged clusters 1+2 → 15  (dist=0.2407, size=2)
20:44:34 [DEBUG   ] clustering.hierarchical —   Merged clusters 9+12 → 16  (dist=0.2500, size=3)
20:44:34 [DEBUG   ] clustering.hierarchical —   Merged clusters 4+15 → 17  (dist=0.2529, size=3)
20:44:34 [DEBUG   ] clustering.hierarchical —   Merged clusters 7+17 → 18  (dist=0.2736, size=4)
20:44:34 [INFO    ] clustering.hierarchical — HAC complete.  Inertia=1.6007
20:44:34 [INFO    ] clustering.evaluation — Computing evaluation metrics for hierarchical result…
20:44:34 [INFO    ] clustering.evaluation — Evaluation complete.  silhouette=0.1341  inertia=1.6007
20:44:34 [INFO    ] clustering.pipeline — run('hierarchical', k=5) finished in 0.00s  inertia=1.6007  silhouette=0.1341
20:44:34 [INFO    ] clustering.models — ClusterResult saved -> C:\Users\User\Desktop\IDPA PROJECT_V2\IDPA-PROJECT-2\output\clustering\hierarchical_k5.json
20:44:34 [INFO    ] werkzeug — 127.0.0.1 - - [18/May/2026 20:44:34] "POST /api/cluster HTTP/1.1" 200 -
20:44:35 [INFO    ] werkzeug — 127.0.0.1 - - [18/May/2026 20:44:35] "GET /api/results HTTP/1.1" 200 -
20:44:35 [INFO    ] werkzeug — 127.0.0.1 - - [18/May/2026 20:44:35] "GET /api/results HTTP/1.1" 200 -
20:44:35 [INFO    ] werkzeug — 127.0.0.1 - - [18/May/2026 20:44:35] "GET /api/result/hierarchical_k5.json HTTP/1.1" 200 -
20:44:36 [INFO    ] werkzeug — 127.0.0.1 - - [18/May/2026 20:44:36] "GET /api/status HTTP/1.1" 200 -
20:44:44 [INFO    ] werkzeug — 127.0.0.1 - - [18/May/2026 20:44:44] "GET /api/results HTTP/1.1" 200 -
20:44:44 [INFO    ] werkzeug — 127.0.0.1 - - [18/May/2026 20:44:44] "GET /api/status HTTP/1.1" 200 -
20:44:45 [INFO    ] werkzeug — 127.0.0.1 - - [18/May/2026 20:44:45] "GET /api/results HTTP/1.1" 200 -
20:44:53 [INFO    ] werkzeug — 127.0.0.1 - - [18/May/2026 20:44:53] "GET /api/status HTTP/1.1" 200 -
20:45:01 [INFO    ] werkzeug — 127.0.0.1 - - [18/May/2026 20:45:01] "GET /api/status HTTP/1.1" 200 -
20:45:09 [INFO    ] werkzeug — 127.0.0.1 - - [18/May/2026 20:45:09] "GET /api/status HTTP/1.1" 200 -
20:45:16 [INFO    ] werkzeug — 127.0.0.1 - - [18/May/2026 20:45:16] "GET /api/status HTTP/1.1" 200 -
20:45:19 [INFO    ] werkzeug — 127.0.0.1 - - [18/May/2026 20:45:19] "GET / HTTP/1.1" 200 -
20:45:19 [INFO    ] werkzeug — 127.0.0.1 - - [18/May/2026 20:45:19] "[36mGET /static/css/main.css HTTP/1.1[0m" 304 -
20:45:19 [INFO    ] werkzeug — 127.0.0.1 - - [18/May/2026 20:45:19] "[36mGET /static/js/api.js HTTP/1.1[0m" 304 -
20:45:19 [INFO    ] werkzeug — 127.0.0.1 - - [18/May/2026 20:45:19] "[36mGET /static/js/charts/heatmap.js HTTP/1.1[0m" 304 -
20:45:19 [INFO    ] werkzeug — 127.0.0.1 - - [18/May/2026 20:45:19] "[36mGET /static/js/charts/dendrogram.js HTTP/1.1[0m" 304 -
20:45:19 [INFO    ] werkzeug — 127.0.0.1 - - [18/May/2026 20:45:19] "[36mGET /static/js/charts/clustermap.js HTTP/1.1[0m" 304 -
20:45:19 [INFO    ] werkzeug — 127.0.0.1 - - [18/May/2026 20:45:19] "[36mGET /static/js/app.js HTTP/1.1[0m" 304 -
20:45:19 [INFO    ] werkzeug — 127.0.0.1 - - [18/May/2026 20:45:19] "GET /api/status HTTP/1.1" 200 -
20:45:20 [INFO    ] werkzeug — 127.0.0.1 - - [18/May/2026 20:45:20] "GET /api/countries HTTP/1.1" 200 -
20:45:20 [INFO    ] werkzeug — 127.0.0.1 - - [18/May/2026 20:45:20] "GET /api/results HTTP/1.1" 200 -
20:45:53 [INFO    ] werkzeug — [31m[1mWARNING: This is a development server. Do not use it in a production deployment. Use a production WSGI server instead.[0m
 * Running on http://127.0.0.1:5000
20:45:53 [INFO    ] werkzeug — [33mPress CTRL+C to quit[0m
20:46:01 [INFO    ] werkzeug — 127.0.0.1 - - [18/May/2026 20:46:01] "GET / HTTP/1.1" 200 -
20:46:01 [INFO    ] werkzeug — 127.0.0.1 - - [18/May/2026 20:46:01] "[36mGET /static/css/main.css HTTP/1.1[0m" 304 -
20:46:01 [INFO    ] werkzeug — 127.0.0.1 - - [18/May/2026 20:46:01] "[36mGET /static/js/api.js HTTP/1.1[0m" 304 -
20:46:01 [INFO    ] werkzeug — 127.0.0.1 - - [18/May/2026 20:46:01] "[36mGET /static/js/charts/dendrogram.js HTTP/1.1[0m" 304 -
20:46:01 [INFO    ] werkzeug — 127.0.0.1 - - [18/May/2026 20:46:01] "[36mGET /static/js/charts/heatmap.js HTTP/1.1[0m" 304 -
20:46:01 [INFO    ] werkzeug — 127.0.0.1 - - [18/May/2026 20:46:01] "[36mGET /static/js/charts/clustermap.js HTTP/1.1[0m" 304 -
20:46:01 [INFO    ] werkzeug — 127.0.0.1 - - [18/May/2026 20:46:01] "[36mGET /static/js/app.js HTTP/1.1[0m" 304 -
20:46:01 [INFO    ] werkzeug — 127.0.0.1 - - [18/May/2026 20:46:01] "GET /api/status HTTP/1.1" 200 -
20:46:02 [INFO    ] werkzeug — 127.0.0.1 - - [18/May/2026 20:46:02] "GET /api/countries HTTP/1.1" 200 -
20:46:02 [INFO    ] werkzeug — 127.0.0.1 - - [18/May/2026 20:46:02] "GET /api/results HTTP/1.1" 200 -
20:46:10 [INFO    ] werkzeug — 127.0.0.1 - - [18/May/2026 20:46:10] "GET /api/status HTTP/1.1" 200 -
20:46:10 [INFO    ] clustering.models — Distance matrix loaded <- C:\Users\User\Desktop\IDPA PROJECT_V2\IDPA-PROJECT-2\output\clustering\distance_matrix_demo.json  (23x23)
20:46:10 [INFO    ] clustering.kmedoids — K-Medoids: n=23, k=5, init=heuristic, max_iter=100
20:46:10 [DEBUG   ] clustering.kmedoids — Initial medoids: ['Jordan', 'Switzerland', 'France', 'Argentina', 'China']
20:46:10 [DEBUG   ] clustering.kmedoids —   iter 0  inertia=5.575900
20:46:10 [DEBUG   ] clustering.kmedoids —     Swap medoid[1]=Switzerland → Iraq  (inertia=5.566505)
20:46:10 [DEBUG   ] clustering.kmedoids —   iter 1  inertia=5.566505
20:46:10 [DEBUG   ] clustering.kmedoids —     Swap medoid[0]=Jordan → Kenya  (inertia=5.564255)
20:46:10 [DEBUG   ] clustering.kmedoids —   iter 2  inertia=5.564255
20:46:10 [DEBUG   ] clustering.kmedoids —     Swap medoid[2]=France → Japan  (inertia=5.553922)
20:46:10 [DEBUG   ] clustering.kmedoids —   iter 3  inertia=5.553922
20:46:10 [DEBUG   ] clustering.kmedoids —     Swap medoid[4]=China → Colombia  (inertia=5.528364)
20:46:10 [DEBUG   ] clustering.kmedoids —   iter 4  inertia=5.528364
20:46:10 [DEBUG   ] clustering.kmedoids —     Swap medoid[3]=Argentina → Chile  (inertia=5.524103)
20:46:10 [DEBUG   ] clustering.kmedoids —   iter 5  inertia=5.524103
20:46:10 [DEBUG   ] clustering.kmedoids —     Swap medoid[2]=Japan → Switzerland  (inertia=5.520867)
20:46:10 [DEBUG   ] clustering.kmedoids —   iter 6  inertia=5.520867
20:46:10 [DEBUG   ] clustering.kmedoids —     Swap medoid[4]=Colombia → France  (inertia=5.513109)
20:46:10 [DEBUG   ] clustering.kmedoids —   iter 7  inertia=5.513109
20:46:10 [DEBUG   ] clustering.kmedoids —     Swap medoid[3]=Chile → Argentina  (inertia=5.509429)
20:46:10 [DEBUG   ] clustering.kmedoids —   iter 8  inertia=5.509429
20:46:10 [DEBUG   ] clustering.kmedoids —     Swap medoid[4]=France → Japan  (inertia=5.499096)
20:46:10 [DEBUG   ] clustering.kmedoids —   iter 9  inertia=5.499096
20:46:10 [INFO    ] clustering.kmedoids — K-Medoids converged in 10 iteration(s).  Inertia=5.499096
20:46:10 [INFO    ] clustering.kmedoids — K-Medoids complete.  k=5, inertia=5.4991, iters=10
20:46:10 [INFO    ] clustering.evaluation — Computing evaluation metrics for kmedoids result…
20:46:10 [INFO    ] clustering.evaluation — Evaluation complete.  silhouette=0.0666  inertia=5.4991
20:46:10 [INFO    ] clustering.pipeline — run('kmedoids', k=5) finished in 0.01s  inertia=5.4991  silhouette=0.0666
20:46:10 [INFO    ] clustering.models — ClusterResult saved -> C:\Users\User\Desktop\IDPA PROJECT_V2\IDPA-PROJECT-2\output\clustering\kmedoids_k5.json
20:46:10 [INFO    ] werkzeug — 127.0.0.1 - - [18/May/2026 20:46:10] "POST /api/cluster HTTP/1.1" 200 -
20:46:10 [INFO    ] werkzeug — 127.0.0.1 - - [18/May/2026 20:46:10] "GET /api/results HTTP/1.1" 200 -
20:46:10 [INFO    ] werkzeug — 127.0.0.1 - - [18/May/2026 20:46:10] "GET /api/result/kmedoids_k5.json HTTP/1.1" 200 -
20:46:11 [INFO    ] werkzeug — 127.0.0.1 - - [18/May/2026 20:46:11] "GET /api/matrix?id=e44f71a34cc2 HTTP/1.1" 200 -
20:46:11 [INFO    ] werkzeug — 127.0.0.1 - - [18/May/2026 20:46:11] "GET /api/results HTTP/1.1" 200 -
20:46:18 [INFO    ] werkzeug — 127.0.0.1 - - [18/May/2026 20:46:18] "GET /api/status HTTP/1.1" 200 -
20:46:26 [INFO    ] werkzeug — 127.0.0.1 - - [18/May/2026 20:46:26] "GET /api/status HTTP/1.1" 200 -
20:46:34 [INFO    ] werkzeug — 127.0.0.1 - - [18/May/2026 20:46:34] "GET /api/status HTTP/1.1" 200 -
20:46:41 [INFO    ] werkzeug — 127.0.0.1 - - [18/May/2026 20:46:41] "POST /api/matrix/start HTTP/1.1" 200 -
20:46:42 [INFO    ] werkzeug — 127.0.0.1 - - [18/May/2026 20:46:42] "GET /api/status HTTP/1.1" 200 -
20:46:42 [INFO    ] clustering.distance_matrix — Loaded 193 country trees from 'C:\\Users\\User\\Desktop\\IDPA PROJECT_V2\\IDPA-PROJECT-2\\preprocessed_trees'
20:46:42 [INFO    ] clustering.pipeline — 193 trees loaded.
20:46:42 [INFO    ] clustering.distance_matrix — Computing semantic distance matrix for 193 documents (18528 pairs)…
20:46:42 [INFO    ] clustering.distance_matrix — Pre-normalizing trees…
20:46:43 [INFO    ] werkzeug — 127.0.0.1 - - [18/May/2026 20:46:43] "GET /api/job/e0270378 HTTP/1.1" 200 -
20:46:44 [INFO    ] werkzeug — 127.0.0.1 - - [18/May/2026 20:46:44] "GET /api/job/e0270378 HTTP/1.1" 200 -
20:46:45 [INFO    ] werkzeug — 127.0.0.1 - - [18/May/2026 20:46:45] "GET /api/job/e0270378 HTTP/1.1" 200 -
20:46:46 [INFO    ] werkzeug — 127.0.0.1 - - [18/May/2026 20:46:46] "GET /api/job/e0270378 HTTP/1.1" 200 -
20:46:47 [INFO    ] werkzeug — 127.0.0.1 - - [18/May/2026 20:46:47] "GET /api/job/e0270378 HTTP/1.1" 200 -
20:46:48 [INFO    ] werkzeug — 127.0.0.1 - - [18/May/2026 20:46:48] "GET /api/job/e0270378 HTTP/1.1" 200 -
20:46:50 [INFO    ] werkzeug — 127.0.0.1 - - [18/May/2026 20:46:50] "GET /api/job/e0270378 HTTP/1.1" 200 -
20:46:50 [INFO    ] werkzeug — 127.0.0.1 - - [18/May/2026 20:46:50] "GET /api/status HTTP/1.1" 200 -
20:46:51 [INFO    ] werkzeug — 127.0.0.1 - - [18/May/2026 20:46:51] "GET /api/job/e0270378 HTTP/1.1" 200 -
20:46:52 [INFO    ] werkzeug — 127.0.0.1 - - [18/May/2026 20:46:52] "GET /api/job/e0270378 HTTP/1.1" 200 -
20:46:53 [INFO    ] werkzeug — 127.0.0.1 - - [18/May/2026 20:46:53] "GET /api/job/e0270378 HTTP/1.1" 200 -
20:46:55 [INFO    ] werkzeug — 127.0.0.1 - - [18/May/2026 20:46:55] "GET /api/job/e0270378 HTTP/1.1" 200 -
20:46:55 [INFO    ] werkzeug — 127.0.0.1 - - [18/May/2026 20:46:55] "GET /api/job/e0270378 HTTP/1.1" 200 -
20:46:57 [INFO    ] werkzeug — 127.0.0.1 - - [18/May/2026 20:46:57] "GET /api/job/e0270378 HTTP/1.1" 200 -
20:46:58 [INFO    ] werkzeug — 127.0.0.1 - - [18/May/2026 20:46:58] "GET /api/status HTTP/1.1" 200 -
20:46:58 [INFO    ] werkzeug — 127.0.0.1 - - [18/May/2026 20:46:58] "GET /api/job/e0270378 HTTP/1.1" 200 -
20:46:59 [INFO    ] werkzeug — 127.0.0.1 - - [18/May/2026 20:46:59] "GET /api/job/e0270378 HTTP/1.1" 200 -
20:47:00 [INFO    ] werkzeug — 127.0.0.1 - - [18/May/2026 20:47:00] "GET /api/job/e0270378 HTTP/1.1" 200 -
20:47:02 [INFO    ] werkzeug — 127.0.0.1 - - [18/May/2026 20:47:02] "GET /api/job/e0270378 HTTP/1.1" 200 -
20:47:03 [INFO    ] werkzeug — 127.0.0.1 - - [18/May/2026 20:47:03] "GET /api/job/e0270378 HTTP/1.1" 200 -
20:47:04 [INFO    ] werkzeug — 127.0.0.1 - - [18/May/2026 20:47:04] "GET /api/job/e0270378 HTTP/1.1" 200 -
20:47:05 [INFO    ] werkzeug — 127.0.0.1 - - [18/May/2026 20:47:05] "GET /api/job/e0270378 HTTP/1.1" 200 -
20:47:06 [INFO    ] werkzeug — 127.0.0.1 - - [18/May/2026 20:47:06] "GET /api/job/e0270378 HTTP/1.1" 200 -
20:47:07 [INFO    ] werkzeug — 127.0.0.1 - - [18/May/2026 20:47:07] "GET /api/status HTTP/1.1" 200 -
20:47:08 [INFO    ] werkzeug — 127.0.0.1 - - [18/May/2026 20:47:08] "GET /api/job/e0270378 HTTP/1.1" 200 -
20:47:09 [INFO    ] werkzeug — 127.0.0.1 - - [18/May/2026 20:47:09] "GET /api/job/e0270378 HTTP/1.1" 200 -
20:47:10 [INFO    ] werkzeug — 127.0.0.1 - - [18/May/2026 20:47:10] "GET /api/job/e0270378 HTTP/1.1" 200 -
20:47:11 [INFO    ] werkzeug — 127.0.0.1 - - [18/May/2026 20:47:11] "GET /api/job/e0270378 HTTP/1.1" 200 -
20:47:13 [INFO    ] werkzeug — 127.0.0.1 - - [18/May/2026 20:47:13] "GET /api/job/e0270378 HTTP/1.1" 200 -
20:47:14 [INFO    ] werkzeug — 127.0.0.1 - - [18/May/2026 20:47:14] "GET /api/job/e0270378 HTTP/1.1" 200 -
20:47:14 [INFO    ] werkzeug — 127.0.0.1 - - [18/May/2026 20:47:14] "GET /api/status HTTP/1.1" 200 -
20:47:15 [INFO    ] werkzeug — 127.0.0.1 - - [18/May/2026 20:47:15] "GET /api/job/e0270378 HTTP/1.1" 200 -
20:47:16 [INFO    ] werkzeug — 127.0.0.1 - - [18/May/2026 20:47:16] "GET /api/job/e0270378 HTTP/1.1" 200 -
20:47:17 [INFO    ] werkzeug — 127.0.0.1 - - [18/May/2026 20:47:17] "GET /api/job/e0270378 HTTP/1.1" 200 -
20:47:19 [INFO    ] werkzeug — 127.0.0.1 - - [18/May/2026 20:47:19] "GET /api/job/e0270378 HTTP/1.1" 200 -
20:47:19 [INFO    ] werkzeug — 127.0.0.1 - - [18/May/2026 20:47:19] "GET /api/job/e0270378 HTTP/1.1" 200 -
20:47:21 [INFO    ] werkzeug — 127.0.0.1 - - [18/May/2026 20:47:21] "GET /api/job/e0270378 HTTP/1.1" 200 -
20:47:22 [INFO    ] werkzeug — 127.0.0.1 - - [18/May/2026 20:47:22] "GET /api/status HTTP/1.1" 200 -
20:47:22 [INFO    ] werkzeug — 127.0.0.1 - - [18/May/2026 20:47:22] "GET /api/job/e0270378 HTTP/1.1" 200 -
20:47:23 [INFO    ] werkzeug — 127.0.0.1 - - [18/May/2026 20:47:23] "GET /api/job/e0270378 HTTP/1.1" 200 -
20:47:24 [INFO    ] werkzeug — 127.0.0.1 - - [18/May/2026 20:47:24] "GET /api/job/e0270378 HTTP/1.1" 200 -
20:47:26 [INFO    ] werkzeug — 127.0.0.1 - - [18/May/2026 20:47:26] "GET /api/job/e0270378 HTTP/1.1" 200 -
20:47:27 [INFO    ] werkzeug — 127.0.0.1 - - [18/May/2026 20:47:27] "GET /api/job/e0270378 HTTP/1.1" 200 -
20:47:28 [INFO    ] werkzeug — 127.0.0.1 - - [18/May/2026 20:47:28] "GET /api/job/e0270378 HTTP/1.1" 200 -
20:47:29 [INFO    ] werkzeug — 127.0.0.1 - - [18/May/2026 20:47:29] "GET /api/job/e0270378 HTTP/1.1" 200 -
20:47:30 [INFO    ] werkzeug — 127.0.0.1 - - [18/May/2026 20:47:30] "GET /api/job/e0270378 HTTP/1.1" 200 -
20:47:30 [INFO    ] werkzeug — 127.0.0.1 - - [18/May/2026 20:47:30] "GET /api/status HTTP/1.1" 200 -
20:47:32 [INFO    ] werkzeug — 127.0.0.1 - - [18/May/2026 20:47:32] "GET /api/job/e0270378 HTTP/1.1" 200 -
20:47:33 [INFO    ] werkzeug — 127.0.0.1 - - [18/May/2026 20:47:33] "GET /api/job/e0270378 HTTP/1.1" 200 -
20:47:34 [INFO    ] werkzeug — 127.0.0.1 - - [18/May/2026 20:47:34] "GET /api/job/e0270378 HTTP/1.1" 200 -
20:47:35 [INFO    ] werkzeug — 127.0.0.1 - - [18/May/2026 20:47:35] "GET /api/job/e0270378 HTTP/1.1" 200 -
20:47:37 [INFO    ] werkzeug — 127.0.0.1 - - [18/May/2026 20:47:37] "GET /api/job/e0270378 HTTP/1.1" 200 -
20:47:37 [INFO    ] werkzeug — 127.0.0.1 - - [18/May/2026 20:47:37] "GET /api/job/e0270378 HTTP/1.1" 200 -
20:47:39 [INFO    ] werkzeug — 127.0.0.1 - - [18/May/2026 20:47:39] "GET /api/job/e0270378 HTTP/1.1" 200 -
20:47:39 [INFO    ] werkzeug — 127.0.0.1 - - [18/May/2026 20:47:39] "GET /api/status HTTP/1.1" 200 -
20:47:40 [INFO    ] werkzeug — 127.0.0.1 - - [18/May/2026 20:47:40] "GET /api/job/e0270378 HTTP/1.1" 200 -
20:47:41 [INFO    ] werkzeug — 127.0.0.1 - - [18/May/2026 20:47:41] "GET /api/job/e0270378 HTTP/1.1" 200 -
20:47:43 [INFO    ] werkzeug — 127.0.0.1 - - [18/May/2026 20:47:43] "GET /api/job/e0270378 HTTP/1.1" 200 -
20:47:44 [INFO    ] werkzeug — 127.0.0.1 - - [18/May/2026 20:47:44] "GET /api/job/e0270378 HTTP/1.1" 200 -
20:47:45 [INFO    ] werkzeug — 127.0.0.1 - - [18/May/2026 20:47:45] "GET /api/job/e0270378 HTTP/1.1" 200 -
20:47:46 [INFO    ] werkzeug — 127.0.0.1 - - [18/May/2026 20:47:46] "GET /api/status HTTP/1.1" 200 -
20:47:46 [INFO    ] werkzeug — 127.0.0.1 - - [18/May/2026 20:47:46] "GET /api/job/e0270378 HTTP/1.1" 200 -
20:47:47 [INFO    ] werkzeug — 127.0.0.1 - - [18/May/2026 20:47:47] "GET /api/job/e0270378 HTTP/1.1" 200 -
20:47:48 [INFO    ] werkzeug — 127.0.0.1 - - [18/May/2026 20:47:48] "GET /api/job/e0270378 HTTP/1.1" 200 -
20:47:50 [INFO    ] werkzeug — 127.0.0.1 - - [18/May/2026 20:47:50] "GET /api/job/e0270378 HTTP/1.1" 200 -
20:47:51 [INFO    ] werkzeug — 127.0.0.1 - - [18/May/2026 20:47:51] "GET /api/job/e0270378 HTTP/1.1" 200 -
20:47:52 [INFO    ] werkzeug — 127.0.0.1 - - [18/May/2026 20:47:52] "GET /api/job/e0270378 HTTP/1.1" 200 -
20:47:53 [INFO    ] werkzeug — 127.0.0.1 - - [18/May/2026 20:47:53] "GET /api/job/e0270378 HTTP/1.1" 200 -
20:47:54 [INFO    ] werkzeug — 127.0.0.1 - - [18/May/2026 20:47:54] "GET /api/job/e0270378 HTTP/1.1" 200 -
20:47:54 [INFO    ] werkzeug — 127.0.0.1 - - [18/May/2026 20:47:54] "GET /api/status HTTP/1.1" 200 -
20:47:56 [INFO    ] werkzeug — 127.0.0.1 - - [18/May/2026 20:47:56] "GET /api/job/e0270378 HTTP/1.1" 200 -
20:47:57 [INFO    ] werkzeug — 127.0.0.1 - - [18/May/2026 20:47:57] "GET /api/job/e0270378 HTTP/1.1" 200 -
20:47:58 [INFO    ] werkzeug — 127.0.0.1 - - [18/May/2026 20:47:58] "GET /api/job/e0270378 HTTP/1.1" 200 -
20:47:59 [INFO    ] werkzeug — 127.0.0.1 - - [18/May/2026 20:47:59] "GET /api/job/e0270378 HTTP/1.1" 200 -
20:48:01 [INFO    ] werkzeug — 127.0.0.1 - - [18/May/2026 20:48:01] "GET /api/job/e0270378 HTTP/1.1" 200 -
20:48:02 [INFO    ] werkzeug — 127.0.0.1 - - [18/May/2026 20:48:02] "GET /api/job/e0270378 HTTP/1.1" 200 -
20:48:02 [INFO    ] werkzeug — 127.0.0.1 - - [18/May/2026 20:48:02] "GET /api/status HTTP/1.1" 200 -
20:48:03 [INFO    ] werkzeug — 127.0.0.1 - - [18/May/2026 20:48:03] "GET /api/job/e0270378 HTTP/1.1" 200 -
20:48:04 [INFO    ] werkzeug — 127.0.0.1 - - [18/May/2026 20:48:04] "GET /api/job/e0270378 HTTP/1.1" 200 -
20:48:05 [INFO    ] werkzeug — 127.0.0.1 - - [18/May/2026 20:48:05] "GET /api/job/e0270378 HTTP/1.1" 200 -
20:48:07 [INFO    ] werkzeug — 127.0.0.1 - - [18/May/2026 20:48:07] "GET /api/job/e0270378 HTTP/1.1" 200 -
20:48:07 [INFO    ] werkzeug — 127.0.0.1 - - [18/May/2026 20:48:07] "GET /api/job/e0270378 HTTP/1.1" 200 -
20:48:09 [INFO    ] werkzeug — 127.0.0.1 - - [18/May/2026 20:48:09] "GET /api/job/e0270378 HTTP/1.1" 200 -
20:48:10 [INFO    ] werkzeug — 127.0.0.1 - - [18/May/2026 20:48:10] "GET /api/job/e0270378 HTTP/1.1" 200 -
20:48:10 [INFO    ] werkzeug — 127.0.0.1 - - [18/May/2026 20:48:10] "GET /api/status HTTP/1.1" 200 -
20:48:11 [INFO    ] werkzeug — 127.0.0.1 - - [18/May/2026 20:48:11] "GET /api/job/e0270378 HTTP/1.1" 200 -
20:48:12 [INFO    ] werkzeug — 127.0.0.1 - - [18/May/2026 20:48:12] "GET /api/job/e0270378 HTTP/1.1" 200 -
20:48:14 [INFO    ] werkzeug — 127.0.0.1 - - [18/May/2026 20:48:14] "GET /api/job/e0270378 HTTP/1.1" 200 -
20:48:15 [INFO    ] werkzeug — 127.0.0.1 - - [18/May/2026 20:48:15] "GET /api/job/e0270378 HTTP/1.1" 200 -
20:48:16 [INFO    ] werkzeug — 127.0.0.1 - - [18/May/2026 20:48:16] "GET /api/job/e0270378 HTTP/1.1" 200 -
20:48:18 [INFO    ] werkzeug — 127.0.0.1 - - [18/May/2026 20:48:18] "GET /api/job/e0270378 HTTP/1.1" 200 -
20:48:19 [INFO    ] werkzeug — 127.0.0.1 - - [18/May/2026 20:48:19] "GET /api/status HTTP/1.1" 200 -
20:48:19 [INFO    ] werkzeug — 127.0.0.1 - - [18/May/2026 20:48:19] "GET /api/job/e0270378 HTTP/1.1" 200 -
20:48:20 [INFO    ] werkzeug — 127.0.0.1 - - [18/May/2026 20:48:20] "GET /api/job/e0270378 HTTP/1.1" 200 -
20:48:22 [INFO    ] werkzeug — 127.0.0.1 - - [18/May/2026 20:48:22] "GET /api/job/e0270378 HTTP/1.1" 200 -
20:48:23 [INFO    ] werkzeug — 127.0.0.1 - - [18/May/2026 20:48:23] "GET /api/job/e0270378 HTTP/1.1" 200 -
20:48:24 [INFO    ] werkzeug — 127.0.0.1 - - [18/May/2026 20:48:24] "GET /api/job/e0270378 HTTP/1.1" 200 -
20:48:25 [INFO    ] werkzeug — 127.0.0.1 - - [18/May/2026 20:48:25] "GET /api/job/e0270378 HTTP/1.1" 200 -
20:48:26 [INFO    ] werkzeug — 127.0.0.1 - - [18/May/2026 20:48:26] "GET /api/job/e0270378 HTTP/1.1" 200 -
20:48:26 [INFO    ] werkzeug — 127.0.0.1 - - [18/May/2026 20:48:26] "GET /api/status HTTP/1.1" 200 -
20:48:28 [INFO    ] werkzeug — 127.0.0.1 - - [18/May/2026 20:48:28] "GET /api/job/e0270378 HTTP/1.1" 200 -
20:48:29 [INFO    ] werkzeug — 127.0.0.1 - - [18/May/2026 20:48:29] "GET /api/job/e0270378 HTTP/1.1" 200 -
20:48:30 [INFO    ] werkzeug — 127.0.0.1 - - [18/May/2026 20:48:30] "GET /api/job/e0270378 HTTP/1.1" 200 -
20:48:31 [INFO    ] werkzeug — 127.0.0.1 - - [18/May/2026 20:48:31] "GET /api/job/e0270378 HTTP/1.1" 200 -
20:48:32 [INFO    ] werkzeug — 127.0.0.1 - - [18/May/2026 20:48:32] "GET /api/job/e0270378 HTTP/1.1" 200 -
20:48:34 [INFO    ] werkzeug — 127.0.0.1 - - [18/May/2026 20:48:34] "GET /api/job/e0270378 HTTP/1.1" 200 -
20:48:35 [INFO    ] werkzeug — 127.0.0.1 - - [18/May/2026 20:48:35] "GET /api/status HTTP/1.1" 200 -
20:48:35 [INFO    ] werkzeug — 127.0.0.1 - - [18/May/2026 20:48:35] "GET /api/job/e0270378 HTTP/1.1" 200 -
20:48:36 [INFO    ] werkzeug — 127.0.0.1 - - [18/May/2026 20:48:36] "GET /api/job/e0270378 HTTP/1.1" 200 -
20:48:37 [INFO    ] werkzeug — 127.0.0.1 - - [18/May/2026 20:48:37] "GET /api/job/e0270378 HTTP/1.1" 200 -
20:48:38 [INFO    ] werkzeug — 127.0.0.1 - - [18/May/2026 20:48:38] "GET /api/job/e0270378 HTTP/1.1" 200 -
20:48:39 [INFO    ] werkzeug — 127.0.0.1 - - [18/May/2026 20:48:39] "GET /api/job/e0270378 HTTP/1.1" 200 -
20:48:40 [INFO    ] werkzeug — 127.0.0.1 - - [18/May/2026 20:48:40] "GET /api/job/e0270378 HTTP/1.1" 200 -
20:48:42 [INFO    ] werkzeug — 127.0.0.1 - - [18/May/2026 20:48:42] "GET /api/job/e0270378 HTTP/1.1" 200 -
20:48:42 [INFO    ] werkzeug — 127.0.0.1 - - [18/May/2026 20:48:42] "GET /api/status HTTP/1.1" 200 -
20:48:43 [INFO    ] werkzeug — 127.0.0.1 - - [18/May/2026 20:48:43] "GET /api/job/e0270378 HTTP/1.1" 200 -
20:48:44 [INFO    ] werkzeug — 127.0.0.1 - - [18/May/2026 20:48:44] "GET /api/job/e0270378 HTTP/1.1" 200 -
20:48:45 [INFO    ] werkzeug — 127.0.0.1 - - [18/May/2026 20:48:45] "GET /api/job/e0270378 HTTP/1.1" 200 -
20:48:46 [INFO    ] werkzeug — 127.0.0.1 - - [18/May/2026 20:48:46] "GET /api/job/e0270378 HTTP/1.1" 200 -
20:48:48 [INFO    ] werkzeug — 127.0.0.1 - - [18/May/2026 20:48:48] "GET /api/job/e0270378 HTTP/1.1" 200 -
20:48:49 [INFO    ] werkzeug — 127.0.0.1 - - [18/May/2026 20:48:49] "GET /api/job/e0270378 HTTP/1.1" 200 -
20:48:50 [INFO    ] werkzeug — 127.0.0.1 - - [18/May/2026 20:48:50] "GET /api/job/e0270378 HTTP/1.1" 200 -
20:48:51 [INFO    ] werkzeug — 127.0.0.1 - - [18/May/2026 20:48:51] "GET /api/status HTTP/1.1" 200 -
20:48:51 [INFO    ] werkzeug — 127.0.0.1 - - [18/May/2026 20:48:51] "GET /api/job/e0270378 HTTP/1.1" 200 -
20:48:52 [INFO    ] werkzeug — 127.0.0.1 - - [18/May/2026 20:48:52] "GET /api/job/e0270378 HTTP/1.1" 200 -
20:48:53 [INFO    ] werkzeug — 127.0.0.1 - - [18/May/2026 20:48:53] "GET /api/job/e0270378 HTTP/1.1" 200 -
20:48:55 [INFO    ] werkzeug — 127.0.0.1 - - [18/May/2026 20:48:55] "GET /api/job/e0270378 HTTP/1.1" 200 -
20:48:55 [INFO    ] werkzeug — 127.0.0.1 - - [18/May/2026 20:48:55] "GET /api/job/e0270378 HTTP/1.1" 200 -
20:48:57 [INFO    ] werkzeug — 127.0.0.1 - - [18/May/2026 20:48:57] "GET /api/job/e0270378 HTTP/1.1" 200 -
20:48:58 [INFO    ] werkzeug — 127.0.0.1 - - [18/May/2026 20:48:58] "GET /api/status HTTP/1.1" 200 -
20:48:58 [INFO    ] werkzeug — 127.0.0.1 - - [18/May/2026 20:48:58] "GET /api/job/e0270378 HTTP/1.1" 200 -
20:48:59 [INFO    ] werkzeug — 127.0.0.1 - - [18/May/2026 20:48:59] "GET /api/job/e0270378 HTTP/1.1" 200 -
20:49:00 [INFO    ] werkzeug — 127.0.0.1 - - [18/May/2026 20:49:00] "GET /api/job/e0270378 HTTP/1.1" 200 -
20:49:02 [INFO    ] werkzeug — 127.0.0.1 - - [18/May/2026 20:49:02] "GET /api/job/e0270378 HTTP/1.1" 200 -
20:49:03 [INFO    ] werkzeug — 127.0.0.1 - - [18/May/2026 20:49:03] "GET /api/job/e0270378 HTTP/1.1" 200 -
20:49:04 [INFO    ] werkzeug — 127.0.0.1 - - [18/May/2026 20:49:04] "GET /api/job/e0270378 HTTP/1.1" 200 -
20:49:05 [INFO    ] werkzeug — 127.0.0.1 - - [18/May/2026 20:49:05] "GET /api/job/e0270378 HTTP/1.1" 200 -
20:49:06 [INFO    ] werkzeug — 127.0.0.1 - - [18/May/2026 20:49:06] "GET /api/job/e0270378 HTTP/1.1" 200 -
20:49:07 [INFO    ] werkzeug — 127.0.0.1 - - [18/May/2026 20:49:07] "GET /api/status HTTP/1.1" 200 -
20:49:08 [INFO    ] werkzeug — 127.0.0.1 - - [18/May/2026 20:49:08] "GET /api/job/e0270378 HTTP/1.1" 200 -
20:49:09 [INFO    ] werkzeug — 127.0.0.1 - - [18/May/2026 20:49:09] "GET /api/job/e0270378 HTTP/1.1" 200 -
20:49:10 [INFO    ] werkzeug — 127.0.0.1 - - [18/May/2026 20:49:10] "GET /api/job/e0270378 HTTP/1.1" 200 -
20:49:11 [INFO    ] werkzeug — 127.0.0.1 - - [18/May/2026 20:49:11] "GET /api/job/e0270378 HTTP/1.1" 200 -
20:49:13 [INFO    ] werkzeug — 127.0.0.1 - - [18/May/2026 20:49:13] "GET /api/job/e0270378 HTTP/1.1" 200 -
20:49:14 [INFO    ] werkzeug — 127.0.0.1 - - [18/May/2026 20:49:14] "GET /api/job/e0270378 HTTP/1.1" 200 -
20:49:15 [INFO    ] werkzeug — 127.0.0.1 - - [18/May/2026 20:49:15] "GET /api/status HTTP/1.1" 200 -
20:49:15 [INFO    ] werkzeug — 127.0.0.1 - - [18/May/2026 20:49:15] "GET /api/job/e0270378 HTTP/1.1" 200 -
20:49:16 [INFO    ] werkzeug — 127.0.0.1 - - [18/May/2026 20:49:16] "GET /api/job/e0270378 HTTP/1.1" 200 -
20:49:17 [INFO    ] werkzeug — 127.0.0.1 - - [18/May/2026 20:49:17] "GET /api/job/e0270378 HTTP/1.1" 200 -
20:49:19 [INFO    ] werkzeug — 127.0.0.1 - - [18/May/2026 20:49:19] "GET /api/job/e0270378 HTTP/1.1" 200 -
20:49:19 [INFO    ] werkzeug — 127.0.0.1 - - [18/May/2026 20:49:19] "GET /api/job/e0270378 HTTP/1.1" 200 -
20:49:21 [INFO    ] werkzeug — 127.0.0.1 - - [18/May/2026 20:49:21] "GET /api/job/e0270378 HTTP/1.1" 200 -
20:49:22 [INFO    ] werkzeug — 127.0.0.1 - - [18/May/2026 20:49:22] "GET /api/status HTTP/1.1" 200 -
20:49:22 [INFO    ] werkzeug — 127.0.0.1 - - [18/May/2026 20:49:22] "GET /api/job/e0270378 HTTP/1.1" 200 -
20:49:23 [INFO    ] werkzeug — 127.0.0.1 - - [18/May/2026 20:49:23] "GET /api/job/e0270378 HTTP/1.1" 200 -
20:49:24 [INFO    ] werkzeug — 127.0.0.1 - - [18/May/2026 20:49:24] "GET /api/job/e0270378 HTTP/1.1" 200 -
20:49:26 [INFO    ] werkzeug — 127.0.0.1 - - [18/May/2026 20:49:26] "GET /api/job/e0270378 HTTP/1.1" 200 -
20:49:27 [INFO    ] werkzeug — 127.0.0.1 - - [18/May/2026 20:49:27] "GET /api/job/e0270378 HTTP/1.1" 200 -
20:49:28 [INFO    ] werkzeug — 127.0.0.1 - - [18/May/2026 20:49:28] "GET /api/job/e0270378 HTTP/1.1" 200 -
20:49:29 [INFO    ] werkzeug — 127.0.0.1 - - [18/May/2026 20:49:29] "GET /api/job/e0270378 HTTP/1.1" 200 -
20:49:30 [INFO    ] werkzeug — 127.0.0.1 - - [18/May/2026 20:49:30] "GET /api/job/e0270378 HTTP/1.1" 200 -
20:49:31 [INFO    ] werkzeug — 127.0.0.1 - - [18/May/2026 20:49:31] "GET /api/status HTTP/1.1" 200 -
20:49:32 [INFO    ] werkzeug — 127.0.0.1 - - [18/May/2026 20:49:32] "GET /api/job/e0270378 HTTP/1.1" 200 -
20:49:33 [INFO    ] werkzeug — 127.0.0.1 - - [18/May/2026 20:49:33] "GET /api/job/e0270378 HTTP/1.1" 200 -
20:49:34 [INFO    ] werkzeug — 127.0.0.1 - - [18/May/2026 20:49:34] "GET /api/job/e0270378 HTTP/1.1" 200 -
20:49:35 [INFO    ] werkzeug — 127.0.0.1 - - [18/May/2026 20:49:35] "GET /api/job/e0270378 HTTP/1.1" 200 -
20:49:37 [INFO    ] werkzeug — 127.0.0.1 - - [18/May/2026 20:49:37] "GET /api/job/e0270378 HTTP/1.1" 200 -
20:49:37 [INFO    ] werkzeug — 127.0.0.1 - - [18/May/2026 20:49:37] "GET /api/job/e0270378 HTTP/1.1" 200 -
20:49:38 [INFO    ] werkzeug — 127.0.0.1 - - [18/May/2026 20:49:38] "GET /api/status HTTP/1.1" 200 -
20:49:39 [INFO    ] werkzeug — 127.0.0.1 - - [18/May/2026 20:49:39] "GET /api/job/e0270378 HTTP/1.1" 200 -
20:49:40 [INFO    ] werkzeug — 127.0.0.1 - - [18/May/2026 20:49:40] "GET /api/job/e0270378 HTTP/1.1" 200 -
20:49:41 [INFO    ] werkzeug — 127.0.0.1 - - [18/May/2026 20:49:41] "GET /api/job/e0270378 HTTP/1.1" 200 -
20:49:43 [INFO    ] werkzeug — 127.0.0.1 - - [18/May/2026 20:49:43] "GET /api/job/e0270378 HTTP/1.1" 200 -
20:49:43 [INFO    ] werkzeug — 127.0.0.1 - - [18/May/2026 20:49:43] "GET /api/job/e0270378 HTTP/1.1" 200 -
20:49:45 [INFO    ] werkzeug — 127.0.0.1 - - [18/May/2026 20:49:45] "GET /api/job/e0270378 HTTP/1.1" 200 -
20:49:46 [INFO    ] werkzeug — 127.0.0.1 - - [18/May/2026 20:49:46] "GET /api/status HTTP/1.1" 200 -
20:49:46 [INFO    ] werkzeug — 127.0.0.1 - - [18/May/2026 20:49:46] "GET /api/job/e0270378 HTTP/1.1" 200 -
20:49:47 [INFO    ] werkzeug — 127.0.0.1 - - [18/May/2026 20:49:47] "GET /api/job/e0270378 HTTP/1.1" 200 -
20:49:48 [INFO    ] werkzeug — 127.0.0.1 - - [18/May/2026 20:49:48] "GET /api/job/e0270378 HTTP/1.1" 200 -
20:49:50 [INFO    ] werkzeug — 127.0.0.1 - - [18/May/2026 20:49:50] "GET /api/job/e0270378 HTTP/1.1" 200 -
20:49:51 [INFO    ] werkzeug — 127.0.0.1 - - [18/May/2026 20:49:51] "GET /api/job/e0270378 HTTP/1.1" 200 -
20:49:52 [INFO    ] werkzeug — 127.0.0.1 - - [18/May/2026 20:49:52] "GET /api/job/e0270378 HTTP/1.1" 200 -
20:49:53 [INFO    ] werkzeug — 127.0.0.1 - - [18/May/2026 20:49:53] "GET /api/job/e0270378 HTTP/1.1" 200 -
20:49:54 [INFO    ] werkzeug — 127.0.0.1 - - [18/May/2026 20:49:54] "GET /api/job/e0270378 HTTP/1.1" 200 -
20:49:55 [INFO    ] werkzeug — 127.0.0.1 - - [18/May/2026 20:49:55] "GET /api/status HTTP/1.1" 200 -
20:49:56 [INFO    ] werkzeug — 127.0.0.1 - - [18/May/2026 20:49:56] "GET /api/job/e0270378 HTTP/1.1" 200 -
20:49:57 [INFO    ] werkzeug — 127.0.0.1 - - [18/May/2026 20:49:57] "GET /api/job/e0270378 HTTP/1.1" 200 -
20:49:58 [INFO    ] werkzeug — 127.0.0.1 - - [18/May/2026 20:49:58] "GET /api/job/e0270378 HTTP/1.1" 200 -
20:49:59 [INFO    ] werkzeug — 127.0.0.1 - - [18/May/2026 20:49:59] "GET /api/job/e0270378 HTTP/1.1" 200 -
20:50:01 [INFO    ] werkzeug — 127.0.0.1 - - [18/May/2026 20:50:01] "GET /api/job/e0270378 HTTP/1.1" 200 -
20:50:01 [INFO    ] werkzeug — 127.0.0.1 - - [18/May/2026 20:50:01] "GET /api/job/e0270378 HTTP/1.1" 200 -
20:50:02 [INFO    ] werkzeug — 127.0.0.1 - - [18/May/2026 20:50:02] "GET /api/status HTTP/1.1" 200 -
20:50:03 [INFO    ] werkzeug — 127.0.0.1 - - [18/May/2026 20:50:03] "GET /api/job/e0270378 HTTP/1.1" 200 -
20:50:04 [INFO    ] werkzeug — 127.0.0.1 - - [18/May/2026 20:50:04] "GET /api/job/e0270378 HTTP/1.1" 200 -
20:50:05 [INFO    ] werkzeug — 127.0.0.1 - - [18/May/2026 20:50:05] "GET /api/job/e0270378 HTTP/1.1" 200 -
20:50:07 [INFO    ] werkzeug — 127.0.0.1 - - [18/May/2026 20:50:07] "GET /api/job/e0270378 HTTP/1.1" 200 -
20:50:07 [INFO    ] werkzeug — 127.0.0.1 - - [18/May/2026 20:50:07] "GET /api/job/e0270378 HTTP/1.1" 200 -
20:50:09 [INFO    ] werkzeug — 127.0.0.1 - - [18/May/2026 20:50:09] "GET /api/job/e0270378 HTTP/1.1" 200 -
20:50:10 [INFO    ] werkzeug — 127.0.0.1 - - [18/May/2026 20:50:10] "GET /api/status HTTP/1.1" 200 -
20:50:10 [INFO    ] werkzeug — 127.0.0.1 - - [18/May/2026 20:50:10] "GET /api/job/e0270378 HTTP/1.1" 200 -
20:50:11 [INFO    ] werkzeug — 127.0.0.1 - - [18/May/2026 20:50:11] "GET /api/job/e0270378 HTTP/1.1" 200 -
20:50:12 [INFO    ] werkzeug — 127.0.0.1 - - [18/May/2026 20:50:12] "GET /api/job/e0270378 HTTP/1.1" 200 -
20:50:14 [INFO    ] werkzeug — 127.0.0.1 - - [18/May/2026 20:50:14] "GET /api/job/e0270378 HTTP/1.1" 200 -
20:50:15 [INFO    ] werkzeug — 127.0.0.1 - - [18/May/2026 20:50:15] "GET /api/job/e0270378 HTTP/1.1" 200 -
20:50:16 [INFO    ] werkzeug — 127.0.0.1 - - [18/May/2026 20:50:16] "GET /api/job/e0270378 HTTP/1.1" 200 -
20:50:17 [INFO    ] werkzeug — 127.0.0.1 - - [18/May/2026 20:50:17] "GET /api/job/e0270378 HTTP/1.1" 200 -
20:50:18 [INFO    ] werkzeug — 127.0.0.1 - - [18/May/2026 20:50:18] "GET /api/job/e0270378 HTTP/1.1" 200 -
20:50:19 [INFO    ] werkzeug — 127.0.0.1 - - [18/May/2026 20:50:19] "GET /api/status HTTP/1.1" 200 -
20:50:20 [INFO    ] werkzeug — 127.0.0.1 - - [18/May/2026 20:50:20] "GET /api/job/e0270378 HTTP/1.1" 200 -
20:50:21 [INFO    ] werkzeug — 127.0.0.1 - - [18/May/2026 20:50:21] "GET /api/job/e0270378 HTTP/1.1" 200 -
20:50:22 [INFO    ] werkzeug — 127.0.0.1 - - [18/May/2026 20:50:22] "GET /api/job/e0270378 HTTP/1.1" 200 -
20:50:23 [INFO    ] werkzeug — 127.0.0.1 - - [18/May/2026 20:50:23] "GET /api/job/e0270378 HTTP/1.1" 200 -
20:50:25 [INFO    ] werkzeug — 127.0.0.1 - - [18/May/2026 20:50:25] "GET /api/job/e0270378 HTTP/1.1" 200 -
20:50:25 [INFO    ] werkzeug — 127.0.0.1 - - [18/May/2026 20:50:25] "GET /api/job/e0270378 HTTP/1.1" 200 -
20:50:26 [INFO    ] werkzeug — 127.0.0.1 - - [18/May/2026 20:50:26] "GET /api/status HTTP/1.1" 200 -
20:50:27 [INFO    ] werkzeug — 127.0.0.1 - - [18/May/2026 20:50:27] "GET /api/job/e0270378 HTTP/1.1" 200 -
20:50:28 [INFO    ] werkzeug — 127.0.0.1 - - [18/May/2026 20:50:28] "GET /api/job/e0270378 HTTP/1.1" 200 -
20:50:29 [INFO    ] werkzeug — 127.0.0.1 - - [18/May/2026 20:50:29] "GET /api/job/e0270378 HTTP/1.1" 200 -
20:50:31 [INFO    ] werkzeug — 127.0.0.1 - - [18/May/2026 20:50:31] "GET /api/job/e0270378 HTTP/1.1" 200 -
20:50:32 [INFO    ] werkzeug — 127.0.0.1 - - [18/May/2026 20:50:32] "GET /api/job/e0270378 HTTP/1.1" 200 -
20:50:33 [INFO    ] werkzeug — 127.0.0.1 - - [18/May/2026 20:50:33] "GET /api/job/e0270378 HTTP/1.1" 200 -
20:50:34 [INFO    ] werkzeug — 127.0.0.1 - - [18/May/2026 20:50:34] "GET /api/job/e0270378 HTTP/1.1" 200 -
20:50:34 [INFO    ] werkzeug — 127.0.0.1 - - [18/May/2026 20:50:34] "GET /api/status HTTP/1.1" 200 -
20:50:35 [INFO    ] werkzeug — 127.0.0.1 - - [18/May/2026 20:50:35] "GET /api/job/e0270378 HTTP/1.1" 200 -
20:50:36 [INFO    ] werkzeug — 127.0.0.1 - - [18/May/2026 20:50:36] "GET /api/job/e0270378 HTTP/1.1" 200 -
20:50:38 [INFO    ] werkzeug — 127.0.0.1 - - [18/May/2026 20:50:38] "GET /api/job/e0270378 HTTP/1.1" 200 -
20:50:39 [INFO    ] werkzeug — 127.0.0.1 - - [18/May/2026 20:50:39] "GET /api/job/e0270378 HTTP/1.1" 200 -
20:50:40 [INFO    ] werkzeug — 127.0.0.1 - - [18/May/2026 20:50:40] "GET /api/job/e0270378 HTTP/1.1" 200 -
20:50:41 [INFO    ] werkzeug — 127.0.0.1 - - [18/May/2026 20:50:41] "GET /api/job/e0270378 HTTP/1.1" 200 -
20:50:42 [INFO    ] werkzeug — 127.0.0.1 - - [18/May/2026 20:50:42] "GET /api/job/e0270378 HTTP/1.1" 200 -
20:50:43 [INFO    ] werkzeug — 127.0.0.1 - - [18/May/2026 20:50:43] "GET /api/status HTTP/1.1" 200 -
20:50:44 [INFO    ] werkzeug — 127.0.0.1 - - [18/May/2026 20:50:44] "GET /api/job/e0270378 HTTP/1.1" 200 -
20:50:45 [INFO    ] werkzeug — 127.0.0.1 - - [18/May/2026 20:50:45] "GET /api/job/e0270378 HTTP/1.1" 200 -
20:50:46 [INFO    ] werkzeug — 127.0.0.1 - - [18/May/2026 20:50:46] "GET /api/job/e0270378 HTTP/1.1" 200 -
20:50:47 [INFO    ] werkzeug — 127.0.0.1 - - [18/May/2026 20:50:47] "GET /api/job/e0270378 HTTP/1.1" 200 -
20:50:49 [INFO    ] werkzeug — 127.0.0.1 - - [18/May/2026 20:50:49] "GET /api/job/e0270378 HTTP/1.1" 200 -
20:50:49 [INFO    ] werkzeug — 127.0.0.1 - - [18/May/2026 20:50:49] "GET /api/job/e0270378 HTTP/1.1" 200 -
20:50:51 [INFO    ] werkzeug — 127.0.0.1 - - [18/May/2026 20:50:51] "GET /api/job/e0270378 HTTP/1.1" 200 -
20:50:51 [INFO    ] werkzeug — 127.0.0.1 - - [18/May/2026 20:50:51] "GET /api/status HTTP/1.1" 200 -
20:50:52 [INFO    ] werkzeug — 127.0.0.1 - - [18/May/2026 20:50:52] "GET /api/job/e0270378 HTTP/1.1" 200 -
20:50:53 [INFO    ] werkzeug — 127.0.0.1 - - [18/May/2026 20:50:53] "GET /api/job/e0270378 HTTP/1.1" 200 -
20:50:55 [INFO    ] werkzeug — 127.0.0.1 - - [18/May/2026 20:50:55] "GET /api/job/e0270378 HTTP/1.1" 200 -
20:50:56 [INFO    ] werkzeug — 127.0.0.1 - - [18/May/2026 20:50:56] "GET /api/job/e0270378 HTTP/1.1" 200 -
20:50:57 [INFO    ] werkzeug — 127.0.0.1 - - [18/May/2026 20:50:57] "GET /api/job/e0270378 HTTP/1.1" 200 -
20:50:58 [INFO    ] werkzeug — 127.0.0.1 - - [18/May/2026 20:50:58] "GET /api/status HTTP/1.1" 200 -
20:50:58 [INFO    ] werkzeug — 127.0.0.1 - - [18/May/2026 20:50:58] "GET /api/job/e0270378 HTTP/1.1" 200 -
20:50:59 [INFO    ] werkzeug — 127.0.0.1 - - [18/May/2026 20:50:59] "GET /api/job/e0270378 HTTP/1.1" 200 -
20:51:00 [INFO    ] werkzeug — 127.0.0.1 - - [18/May/2026 20:51:00] "GET /api/job/e0270378 HTTP/1.1" 200 -
20:51:02 [INFO    ] werkzeug — 127.0.0.1 - - [18/May/2026 20:51:02] "GET /api/job/e0270378 HTTP/1.1" 200 -
20:51:03 [INFO    ] werkzeug — 127.0.0.1 - - [18/May/2026 20:51:03] "GET /api/job/e0270378 HTTP/1.1" 200 -
20:51:04 [INFO    ] werkzeug — 127.0.0.1 - - [18/May/2026 20:51:04] "GET /api/job/e0270378 HTTP/1.1" 200 -
20:51:05 [INFO    ] werkzeug — 127.0.0.1 - - [18/May/2026 20:51:05] "GET /api/job/e0270378 HTTP/1.1" 200 -
20:51:06 [INFO    ] werkzeug — 127.0.0.1 - - [18/May/2026 20:51:06] "GET /api/job/e0270378 HTTP/1.1" 200 -
20:51:06 [INFO    ] werkzeug — 127.0.0.1 - - [18/May/2026 20:51:06] "GET /api/status HTTP/1.1" 200 -
20:51:08 [INFO    ] werkzeug — 127.0.0.1 - - [18/May/2026 20:51:08] "GET /api/job/e0270378 HTTP/1.1" 200 -
20:51:09 [INFO    ] werkzeug — 127.0.0.1 - - [18/May/2026 20:51:09] "GET /api/job/e0270378 HTTP/1.1" 200 -
20:51:10 [INFO    ] werkzeug — 127.0.0.1 - - [18/May/2026 20:51:10] "GET /api/job/e0270378 HTTP/1.1" 200 -
20:51:11 [INFO    ] werkzeug — 127.0.0.1 - - [18/May/2026 20:51:11] "GET /api/job/e0270378 HTTP/1.1" 200 -
20:51:13 [INFO    ] werkzeug — 127.0.0.1 - - [18/May/2026 20:51:13] "GET /api/job/e0270378 HTTP/1.1" 200 -
20:51:13 [INFO    ] werkzeug — 127.0.0.1 - - [18/May/2026 20:51:13] "GET /api/job/e0270378 HTTP/1.1" 200 -
20:51:14 [INFO    ] werkzeug — 127.0.0.1 - - [18/May/2026 20:51:14] "GET /api/status HTTP/1.1" 200 -
20:51:15 [INFO    ] werkzeug — 127.0.0.1 - - [18/May/2026 20:51:15] "GET /api/job/e0270378 HTTP/1.1" 200 -
20:51:16 [INFO    ] werkzeug — 127.0.0.1 - - [18/May/2026 20:51:16] "GET /api/job/e0270378 HTTP/1.1" 200 -
20:51:17 [INFO    ] werkzeug — 127.0.0.1 - - [18/May/2026 20:51:17] "GET /api/job/e0270378 HTTP/1.1" 200 -
20:51:19 [INFO    ] werkzeug — 127.0.0.1 - - [18/May/2026 20:51:19] "GET /api/job/e0270378 HTTP/1.1" 200 -
20:51:19 [INFO    ] werkzeug — 127.0.0.1 - - [18/May/2026 20:51:19] "GET /api/job/e0270378 HTTP/1.1" 200 -
20:51:21 [INFO    ] werkzeug — 127.0.0.1 - - [18/May/2026 20:51:21] "GET /api/job/e0270378 HTTP/1.1" 200 -
20:51:22 [INFO    ] werkzeug — 127.0.0.1 - - [18/May/2026 20:51:22] "GET /api/job/e0270378 HTTP/1.1" 200 -
20:51:22 [INFO    ] werkzeug — 127.0.0.1 - - [18/May/2026 20:51:22] "GET /api/status HTTP/1.1" 200 -
20:51:23 [INFO    ] werkzeug — 127.0.0.1 - - [18/May/2026 20:51:23] "GET /api/job/e0270378 HTTP/1.1" 200 -
20:51:24 [INFO    ] werkzeug — 127.0.0.1 - - [18/May/2026 20:51:24] "GET /api/job/e0270378 HTTP/1.1" 200 -
20:51:26 [INFO    ] werkzeug — 127.0.0.1 - - [18/May/2026 20:51:26] "GET /api/job/e0270378 HTTP/1.1" 200 -
20:51:27 [INFO    ] werkzeug — 127.0.0.1 - - [18/May/2026 20:51:27] "GET /api/job/e0270378 HTTP/1.1" 200 -
20:51:28 [INFO    ] werkzeug — 127.0.0.1 - - [18/May/2026 20:51:28] "GET /api/job/e0270378 HTTP/1.1" 200 -
20:51:29 [INFO    ] werkzeug — 127.0.0.1 - - [18/May/2026 20:51:29] "GET /api/job/e0270378 HTTP/1.1" 200 -
20:51:30 [INFO    ] werkzeug — 127.0.0.1 - - [18/May/2026 20:51:30] "GET /api/job/e0270378 HTTP/1.1" 200 -
20:51:30 [INFO    ] werkzeug — 127.0.0.1 - - [18/May/2026 20:51:30] "GET /api/status HTTP/1.1" 200 -
20:51:32 [INFO    ] werkzeug — 127.0.0.1 - - [18/May/2026 20:51:32] "GET /api/job/e0270378 HTTP/1.1" 200 -
20:51:33 [INFO    ] werkzeug — 127.0.0.1 - - [18/May/2026 20:51:33] "GET /api/job/e0270378 HTTP/1.1" 200 -
20:51:34 [INFO    ] werkzeug — 127.0.0.1 - - [18/May/2026 20:51:34] "GET /api/job/e0270378 HTTP/1.1" 200 -
20:51:35 [INFO    ] werkzeug — 127.0.0.1 - - [18/May/2026 20:51:35] "GET /api/job/e0270378 HTTP/1.1" 200 -
20:51:37 [INFO    ] werkzeug — 127.0.0.1 - - [18/May/2026 20:51:37] "GET /api/job/e0270378 HTTP/1.1" 200 -
20:51:37 [INFO    ] werkzeug — 127.0.0.1 - - [18/May/2026 20:51:37] "GET /api/job/e0270378 HTTP/1.1" 200 -
20:51:38 [INFO    ] werkzeug — 127.0.0.1 - - [18/May/2026 20:51:38] "GET /api/status HTTP/1.1" 200 -
20:51:39 [INFO    ] werkzeug — 127.0.0.1 - - [18/May/2026 20:51:39] "GET /api/job/e0270378 HTTP/1.1" 200 -
20:51:40 [INFO    ] werkzeug — 127.0.0.1 - - [18/May/2026 20:51:40] "GET /api/job/e0270378 HTTP/1.1" 200 -
20:51:41 [INFO    ] werkzeug — 127.0.0.1 - - [18/May/2026 20:51:41] "GET /api/job/e0270378 HTTP/1.1" 200 -
20:51:43 [INFO    ] werkzeug — 127.0.0.1 - - [18/May/2026 20:51:43] "GET /api/job/e0270378 HTTP/1.1" 200 -
20:51:43 [INFO    ] werkzeug — 127.0.0.1 - - [18/May/2026 20:51:43] "GET /api/job/e0270378 HTTP/1.1" 200 -
20:51:45 [INFO    ] werkzeug — 127.0.0.1 - - [18/May/2026 20:51:45] "GET /api/job/e0270378 HTTP/1.1" 200 -
20:51:46 [INFO    ] werkzeug — 127.0.0.1 - - [18/May/2026 20:51:46] "GET /api/status HTTP/1.1" 200 -
20:51:46 [INFO    ] werkzeug — 127.0.0.1 - - [18/May/2026 20:51:46] "GET /api/job/e0270378 HTTP/1.1" 200 -
20:51:47 [INFO    ] werkzeug — 127.0.0.1 - - [18/May/2026 20:51:47] "GET /api/job/e0270378 HTTP/1.1" 200 -
20:51:48 [INFO    ] werkzeug — 127.0.0.1 - - [18/May/2026 20:51:48] "GET /api/job/e0270378 HTTP/1.1" 200 -
20:51:50 [INFO    ] werkzeug — 127.0.0.1 - - [18/May/2026 20:51:50] "GET /api/job/e0270378 HTTP/1.1" 200 -
20:51:51 [INFO    ] werkzeug — 127.0.0.1 - - [18/May/2026 20:51:51] "GET /api/job/e0270378 HTTP/1.1" 200 -
20:51:52 [INFO    ] werkzeug — 127.0.0.1 - - [18/May/2026 20:51:52] "GET /api/job/e0270378 HTTP/1.1" 200 -
20:51:53 [INFO    ] werkzeug — 127.0.0.1 - - [18/May/2026 20:51:53] "GET /api/job/e0270378 HTTP/1.1" 200 -
20:51:54 [INFO    ] werkzeug — 127.0.0.1 - - [18/May/2026 20:51:54] "GET /api/job/e0270378 HTTP/1.1" 200 -
20:51:55 [INFO    ] werkzeug — 127.0.0.1 - - [18/May/2026 20:51:55] "GET /api/status HTTP/1.1" 200 -
20:51:56 [INFO    ] werkzeug — 127.0.0.1 - - [18/May/2026 20:51:56] "GET /api/job/e0270378 HTTP/1.1" 200 -
20:51:57 [INFO    ] werkzeug — 127.0.0.1 - - [18/May/2026 20:51:57] "GET /api/job/e0270378 HTTP/1.1" 200 -
20:51:58 [INFO    ] werkzeug — 127.0.0.1 - - [18/May/2026 20:51:58] "GET /api/job/e0270378 HTTP/1.1" 200 -
20:51:59 [INFO    ] werkzeug — 127.0.0.1 - - [18/May/2026 20:51:59] "GET /api/job/e0270378 HTTP/1.1" 200 -
20:52:01 [INFO    ] werkzeug — 127.0.0.1 - - [18/May/2026 20:52:01] "GET /api/job/e0270378 HTTP/1.1" 200 -
20:52:01 [INFO    ] werkzeug — 127.0.0.1 - - [18/May/2026 20:52:01] "GET /api/job/e0270378 HTTP/1.1" 200 -
20:52:03 [INFO    ] werkzeug — 127.0.0.1 - - [18/May/2026 20:52:03] "GET /api/status HTTP/1.1" 200 -
20:52:03 [INFO    ] werkzeug — 127.0.0.1 - - [18/May/2026 20:52:03] "GET /api/job/e0270378 HTTP/1.1" 200 -
20:52:04 [INFO    ] werkzeug — 127.0.0.1 - - [18/May/2026 20:52:04] "GET /api/job/e0270378 HTTP/1.1" 200 -
20:52:05 [INFO    ] werkzeug — 127.0.0.1 - - [18/May/2026 20:52:05] "GET /api/job/e0270378 HTTP/1.1" 200 -
20:52:07 [INFO    ] werkzeug — 127.0.0.1 - - [18/May/2026 20:52:07] "GET /api/job/e0270378 HTTP/1.1" 200 -
20:52:07 [INFO    ] werkzeug — 127.0.0.1 - - [18/May/2026 20:52:07] "GET /api/job/e0270378 HTTP/1.1" 200 -
20:52:09 [INFO    ] werkzeug — 127.0.0.1 - - [18/May/2026 20:52:09] "GET /api/job/e0270378 HTTP/1.1" 200 -
20:52:10 [INFO    ] werkzeug — 127.0.0.1 - - [18/May/2026 20:52:10] "GET /api/status HTTP/1.1" 200 -
20:52:10 [INFO    ] werkzeug — 127.0.0.1 - - [18/May/2026 20:52:10] "GET /api/job/e0270378 HTTP/1.1" 200 -
20:52:11 [INFO    ] werkzeug — 127.0.0.1 - - [18/May/2026 20:52:11] "GET /api/job/e0270378 HTTP/1.1" 200 -
20:52:12 [INFO    ] werkzeug — 127.0.0.1 - - [18/May/2026 20:52:12] "GET /api/job/e0270378 HTTP/1.1" 200 -
20:52:14 [INFO    ] werkzeug — 127.0.0.1 - - [18/May/2026 20:52:14] "GET /api/job/e0270378 HTTP/1.1" 200 -
20:52:15 [INFO    ] werkzeug — 127.0.0.1 - - [18/May/2026 20:52:15] "GET /api/job/e0270378 HTTP/1.1" 200 -
20:52:16 [INFO    ] werkzeug — 127.0.0.1 - - [18/May/2026 20:52:16] "GET /api/job/e0270378 HTTP/1.1" 200 -
20:52:17 [INFO    ] werkzeug — 127.0.0.1 - - [18/May/2026 20:52:17] "GET /api/job/e0270378 HTTP/1.1" 200 -
20:52:18 [INFO    ] werkzeug — 127.0.0.1 - - [18/May/2026 20:52:18] "GET /api/job/e0270378 HTTP/1.1" 200 -
20:52:18 [INFO    ] werkzeug — 127.0.0.1 - - [18/May/2026 20:52:18] "GET /api/status HTTP/1.1" 200 -
20:52:20 [INFO    ] werkzeug — 127.0.0.1 - - [18/May/2026 20:52:20] "GET /api/job/e0270378 HTTP/1.1" 200 -
20:52:21 [INFO    ] werkzeug — 127.0.0.1 - - [18/May/2026 20:52:21] "GET /api/job/e0270378 HTTP/1.1" 200 -
20:52:22 [INFO    ] werkzeug — 127.0.0.1 - - [18/May/2026 20:52:22] "GET /api/job/e0270378 HTTP/1.1" 200 -
20:52:23 [INFO    ] werkzeug — 127.0.0.1 - - [18/May/2026 20:52:23] "GET /api/job/e0270378 HTTP/1.1" 200 -
20:52:25 [INFO    ] werkzeug — 127.0.0.1 - - [18/May/2026 20:52:25] "GET /api/job/e0270378 HTTP/1.1" 200 -
20:52:25 [INFO    ] werkzeug — 127.0.0.1 - - [18/May/2026 20:52:25] "GET /api/job/e0270378 HTTP/1.1" 200 -
20:52:26 [INFO    ] werkzeug — 127.0.0.1 - - [18/May/2026 20:52:26] "GET /api/status HTTP/1.1" 200 -
20:52:27 [INFO    ] werkzeug — 127.0.0.1 - - [18/May/2026 20:52:27] "GET /api/job/e0270378 HTTP/1.1" 200 -
20:52:28 [INFO    ] werkzeug — 127.0.0.1 - - [18/May/2026 20:52:28] "GET /api/job/e0270378 HTTP/1.1" 200 -
20:52:29 [INFO    ] werkzeug — 127.0.0.1 - - [18/May/2026 20:52:29] "GET /api/job/e0270378 HTTP/1.1" 200 -
20:52:31 [INFO    ] werkzeug — 127.0.0.1 - - [18/May/2026 20:52:31] "GET /api/job/e0270378 HTTP/1.1" 200 -
20:52:31 [INFO    ] werkzeug — 127.0.0.1 - - [18/May/2026 20:52:31] "GET /api/job/e0270378 HTTP/1.1" 200 -
20:52:33 [INFO    ] werkzeug — 127.0.0.1 - - [18/May/2026 20:52:33] "GET /api/job/e0270378 HTTP/1.1" 200 -
20:52:34 [INFO    ] werkzeug — 127.0.0.1 - - [18/May/2026 20:52:34] "GET /api/status HTTP/1.1" 200 -
20:52:34 [INFO    ] werkzeug — 127.0.0.1 - - [18/May/2026 20:52:34] "GET /api/job/e0270378 HTTP/1.1" 200 -
20:52:35 [INFO    ] werkzeug — 127.0.0.1 - - [18/May/2026 20:52:35] "GET /api/job/e0270378 HTTP/1.1" 200 -
20:52:36 [INFO    ] werkzeug — 127.0.0.1 - - [18/May/2026 20:52:36] "GET /api/job/e0270378 HTTP/1.1" 200 -
20:52:38 [INFO    ] werkzeug — 127.0.0.1 - - [18/May/2026 20:52:38] "GET /api/job/e0270378 HTTP/1.1" 200 -
20:52:39 [INFO    ] werkzeug — 127.0.0.1 - - [18/May/2026 20:52:39] "GET /api/job/e0270378 HTTP/1.1" 200 -
20:52:40 [INFO    ] werkzeug — 127.0.0.1 - - [18/May/2026 20:52:40] "GET /api/job/e0270378 HTTP/1.1" 200 -
20:52:41 [INFO    ] werkzeug — 127.0.0.1 - - [18/May/2026 20:52:41] "GET /api/job/e0270378 HTTP/1.1" 200 -
20:52:42 [INFO    ] werkzeug — 127.0.0.1 - - [18/May/2026 20:52:42] "GET /api/status HTTP/1.1" 200 -
20:52:42 [INFO    ] werkzeug — 127.0.0.1 - - [18/May/2026 20:52:42] "GET /api/job/e0270378 HTTP/1.1" 200 -
20:52:44 [INFO    ] werkzeug — 127.0.0.1 - - [18/May/2026 20:52:44] "GET /api/job/e0270378 HTTP/1.1" 200 -
20:52:45 [INFO    ] werkzeug — 127.0.0.1 - - [18/May/2026 20:52:45] "GET /api/job/e0270378 HTTP/1.1" 200 -
20:52:46 [INFO    ] werkzeug — 127.0.0.1 - - [18/May/2026 20:52:46] "GET /api/job/e0270378 HTTP/1.1" 200 -
20:52:47 [INFO    ] werkzeug — 127.0.0.1 - - [18/May/2026 20:52:47] "GET /api/job/e0270378 HTTP/1.1" 200 -
20:52:49 [INFO    ] werkzeug — 127.0.0.1 - - [18/May/2026 20:52:49] "GET /api/job/e0270378 HTTP/1.1" 200 -
20:52:49 [INFO    ] werkzeug — 127.0.0.1 - - [18/May/2026 20:52:49] "GET /api/job/e0270378 HTTP/1.1" 200 -
20:52:51 [INFO    ] werkzeug — 127.0.0.1 - - [18/May/2026 20:52:51] "GET /api/status HTTP/1.1" 200 -
20:52:51 [INFO    ] werkzeug — 127.0.0.1 - - [18/May/2026 20:52:51] "GET /api/job/e0270378 HTTP/1.1" 200 -
20:52:52 [INFO    ] werkzeug — 127.0.0.1 - - [18/May/2026 20:52:52] "GET /api/job/e0270378 HTTP/1.1" 200 -
20:52:53 [INFO    ] werkzeug — 127.0.0.1 - - [18/May/2026 20:52:53] "GET /api/job/e0270378 HTTP/1.1" 200 -
20:52:55 [INFO    ] werkzeug — 127.0.0.1 - - [18/May/2026 20:52:55] "GET /api/job/e0270378 HTTP/1.1" 200 -
20:52:55 [INFO    ] werkzeug — 127.0.0.1 - - [18/May/2026 20:52:55] "GET /api/job/e0270378 HTTP/1.1" 200 -
20:52:57 [INFO    ] werkzeug — 127.0.0.1 - - [18/May/2026 20:52:57] "GET /api/job/e0270378 HTTP/1.1" 200 -
20:52:58 [INFO    ] werkzeug — 127.0.0.1 - - [18/May/2026 20:52:58] "GET /api/job/e0270378 HTTP/1.1" 200 -
20:52:58 [INFO    ] werkzeug — 127.0.0.1 - - [18/May/2026 20:52:58] "GET /api/status HTTP/1.1" 200 -
20:52:59 [INFO    ] werkzeug — 127.0.0.1 - - [18/May/2026 20:52:59] "GET /api/job/e0270378 HTTP/1.1" 200 -
20:53:00 [INFO    ] werkzeug — 127.0.0.1 - - [18/May/2026 20:53:00] "GET /api/job/e0270378 HTTP/1.1" 200 -
20:53:02 [INFO    ] werkzeug — 127.0.0.1 - - [18/May/2026 20:53:02] "GET /api/job/e0270378 HTTP/1.1" 200 -
20:53:03 [INFO    ] werkzeug — 127.0.0.1 - - [18/May/2026 20:53:03] "GET /api/job/e0270378 HTTP/1.1" 200 -
20:53:04 [INFO    ] werkzeug — 127.0.0.1 - - [18/May/2026 20:53:04] "GET /api/job/e0270378 HTTP/1.1" 200 -
20:53:05 [INFO    ] werkzeug — 127.0.0.1 - - [18/May/2026 20:53:05] "GET /api/job/e0270378 HTTP/1.1" 200 -
20:53:06 [INFO    ] werkzeug — 127.0.0.1 - - [18/May/2026 20:53:06] "GET /api/job/e0270378 HTTP/1.1" 200 -
20:53:06 [INFO    ] werkzeug — 127.0.0.1 - - [18/May/2026 20:53:06] "GET /api/status HTTP/1.1" 200 -
20:53:08 [INFO    ] werkzeug — 127.0.0.1 - - [18/May/2026 20:53:08] "GET /api/job/e0270378 HTTP/1.1" 200 -
20:53:09 [INFO    ] werkzeug — 127.0.0.1 - - [18/May/2026 20:53:09] "GET /api/job/e0270378 HTTP/1.1" 200 -
20:53:10 [INFO    ] werkzeug — 127.0.0.1 - - [18/May/2026 20:53:10] "GET /api/job/e0270378 HTTP/1.1" 200 -
20:53:11 [INFO    ] werkzeug — 127.0.0.1 - - [18/May/2026 20:53:11] "GET /api/job/e0270378 HTTP/1.1" 200 -
20:53:13 [INFO    ] werkzeug — 127.0.0.1 - - [18/May/2026 20:53:13] "GET /api/job/e0270378 HTTP/1.1" 200 -
20:53:13 [INFO    ] werkzeug — 127.0.0.1 - - [18/May/2026 20:53:13] "GET /api/job/e0270378 HTTP/1.1" 200 -
20:53:14 [INFO    ] werkzeug — 127.0.0.1 - - [18/May/2026 20:53:14] "GET /api/status HTTP/1.1" 200 -
20:53:15 [INFO    ] werkzeug — 127.0.0.1 - - [18/May/2026 20:53:15] "GET /api/job/e0270378 HTTP/1.1" 200 -
20:53:16 [INFO    ] werkzeug — 127.0.0.1 - - [18/May/2026 20:53:16] "GET /api/job/e0270378 HTTP/1.1" 200 -
20:53:17 [INFO    ] werkzeug — 127.0.0.1 - - [18/May/2026 20:53:17] "GET /api/job/e0270378 HTTP/1.1" 200 -
20:53:19 [INFO    ] werkzeug — 127.0.0.1 - - [18/May/2026 20:53:19] "GET /api/job/e0270378 HTTP/1.1" 200 -
20:53:19 [INFO    ] werkzeug — 127.0.0.1 - - [18/May/2026 20:53:19] "GET /api/job/e0270378 HTTP/1.1" 200 -
20:53:21 [INFO    ] werkzeug — 127.0.0.1 - - [18/May/2026 20:53:21] "GET /api/job/e0270378 HTTP/1.1" 200 -
20:53:22 [INFO    ] werkzeug — 127.0.0.1 - - [18/May/2026 20:53:22] "GET /api/job/e0270378 HTTP/1.1" 200 -
20:53:22 [INFO    ] werkzeug — 127.0.0.1 - - [18/May/2026 20:53:22] "GET /api/status HTTP/1.1" 200 -
20:53:23 [INFO    ] werkzeug — 127.0.0.1 - - [18/May/2026 20:53:23] "GET /api/job/e0270378 HTTP/1.1" 200 -
20:53:24 [INFO    ] werkzeug — 127.0.0.1 - - [18/May/2026 20:53:24] "GET /api/job/e0270378 HTTP/1.1" 200 -
20:53:26 [INFO    ] werkzeug — 127.0.0.1 - - [18/May/2026 20:53:26] "GET /api/job/e0270378 HTTP/1.1" 200 -
20:53:27 [INFO    ] werkzeug — 127.0.0.1 - - [18/May/2026 20:53:27] "GET /api/job/e0270378 HTTP/1.1" 200 -
20:53:28 [INFO    ] werkzeug — 127.0.0.1 - - [18/May/2026 20:53:28] "GET /api/job/e0270378 HTTP/1.1" 200 -
20:53:29 [INFO    ] werkzeug — 127.0.0.1 - - [18/May/2026 20:53:29] "GET /api/job/e0270378 HTTP/1.1" 200 -
20:53:30 [INFO    ] werkzeug — 127.0.0.1 - - [18/May/2026 20:53:30] "GET /api/job/e0270378 HTTP/1.1" 200 -
20:53:30 [INFO    ] werkzeug — 127.0.0.1 - - [18/May/2026 20:53:30] "GET /api/status HTTP/1.1" 200 -
20:53:32 [INFO    ] werkzeug — 127.0.0.1 - - [18/May/2026 20:53:32] "GET /api/job/e0270378 HTTP/1.1" 200 -
20:53:33 [INFO    ] werkzeug — 127.0.0.1 - - [18/May/2026 20:53:33] "GET /api/job/e0270378 HTTP/1.1" 200 -
20:53:34 [INFO    ] werkzeug — 127.0.0.1 - - [18/May/2026 20:53:34] "GET /api/job/e0270378 HTTP/1.1" 200 -
20:53:35 [INFO    ] werkzeug — 127.0.0.1 - - [18/May/2026 20:53:35] "GET /api/job/e0270378 HTTP/1.1" 200 -
20:53:37 [INFO    ] werkzeug — 127.0.0.1 - - [18/May/2026 20:53:37] "GET /api/job/e0270378 HTTP/1.1" 200 -
20:53:37 [INFO    ] werkzeug — 127.0.0.1 - - [18/May/2026 20:53:37] "GET /api/job/e0270378 HTTP/1.1" 200 -
20:53:38 [INFO    ] werkzeug — 127.0.0.1 - - [18/May/2026 20:53:38] "GET /api/status HTTP/1.1" 200 -
20:53:39 [INFO    ] werkzeug — 127.0.0.1 - - [18/May/2026 20:53:39] "GET /api/job/e0270378 HTTP/1.1" 200 -
20:53:40 [INFO    ] werkzeug — 127.0.0.1 - - [18/May/2026 20:53:40] "GET /api/job/e0270378 HTTP/1.1" 200 -
20:53:41 [INFO    ] werkzeug — 127.0.0.1 - - [18/May/2026 20:53:41] "GET /api/job/e0270378 HTTP/1.1" 200 -
20:53:43 [INFO    ] werkzeug — 127.0.0.1 - - [18/May/2026 20:53:43] "GET /api/job/e0270378 HTTP/1.1" 200 -
20:53:43 [INFO    ] werkzeug — 127.0.0.1 - - [18/May/2026 20:53:43] "GET /api/job/e0270378 HTTP/1.1" 200 -
20:53:45 [INFO    ] werkzeug — 127.0.0.1 - - [18/May/2026 20:53:45] "GET /api/job/e0270378 HTTP/1.1" 200 -
20:53:46 [INFO    ] werkzeug — 127.0.0.1 - - [18/May/2026 20:53:46] "GET /api/status HTTP/1.1" 200 -
20:53:46 [INFO    ] werkzeug — 127.0.0.1 - - [18/May/2026 20:53:46] "GET /api/job/e0270378 HTTP/1.1" 200 -
20:53:47 [INFO    ] werkzeug — 127.0.0.1 - - [18/May/2026 20:53:47] "GET /api/job/e0270378 HTTP/1.1" 200 -
20:53:48 [INFO    ] werkzeug — 127.0.0.1 - - [18/May/2026 20:53:48] "GET /api/job/e0270378 HTTP/1.1" 200 -
20:53:50 [INFO    ] werkzeug — 127.0.0.1 - - [18/May/2026 20:53:50] "GET /api/job/e0270378 HTTP/1.1" 200 -
20:53:51 [INFO    ] werkzeug — 127.0.0.1 - - [18/May/2026 20:53:51] "GET /api/job/e0270378 HTTP/1.1" 200 -
20:53:52 [INFO    ] werkzeug — 127.0.0.1 - - [18/May/2026 20:53:52] "GET /api/job/e0270378 HTTP/1.1" 200 -
20:53:53 [INFO    ] werkzeug — 127.0.0.1 - - [18/May/2026 20:53:53] "GET /api/job/e0270378 HTTP/1.1" 200 -
20:53:54 [INFO    ] werkzeug — 127.0.0.1 - - [18/May/2026 20:53:54] "GET /api/job/e0270378 HTTP/1.1" 200 -
20:53:55 [INFO    ] werkzeug — 127.0.0.1 - - [18/May/2026 20:53:55] "GET /api/status HTTP/1.1" 200 -
20:53:56 [INFO    ] werkzeug — 127.0.0.1 - - [18/May/2026 20:53:56] "GET /api/job/e0270378 HTTP/1.1" 200 -
20:53:57 [INFO    ] werkzeug — 127.0.0.1 - - [18/May/2026 20:53:57] "GET /api/job/e0270378 HTTP/1.1" 200 -
20:53:58 [INFO    ] werkzeug — 127.0.0.1 - - [18/May/2026 20:53:58] "GET /api/job/e0270378 HTTP/1.1" 200 -
20:53:59 [INFO    ] werkzeug — 127.0.0.1 - - [18/May/2026 20:53:59] "GET /api/job/e0270378 HTTP/1.1" 200 -
20:54:01 [INFO    ] werkzeug — 127.0.0.1 - - [18/May/2026 20:54:01] "GET /api/job/e0270378 HTTP/1.1" 200 -
20:54:02 [INFO    ] werkzeug — 127.0.0.1 - - [18/May/2026 20:54:02] "GET /api/job/e0270378 HTTP/1.1" 200 -
20:54:03 [INFO    ] werkzeug — 127.0.0.1 - - [18/May/2026 20:54:03] "GET /api/status HTTP/1.1" 200 -
20:54:03 [INFO    ] werkzeug — 127.0.0.1 - - [18/May/2026 20:54:03] "GET /api/job/e0270378 HTTP/1.1" 200 -
20:54:04 [INFO    ] werkzeug — 127.0.0.1 - - [18/May/2026 20:54:04] "GET /api/job/e0270378 HTTP/1.1" 200 -
20:54:05 [INFO    ] werkzeug — 127.0.0.1 - - [18/May/2026 20:54:05] "GET /api/job/e0270378 HTTP/1.1" 200 -
20:54:07 [INFO    ] werkzeug — 127.0.0.1 - - [18/May/2026 20:54:07] "GET /api/job/e0270378 HTTP/1.1" 200 -
20:54:07 [INFO    ] werkzeug — 127.0.0.1 - - [18/May/2026 20:54:07] "GET /api/job/e0270378 HTTP/1.1" 200 -
20:54:09 [INFO    ] werkzeug — 127.0.0.1 - - [18/May/2026 20:54:09] "GET /api/job/e0270378 HTTP/1.1" 200 -
20:54:10 [INFO    ] werkzeug — 127.0.0.1 - - [18/May/2026 20:54:10] "GET /api/status HTTP/1.1" 200 -
20:54:10 [INFO    ] werkzeug — 127.0.0.1 - - [18/May/2026 20:54:10] "GET /api/job/e0270378 HTTP/1.1" 200 -
20:54:11 [INFO    ] werkzeug — 127.0.0.1 - - [18/May/2026 20:54:11] "GET /api/job/e0270378 HTTP/1.1" 200 -
20:54:12 [INFO    ] werkzeug — 127.0.0.1 - - [18/May/2026 20:54:12] "GET /api/job/e0270378 HTTP/1.1" 200 -
20:54:14 [INFO    ] werkzeug — 127.0.0.1 - - [18/May/2026 20:54:14] "GET /api/job/e0270378 HTTP/1.1" 200 -
20:54:15 [INFO    ] werkzeug — 127.0.0.1 - - [18/May/2026 20:54:15] "GET /api/job/e0270378 HTTP/1.1" 200 -
20:54:16 [INFO    ] werkzeug — 127.0.0.1 - - [18/May/2026 20:54:16] "GET /api/job/e0270378 HTTP/1.1" 200 -
20:54:17 [INFO    ] werkzeug — 127.0.0.1 - - [18/May/2026 20:54:17] "GET /api/job/e0270378 HTTP/1.1" 200 -
20:54:18 [INFO    ] werkzeug — 127.0.0.1 - - [18/May/2026 20:54:18] "GET /api/job/e0270378 HTTP/1.1" 200 -
20:54:19 [INFO    ] werkzeug — 127.0.0.1 - - [18/May/2026 20:54:19] "GET /api/status HTTP/1.1" 200 -
20:54:20 [INFO    ] werkzeug — 127.0.0.1 - - [18/May/2026 20:54:20] "GET /api/job/e0270378 HTTP/1.1" 200 -
20:54:21 [INFO    ] werkzeug — 127.0.0.1 - - [18/May/2026 20:54:21] "GET /api/job/e0270378 HTTP/1.1" 200 -
20:54:22 [INFO    ] werkzeug — 127.0.0.1 - - [18/May/2026 20:54:22] "GET /api/job/e0270378 HTTP/1.1" 200 -
20:54:24 [INFO    ] werkzeug — 127.0.0.1 - - [18/May/2026 20:54:24] "GET /api/job/e0270378 HTTP/1.1" 200 -
20:54:25 [INFO    ] werkzeug — 127.0.0.1 - - [18/May/2026 20:54:25] "GET /api/job/e0270378 HTTP/1.1" 200 -
20:54:26 [INFO    ] werkzeug — 127.0.0.1 - - [18/May/2026 20:54:26] "GET /api/job/e0270378 HTTP/1.1" 200 -
20:54:27 [INFO    ] werkzeug — 127.0.0.1 - - [18/May/2026 20:54:27] "GET /api/status HTTP/1.1" 200 -
20:54:28 [INFO    ] werkzeug — 127.0.0.1 - - [18/May/2026 20:54:28] "GET /api/job/e0270378 HTTP/1.1" 200 -
20:54:29 [INFO    ] werkzeug — 127.0.0.1 - - [18/May/2026 20:54:29] "GET /api/job/e0270378 HTTP/1.1" 200 -
20:54:30 [INFO    ] werkzeug — 127.0.0.1 - - [18/May/2026 20:54:30] "GET /api/job/e0270378 HTTP/1.1" 200 -
20:54:31 [INFO    ] werkzeug — 127.0.0.1 - - [18/May/2026 20:54:31] "GET /api/job/e0270378 HTTP/1.1" 200 -
20:54:32 [INFO    ] werkzeug — 127.0.0.1 - - [18/May/2026 20:54:32] "GET /api/job/e0270378 HTTP/1.1" 200 -
20:54:34 [INFO    ] werkzeug — 127.0.0.1 - - [18/May/2026 20:54:34] "GET /api/job/e0270378 HTTP/1.1" 200 -
20:54:35 [INFO    ] werkzeug — 127.0.0.1 - - [18/May/2026 20:54:35] "GET /api/status HTTP/1.1" 200 -
20:54:35 [INFO    ] werkzeug — 127.0.0.1 - - [18/May/2026 20:54:35] "GET /api/job/e0270378 HTTP/1.1" 200 -
20:54:36 [INFO    ] werkzeug — 127.0.0.1 - - [18/May/2026 20:54:36] "GET /api/job/e0270378 HTTP/1.1" 200 -
20:54:37 [INFO    ] werkzeug — 127.0.0.1 - - [18/May/2026 20:54:37] "GET /api/job/e0270378 HTTP/1.1" 200 -
20:54:38 [INFO    ] werkzeug — 127.0.0.1 - - [18/May/2026 20:54:38] "GET /api/job/e0270378 HTTP/1.1" 200 -
20:54:40 [INFO    ] werkzeug — 127.0.0.1 - - [18/May/2026 20:54:40] "GET /api/job/e0270378 HTTP/1.1" 200 -
20:54:41 [INFO    ] werkzeug — 127.0.0.1 - - [18/May/2026 20:54:41] "GET /api/job/e0270378 HTTP/1.1" 200 -
20:54:42 [INFO    ] werkzeug — 127.0.0.1 - - [18/May/2026 20:54:42] "GET /api/job/e0270378 HTTP/1.1" 200 -
20:54:43 [INFO    ] werkzeug — 127.0.0.1 - - [18/May/2026 20:54:43] "GET /api/job/e0270378 HTTP/1.1" 200 -
20:54:43 [INFO    ] werkzeug — 127.0.0.1 - - [18/May/2026 20:54:43] "GET /api/status HTTP/1.1" 200 -
20:54:44 [INFO    ] werkzeug — 127.0.0.1 - - [18/May/2026 20:54:44] "GET /api/job/e0270378 HTTP/1.1" 200 -
20:54:46 [INFO    ] werkzeug — 127.0.0.1 - - [18/May/2026 20:54:46] "GET /api/job/e0270378 HTTP/1.1" 200 -
20:54:47 [INFO    ] werkzeug — 127.0.0.1 - - [18/May/2026 20:54:47] "GET /api/job/e0270378 HTTP/1.1" 200 -
20:54:48 [INFO    ] werkzeug — 127.0.0.1 - - [18/May/2026 20:54:48] "GET /api/job/e0270378 HTTP/1.1" 200 -
20:54:49 [INFO    ] werkzeug — 127.0.0.1 - - [18/May/2026 20:54:49] "GET /api/job/e0270378 HTTP/1.1" 200 -
20:54:50 [INFO    ] werkzeug — 127.0.0.1 - - [18/May/2026 20:54:50] "GET /api/job/e0270378 HTTP/1.1" 200 -
20:54:51 [INFO    ] werkzeug — 127.0.0.1 - - [18/May/2026 20:54:51] "GET /api/status HTTP/1.1" 200 -
20:54:52 [INFO    ] werkzeug — 127.0.0.1 - - [18/May/2026 20:54:52] "GET /api/job/e0270378 HTTP/1.1" 200 -
20:54:53 [INFO    ] werkzeug — 127.0.0.1 - - [18/May/2026 20:54:53] "GET /api/job/e0270378 HTTP/1.1" 200 -
20:54:54 [INFO    ] werkzeug — 127.0.0.1 - - [18/May/2026 20:54:54] "GET /api/job/e0270378 HTTP/1.1" 200 -
20:54:55 [INFO    ] werkzeug — 127.0.0.1 - - [18/May/2026 20:54:55] "GET /api/job/e0270378 HTTP/1.1" 200 -
20:54:56 [INFO    ] werkzeug — 127.0.0.1 - - [18/May/2026 20:54:56] "GET /api/job/e0270378 HTTP/1.1" 200 -
20:54:58 [INFO    ] werkzeug — 127.0.0.1 - - [18/May/2026 20:54:58] "GET /api/job/e0270378 HTTP/1.1" 200 -
20:54:59 [INFO    ] werkzeug — 127.0.0.1 - - [18/May/2026 20:54:59] "GET /api/status HTTP/1.1" 200 -
20:54:59 [INFO    ] werkzeug — 127.0.0.1 - - [18/May/2026 20:54:59] "GET /api/job/e0270378 HTTP/1.1" 200 -
20:55:00 [INFO    ] werkzeug — 127.0.0.1 - - [18/May/2026 20:55:00] "GET /api/job/e0270378 HTTP/1.1" 200 -
20:55:01 [INFO    ] werkzeug — 127.0.0.1 - - [18/May/2026 20:55:01] "GET /api/job/e0270378 HTTP/1.1" 200 -
20:55:02 [INFO    ] werkzeug — 127.0.0.1 - - [18/May/2026 20:55:02] "GET /api/job/e0270378 HTTP/1.1" 200 -
20:55:04 [INFO    ] werkzeug — 127.0.0.1 - - [18/May/2026 20:55:04] "GET /api/job/e0270378 HTTP/1.1" 200 -
20:55:05 [INFO    ] werkzeug — 127.0.0.1 - - [18/May/2026 20:55:05] "GET /api/job/e0270378 HTTP/1.1" 200 -
20:55:06 [INFO    ] werkzeug — 127.0.0.1 - - [18/May/2026 20:55:06] "GET /api/job/e0270378 HTTP/1.1" 200 -
20:55:06 [INFO    ] werkzeug — 127.0.0.1 - - [18/May/2026 20:55:06] "GET /api/status HTTP/1.1" 200 -
20:55:07 [INFO    ] werkzeug — 127.0.0.1 - - [18/May/2026 20:55:07] "GET /api/job/e0270378 HTTP/1.1" 200 -
20:55:08 [INFO    ] werkzeug — 127.0.0.1 - - [18/May/2026 20:55:08] "GET /api/job/e0270378 HTTP/1.1" 200 -
20:55:10 [INFO    ] werkzeug — 127.0.0.1 - - [18/May/2026 20:55:10] "GET /api/job/e0270378 HTTP/1.1" 200 -
20:55:11 [INFO    ] werkzeug — 127.0.0.1 - - [18/May/2026 20:55:11] "GET /api/job/e0270378 HTTP/1.1" 200 -
20:55:12 [INFO    ] werkzeug — 127.0.0.1 - - [18/May/2026 20:55:12] "GET /api/job/e0270378 HTTP/1.1" 200 -
20:55:13 [INFO    ] werkzeug — 127.0.0.1 - - [18/May/2026 20:55:13] "GET /api/job/e0270378 HTTP/1.1" 200 -
20:55:14 [INFO    ] werkzeug — 127.0.0.1 - - [18/May/2026 20:55:14] "GET /api/job/e0270378 HTTP/1.1" 200 -
20:55:15 [INFO    ] werkzeug — 127.0.0.1 - - [18/May/2026 20:55:15] "GET /api/status HTTP/1.1" 200 -
20:55:16 [INFO    ] werkzeug — 127.0.0.1 - - [18/May/2026 20:55:16] "GET /api/job/e0270378 HTTP/1.1" 200 -
20:55:17 [INFO    ] werkzeug — 127.0.0.1 - - [18/May/2026 20:55:17] "GET /api/job/e0270378 HTTP/1.1" 200 -
20:55:18 [INFO    ] werkzeug — 127.0.0.1 - - [18/May/2026 20:55:18] "GET /api/job/e0270378 HTTP/1.1" 200 -
20:55:19 [INFO    ] werkzeug — 127.0.0.1 - - [18/May/2026 20:55:19] "GET /api/job/e0270378 HTTP/1.1" 200 -
20:55:20 [INFO    ] werkzeug — 127.0.0.1 - - [18/May/2026 20:55:20] "GET /api/job/e0270378 HTTP/1.1" 200 -
20:55:22 [INFO    ] werkzeug — 127.0.0.1 - - [18/May/2026 20:55:22] "GET /api/job/e0270378 HTTP/1.1" 200 -
20:55:23 [INFO    ] werkzeug — 127.0.0.1 - - [18/May/2026 20:55:23] "GET /api/status HTTP/1.1" 200 -
20:55:30 [INFO    ] werkzeug — 127.0.0.1 - - [18/May/2026 20:55:30] "GET /api/job/e0270378 HTTP/1.1" 200 -
20:55:31 [INFO    ] werkzeug — 127.0.0.1 - - [18/May/2026 20:55:31] "GET /api/status HTTP/1.1" 200 -
20:56:00 [INFO    ] werkzeug — 127.0.0.1 - - [18/May/2026 20:56:00] "GET /api/job/e0270378 HTTP/1.1" 200 -
20:56:00 [INFO    ] werkzeug — 127.0.0.1 - - [18/May/2026 20:56:00] "GET /api/job/e0270378 HTTP/1.1" 200 -
20:56:01 [INFO    ] werkzeug — 127.0.0.1 - - [18/May/2026 20:56:01] "GET /api/status HTTP/1.1" 200 -
20:56:02 [INFO    ] werkzeug — 127.0.0.1 - - [18/May/2026 20:56:02] "GET /api/job/e0270378 HTTP/1.1" 200 -
20:56:03 [INFO    ] werkzeug — 127.0.0.1 - - [18/May/2026 20:56:03] "GET /api/status HTTP/1.1" 200 -
20:56:04 [INFO    ] werkzeug — 127.0.0.1 - - [18/May/2026 20:56:04] "GET /api/job/e0270378 HTTP/1.1" 200 -
20:56:05 [INFO    ] werkzeug — 127.0.0.1 - - [18/May/2026 20:56:05] "GET /api/job/e0270378 HTTP/1.1" 200 -
20:56:06 [INFO    ] werkzeug — 127.0.0.1 - - [18/May/2026 20:56:06] "GET /api/job/e0270378 HTTP/1.1" 200 -
20:56:07 [INFO    ] werkzeug — 127.0.0.1 - - [18/May/2026 20:56:07] "GET /api/job/e0270378 HTTP/1.1" 200 -
20:56:08 [INFO    ] werkzeug — 127.0.0.1 - - [18/May/2026 20:56:08] "GET /api/job/e0270378 HTTP/1.1" 200 -
20:56:09 [INFO    ] werkzeug — 127.0.0.1 - - [18/May/2026 20:56:09] "GET /api/job/e0270378 HTTP/1.1" 200 -
20:56:10 [INFO    ] werkzeug — 127.0.0.1 - - [18/May/2026 20:56:10] "GET /api/job/e0270378 HTTP/1.1" 200 -
20:56:10 [INFO    ] werkzeug — 127.0.0.1 - - [18/May/2026 20:56:10] "GET /api/status HTTP/1.1" 200 -
20:56:11 [INFO    ] werkzeug — 127.0.0.1 - - [18/May/2026 20:56:11] "GET /api/job/e0270378 HTTP/1.1" 200 -
20:56:13 [INFO    ] werkzeug — 127.0.0.1 - - [18/May/2026 20:56:13] "GET /api/job/e0270378 HTTP/1.1" 200 -
20:56:13 [INFO    ] werkzeug — 127.0.0.1 - - [18/May/2026 20:56:13] "GET /api/job/e0270378 HTTP/1.1" 200 -
20:56:15 [INFO    ] werkzeug — 127.0.0.1 - - [18/May/2026 20:56:15] "GET /api/job/e0270378 HTTP/1.1" 200 -
20:56:16 [INFO    ] werkzeug — 127.0.0.1 - - [18/May/2026 20:56:16] "GET /api/job/e0270378 HTTP/1.1" 200 -
20:56:17 [INFO    ] werkzeug — 127.0.0.1 - - [18/May/2026 20:56:17] "GET /api/job/e0270378 HTTP/1.1" 200 -
20:56:18 [INFO    ] werkzeug — 127.0.0.1 - - [18/May/2026 20:56:18] "GET /api/status HTTP/1.1" 200 -
20:56:18 [INFO    ] werkzeug — 127.0.0.1 - - [18/May/2026 20:56:18] "GET /api/job/e0270378 HTTP/1.1" 200 -
20:56:20 [INFO    ] werkzeug — 127.0.0.1 - - [18/May/2026 20:56:20] "GET /api/job/e0270378 HTTP/1.1" 200 -
20:56:21 [INFO    ] werkzeug — 127.0.0.1 - - [18/May/2026 20:56:21] "GET /api/job/e0270378 HTTP/1.1" 200 -
20:56:22 [INFO    ] werkzeug — 127.0.0.1 - - [18/May/2026 20:56:22] "GET /api/job/e0270378 HTTP/1.1" 200 -
20:56:23 [INFO    ] werkzeug — 127.0.0.1 - - [18/May/2026 20:56:23] "GET /api/job/e0270378 HTTP/1.1" 200 -
20:56:25 [INFO    ] werkzeug — 127.0.0.1 - - [18/May/2026 20:56:25] "GET /api/job/e0270378 HTTP/1.1" 200 -
20:56:26 [INFO    ] werkzeug — 127.0.0.1 - - [18/May/2026 20:56:26] "GET /api/job/e0270378 HTTP/1.1" 200 -
20:56:27 [INFO    ] werkzeug — 127.0.0.1 - - [18/May/2026 20:56:27] "GET /api/status HTTP/1.1" 200 -
20:56:27 [INFO    ] werkzeug — 127.0.0.1 - - [18/May/2026 20:56:27] "GET /api/job/e0270378 HTTP/1.1" 200 -
20:56:28 [INFO    ] werkzeug — 127.0.0.1 - - [18/May/2026 20:56:28] "GET /api/job/e0270378 HTTP/1.1" 200 -
20:56:29 [INFO    ] werkzeug — 127.0.0.1 - - [18/May/2026 20:56:29] "GET /api/job/e0270378 HTTP/1.1" 200 -
20:56:31 [INFO    ] werkzeug — 127.0.0.1 - - [18/May/2026 20:56:31] "GET /api/job/e0270378 HTTP/1.1" 200 -
20:56:32 [INFO    ] werkzeug — 127.0.0.1 - - [18/May/2026 20:56:32] "GET /api/job/e0270378 HTTP/1.1" 200 -
20:56:33 [INFO    ] werkzeug — 127.0.0.1 - - [18/May/2026 20:56:33] "GET /api/job/e0270378 HTTP/1.1" 200 -
20:56:34 [INFO    ] werkzeug — 127.0.0.1 - - [18/May/2026 20:56:34] "GET /api/status HTTP/1.1" 200 -
20:56:34 [INFO    ] werkzeug — 127.0.0.1 - - [18/May/2026 20:56:34] "GET /api/job/e0270378 HTTP/1.1" 200 -
20:56:35 [INFO    ] werkzeug — 127.0.0.1 - - [18/May/2026 20:56:35] "GET /api/job/e0270378 HTTP/1.1" 200 -
20:56:36 [INFO    ] werkzeug — 127.0.0.1 - - [18/May/2026 20:56:36] "GET /api/job/e0270378 HTTP/1.1" 200 -
20:56:38 [INFO    ] werkzeug — 127.0.0.1 - - [18/May/2026 20:56:38] "GET /api/job/e0270378 HTTP/1.1" 200 -
20:56:39 [INFO    ] werkzeug — 127.0.0.1 - - [18/May/2026 20:56:39] "GET /api/job/e0270378 HTTP/1.1" 200 -
20:56:40 [INFO    ] werkzeug — 127.0.0.1 - - [18/May/2026 20:56:40] "GET /api/job/e0270378 HTTP/1.1" 200 -
20:56:42 [INFO    ] werkzeug — 127.0.0.1 - - [18/May/2026 20:56:42] "GET /api/job/e0270378 HTTP/1.1" 200 -
20:56:43 [INFO    ] werkzeug — 127.0.0.1 - - [18/May/2026 20:56:43] "GET /api/status HTTP/1.1" 200 -
20:56:43 [INFO    ] werkzeug — 127.0.0.1 - - [18/May/2026 20:56:43] "GET /api/job/e0270378 HTTP/1.1" 200 -
20:56:44 [INFO    ] werkzeug — 127.0.0.1 - - [18/May/2026 20:56:44] "GET /api/job/e0270378 HTTP/1.1" 200 -
20:56:46 [INFO    ] werkzeug — 127.0.0.1 - - [18/May/2026 20:56:46] "GET /api/job/e0270378 HTTP/1.1" 200 -
20:56:47 [INFO    ] werkzeug — 127.0.0.1 - - [18/May/2026 20:56:47] "GET /api/job/e0270378 HTTP/1.1" 200 -
20:56:48 [INFO    ] werkzeug — 127.0.0.1 - - [18/May/2026 20:56:48] "GET /api/job/e0270378 HTTP/1.1" 200 -
20:56:49 [INFO    ] werkzeug — 127.0.0.1 - - [18/May/2026 20:56:49] "GET /api/job/e0270378 HTTP/1.1" 200 -
20:56:50 [INFO    ] werkzeug — 127.0.0.1 - - [18/May/2026 20:56:50] "GET /api/job/e0270378 HTTP/1.1" 200 -
20:56:50 [INFO    ] werkzeug — 127.0.0.1 - - [18/May/2026 20:56:50] "GET /api/status HTTP/1.1" 200 -
20:56:52 [INFO    ] werkzeug — 127.0.0.1 - - [18/May/2026 20:56:52] "GET /api/job/e0270378 HTTP/1.1" 200 -
20:56:53 [INFO    ] werkzeug — 127.0.0.1 - - [18/May/2026 20:56:53] "GET /api/job/e0270378 HTTP/1.1" 200 -
20:56:54 [INFO    ] werkzeug — 127.0.0.1 - - [18/May/2026 20:56:54] "GET /api/job/e0270378 HTTP/1.1" 200 -
20:56:55 [INFO    ] werkzeug — 127.0.0.1 - - [18/May/2026 20:56:55] "GET /api/job/e0270378 HTTP/1.1" 200 -
20:56:56 [INFO    ] werkzeug — 127.0.0.1 - - [18/May/2026 20:56:56] "GET /api/job/e0270378 HTTP/1.1" 200 -
20:56:58 [INFO    ] werkzeug — 127.0.0.1 - - [18/May/2026 20:56:58] "GET /api/job/e0270378 HTTP/1.1" 200 -
20:56:59 [INFO    ] werkzeug — 127.0.0.1 - - [18/May/2026 20:56:59] "GET /api/status HTTP/1.1" 200 -
20:56:59 [INFO    ] werkzeug — 127.0.0.1 - - [18/May/2026 20:56:59] "GET /api/job/e0270378 HTTP/1.1" 200 -
20:57:00 [INFO    ] werkzeug — 127.0.0.1 - - [18/May/2026 20:57:00] "GET /api/job/e0270378 HTTP/1.1" 200 -
20:57:01 [INFO    ] werkzeug — 127.0.0.1 - - [18/May/2026 20:57:01] "GET /api/job/e0270378 HTTP/1.1" 200 -
20:57:02 [INFO    ] werkzeug — 127.0.0.1 - - [18/May/2026 20:57:02] "GET /api/job/e0270378 HTTP/1.1" 200 -
20:57:04 [INFO    ] werkzeug — 127.0.0.1 - - [18/May/2026 20:57:04] "GET /api/job/e0270378 HTTP/1.1" 200 -
20:57:05 [INFO    ] werkzeug — 127.0.0.1 - - [18/May/2026 20:57:05] "GET /api/job/e0270378 HTTP/1.1" 200 -
20:57:06 [INFO    ] werkzeug — 127.0.0.1 - - [18/May/2026 20:57:06] "GET /api/job/e0270378 HTTP/1.1" 200 -
20:57:06 [INFO    ] werkzeug — 127.0.0.1 - - [18/May/2026 20:57:06] "GET /api/status HTTP/1.1" 200 -
20:57:07 [INFO    ] werkzeug — 127.0.0.1 - - [18/May/2026 20:57:07] "GET /api/job/e0270378 HTTP/1.1" 200 -
20:57:08 [INFO    ] werkzeug — 127.0.0.1 - - [18/May/2026 20:57:08] "GET /api/job/e0270378 HTTP/1.1" 200 -
20:57:10 [INFO    ] werkzeug — 127.0.0.1 - - [18/May/2026 20:57:10] "GET /api/job/e0270378 HTTP/1.1" 200 -
20:57:11 [INFO    ] werkzeug — 127.0.0.1 - - [18/May/2026 20:57:11] "GET /api/job/e0270378 HTTP/1.1" 200 -
20:57:12 [INFO    ] werkzeug — 127.0.0.1 - - [18/May/2026 20:57:12] "GET /api/job/e0270378 HTTP/1.1" 200 -
20:57:13 [INFO    ] werkzeug — 127.0.0.1 - - [18/May/2026 20:57:13] "GET /api/job/e0270378 HTTP/1.1" 200 -
20:57:14 [INFO    ] werkzeug — 127.0.0.1 - - [18/May/2026 20:57:14] "GET /api/job/e0270378 HTTP/1.1" 200 -
20:57:15 [INFO    ] werkzeug — 127.0.0.1 - - [18/May/2026 20:57:15] "GET /api/status HTTP/1.1" 200 -
20:57:16 [INFO    ] werkzeug — 127.0.0.1 - - [18/May/2026 20:57:16] "GET /api/job/e0270378 HTTP/1.1" 200 -
20:57:17 [INFO    ] werkzeug — 127.0.0.1 - - [18/May/2026 20:57:17] "GET /api/job/e0270378 HTTP/1.1" 200 -
20:57:18 [INFO    ] werkzeug — 127.0.0.1 - - [18/May/2026 20:57:18] "GET /api/job/e0270378 HTTP/1.1" 200 -
20:57:19 [INFO    ] werkzeug — 127.0.0.1 - - [18/May/2026 20:57:19] "GET /api/job/e0270378 HTTP/1.1" 200 -
20:57:20 [INFO    ] werkzeug — 127.0.0.1 - - [18/May/2026 20:57:20] "GET /api/job/e0270378 HTTP/1.1" 200 -
20:57:22 [INFO    ] werkzeug — 127.0.0.1 - - [18/May/2026 20:57:22] "GET /api/job/e0270378 HTTP/1.1" 200 -
20:57:23 [INFO    ] werkzeug — 127.0.0.1 - - [18/May/2026 20:57:23] "GET /api/status HTTP/1.1" 200 -
20:57:23 [INFO    ] werkzeug — 127.0.0.1 - - [18/May/2026 20:57:23] "GET /api/job/e0270378 HTTP/1.1" 200 -
20:57:24 [INFO    ] werkzeug — 127.0.0.1 - - [18/May/2026 20:57:24] "GET /api/job/e0270378 HTTP/1.1" 200 -
20:57:25 [INFO    ] werkzeug — 127.0.0.1 - - [18/May/2026 20:57:25] "GET /api/job/e0270378 HTTP/1.1" 200 -
20:57:26 [INFO    ] werkzeug — 127.0.0.1 - - [18/May/2026 20:57:26] "GET /api/job/e0270378 HTTP/1.1" 200 -
20:57:28 [INFO    ] werkzeug — 127.0.0.1 - - [18/May/2026 20:57:28] "GET /api/job/e0270378 HTTP/1.1" 200 -
20:57:29 [INFO    ] werkzeug — 127.0.0.1 - - [18/May/2026 20:57:29] "GET /api/job/e0270378 HTTP/1.1" 200 -
20:57:30 [INFO    ] werkzeug — 127.0.0.1 - - [18/May/2026 20:57:30] "GET /api/job/e0270378 HTTP/1.1" 200 -
20:57:31 [INFO    ] werkzeug — 127.0.0.1 - - [18/May/2026 20:57:31] "GET /api/status HTTP/1.1" 200 -
20:57:31 [INFO    ] werkzeug — 127.0.0.1 - - [18/May/2026 20:57:31] "GET /api/job/e0270378 HTTP/1.1" 200 -
20:57:32 [INFO    ] werkzeug — 127.0.0.1 - - [18/May/2026 20:57:32] "GET /api/job/e0270378 HTTP/1.1" 200 -
20:57:34 [INFO    ] werkzeug — 127.0.0.1 - - [18/May/2026 20:57:34] "GET /api/job/e0270378 HTTP/1.1" 200 -
20:57:35 [INFO    ] werkzeug — 127.0.0.1 - - [18/May/2026 20:57:35] "GET /api/job/e0270378 HTTP/1.1" 200 -
20:57:36 [INFO    ] werkzeug — 127.0.0.1 - - [18/May/2026 20:57:36] "GET /api/job/e0270378 HTTP/1.1" 200 -
20:57:37 [INFO    ] werkzeug — 127.0.0.1 - - [18/May/2026 20:57:37] "GET /api/job/e0270378 HTTP/1.1" 200 -
20:57:38 [INFO    ] werkzeug — 127.0.0.1 - - [18/May/2026 20:57:38] "GET /api/job/e0270378 HTTP/1.1" 200 -
20:57:39 [INFO    ] werkzeug — 127.0.0.1 - - [18/May/2026 20:57:39] "GET /api/status HTTP/1.1" 200 -
20:57:40 [INFO    ] werkzeug — 127.0.0.1 - - [18/May/2026 20:57:40] "GET /api/job/e0270378 HTTP/1.1" 200 -
20:58:30 [INFO    ] werkzeug — 127.0.0.1 - - [18/May/2026 20:58:30] "GET /api/job/e0270378 HTTP/1.1" 200 -
20:58:31 [INFO    ] werkzeug — 127.0.0.1 - - [18/May/2026 20:58:31] "GET /api/status HTTP/1.1" 200 -
20:59:30 [INFO    ] werkzeug — 127.0.0.1 - - [18/May/2026 20:59:30] "GET /api/job/e0270378 HTTP/1.1" 200 -
20:59:30 [INFO    ] werkzeug — 127.0.0.1 - - [18/May/2026 20:59:30] "GET /api/status HTTP/1.1" 200 -
21:00:26 [INFO    ] werkzeug — 127.0.0.1 - - [18/May/2026 21:00:26] "GET /api/job/e0270378 HTTP/1.1" 200 -
21:00:26 [INFO    ] werkzeug — 127.0.0.1 - - [18/May/2026 21:00:26] "GET /api/status HTTP/1.1" 200 -
21:00:27 [INFO    ] werkzeug — 127.0.0.1 - - [18/May/2026 21:00:27] "GET /api/job/e0270378 HTTP/1.1" 200 -
21:00:29 [INFO    ] werkzeug — 127.0.0.1 - - [18/May/2026 21:00:29] "GET /api/job/e0270378 HTTP/1.1" 200 -
21:00:30 [INFO    ] werkzeug — 127.0.0.1 - - [18/May/2026 21:00:30] "GET /api/job/e0270378 HTTP/1.1" 200 -
21:00:31 [INFO    ] werkzeug — 127.0.0.1 - - [18/May/2026 21:00:31] "GET /api/job/e0270378 HTTP/1.1" 200 -
21:00:32 [INFO    ] werkzeug — 127.0.0.1 - - [18/May/2026 21:00:32] "GET /api/job/e0270378 HTTP/1.1" 200 -
21:00:34 [INFO    ] werkzeug — 127.0.0.1 - - [18/May/2026 21:00:34] "GET /api/job/e0270378 HTTP/1.1" 200 -
21:00:35 [INFO    ] werkzeug — 127.0.0.1 - - [18/May/2026 21:00:35] "GET /api/job/e0270378 HTTP/1.1" 200 -
21:00:35 [INFO    ] werkzeug — 127.0.0.1 - - [18/May/2026 21:00:35] "GET /api/status HTTP/1.1" 200 -
21:00:35 [INFO    ] clustering.distance_matrix — Matrix stats: {'n': 193, 'pairs': 18528, 'min': 0.120513, 'max': 0.616082, 'mean': 0.356903, 'std': 0.064471}
21:00:35 [INFO    ] clustering.models — Distance matrix saved -> C:\Users\User\Desktop\IDPA PROJECT_V2\IDPA-PROJECT-2\output\clustering\distance_matrix_193_3fb0e05b.json  (193x193)
21:00:36 [INFO    ] werkzeug — 127.0.0.1 - - [18/May/2026 21:00:36] "GET /api/job/e0270378 HTTP/1.1" 200 -
21:00:36 [INFO    ] werkzeug — 127.0.0.1 - - [18/May/2026 21:00:36] "GET /api/status HTTP/1.1" 200 -
21:00:36 [INFO    ] werkzeug — 127.0.0.1 - - [18/May/2026 21:00:36] "GET /api/matrix HTTP/1.1" 200 -
21:00:42 [INFO    ] werkzeug — 127.0.0.1 - - [18/May/2026 21:00:42] "GET /api/status HTTP/1.1" 200 -
21:00:50 [INFO    ] werkzeug — 127.0.0.1 - - [18/May/2026 21:00:50] "GET /api/status HTTP/1.1" 200 -
21:00:58 [INFO    ] werkzeug — 127.0.0.1 - - [18/May/2026 21:00:58] "GET /api/status HTTP/1.1" 200 -
21:01:06 [INFO    ] werkzeug — 127.0.0.1 - - [18/May/2026 21:01:06] "GET /api/status HTTP/1.1" 200 -
21:01:14 [INFO    ] werkzeug — 127.0.0.1 - - [18/May/2026 21:01:14] "GET /api/status HTTP/1.1" 200 -
21:01:22 [INFO    ] werkzeug — 127.0.0.1 - - [18/May/2026 21:01:22] "GET /api/status HTTP/1.1" 200 -
21:01:30 [INFO    ] werkzeug — 127.0.0.1 - - [18/May/2026 21:01:30] "GET /api/status HTTP/1.1" 200 -
21:02:18 [INFO    ] werkzeug — 127.0.0.1 - - [18/May/2026 21:02:18] "GET /api/status HTTP/1.1" 200 -
21:02:26 [INFO    ] werkzeug — 127.0.0.1 - - [18/May/2026 21:02:26] "GET /api/status HTTP/1.1" 200 -
21:02:31 [INFO    ] clustering.hierarchical — HAC: n=193, k=5, linkage=average
21:02:31 [DEBUG   ] clustering.hierarchical —   Merged clusters 20+133 → 193  (dist=0.1205, size=2)
21:02:31 [DEBUG   ] clustering.hierarchical —   Merged clusters 5+68 → 194  (dist=0.1367, size=2)
21:02:31 [DEBUG   ] clustering.hierarchical —   Merged clusters 11+17 → 195  (dist=0.1403, size=2)
21:02:31 [DEBUG   ] clustering.hierarchical —   Merged clusters 2+175 → 196  (dist=0.1472, size=2)
21:02:31 [DEBUG   ] clustering.hierarchical —   Merged clusters 48+82 → 197  (dist=0.1512, size=2)
21:02:31 [DEBUG   ] clustering.hierarchical —   Merged clusters 115+170 → 198  (dist=0.1526, size=2)
21:02:31 [DEBUG   ] clustering.hierarchical —   Merged clusters 144+146 → 199  (dist=0.1539, size=2)
21:02:31 [DEBUG   ] clustering.hierarchical —   Merged clusters 84+194 → 200  (dist=0.1578, size=3)
21:02:31 [DEBUG   ] clustering.hierarchical —   Merged clusters 158+177 → 201  (dist=0.1616, size=2)
21:02:31 [DEBUG   ] clustering.hierarchical —   Merged clusters 172+198 → 202  (dist=0.1640, size=3)
21:02:31 [DEBUG   ] clustering.hierarchical —   Merged clusters 145+200 → 203  (dist=0.1687, size=4)
21:02:31 [DEBUG   ] clustering.hierarchical —   Merged clusters 66+154 → 204  (dist=0.1714, size=2)
21:02:31 [DEBUG   ] clustering.hierarchical —   Merged clusters 196+202 → 205  (dist=0.1765, size=5)
21:02:31 [DEBUG   ] clustering.hierarchical —   Merged clusters 102+204 → 206  (dist=0.1803, size=3)
21:02:31 [DEBUG   ] clustering.hierarchical —   Merged clusters 87+136 → 207  (dist=0.1810, size=2)
21:02:31 [DEBUG   ] clustering.hierarchical —   Merged clusters 195+203 → 208  (dist=0.1826, size=6)
21:02:31 [DEBUG   ] clustering.hierarchical —   Merged clusters 187+201 → 209  (dist=0.1886, size=3)
21:02:31 [DEBUG   ] clustering.hierarchical —   Merged clusters 90+138 → 210  (dist=0.1953, size=2)
21:02:31 [DEBUG   ] clustering.hierarchical —   Merged clusters 95+169 → 211  (dist=0.1958, size=2)
21:02:31 [DEBUG   ] clustering.hierarchical —   Merged clusters 27+143 → 212  (dist=0.1980, size=2)
21:02:31 [DEBUG   ] clustering.hierarchical —   Merged clusters 94+168 → 213  (dist=0.1986, size=2)
21:02:31 [DEBUG   ] clustering.hierarchical —   Merged clusters 50+207 → 214  (dist=0.1993, size=3)
21:02:31 [DEBUG   ] clustering.hierarchical —   Merged clusters 28+197 → 215  (dist=0.2000, size=3)
21:02:31 [DEBUG   ] clustering.hierarchical —   Merged clusters 126+173 → 216  (dist=0.2005, size=2)
21:02:31 [DEBUG   ] clustering.hierarchical —   Merged clusters 43+205 → 217  (dist=0.2012, size=6)
21:02:31 [DEBUG   ] clustering.hierarchical —   Merged clusters 40+99 → 218  (dist=0.2023, size=2)
21:02:31 [DEBUG   ] clustering.hierarchical —   Merged clusters 36+188 → 219  (dist=0.2026, size=2)
21:02:31 [DEBUG   ] clustering.hierarchical —   Merged clusters 191+206 → 220  (dist=0.2037, size=4)
21:02:31 [DEBUG   ] clustering.hierarchical —   Merged clusters 4+116 → 221  (dist=0.2043, size=2)
21:02:31 [DEBUG   ] clustering.hierarchical —   Merged clusters 63+151 → 222  (dist=0.2052, size=2)
21:02:31 [DEBUG   ] clustering.hierarchical —   Merged clusters 30+80 → 223  (dist=0.2056, size=2)
21:02:31 [DEBUG   ] clustering.hierarchical —   Merged clusters 15+101 → 224  (dist=0.2057, size=2)
21:02:31 [DEBUG   ] clustering.hierarchical —   Merged clusters 16+86 → 225  (dist=0.2069, size=2)
21:02:31 [DEBUG   ] clustering.hierarchical —   Merged clusters 120+214 → 226  (dist=0.2075, size=4)
21:02:31 [DEBUG   ] clustering.hierarchical —   Merged clusters 107+111 → 227  (dist=0.2075, size=2)
21:02:31 [DEBUG   ] clustering.hierarchical —   Merged clusters 19+157 → 228  (dist=0.2078, size=2)
21:02:31 [DEBUG   ] clustering.hierarchical —   Merged clusters 217+224 → 229  (dist=0.2102, size=8)
21:02:31 [DEBUG   ] clustering.hierarchical —   Merged clusters 10+181 → 230  (dist=0.2109, size=2)
21:02:31 [DEBUG   ] clustering.hierarchical —   Merged clusters 69+131 → 231  (dist=0.2111, size=2)
21:02:31 [DEBUG   ] clustering.hierarchical —   Merged clusters 49+199 → 232  (dist=0.2117, size=3)
21:02:31 [DEBUG   ] clustering.hierarchical —   Merged clusters 1+7 → 233  (dist=0.2120, size=2)
21:02:31 [DEBUG   ] clustering.hierarchical —   Merged clusters 110+193 → 234  (dist=0.2151, size=3)
21:02:31 [DEBUG   ] clustering.hierarchical —   Merged clusters 67+150 → 235  (dist=0.2168, size=2)
21:02:31 [DEBUG   ] clustering.hierarchical —   Merged clusters 208+225 → 236  (dist=0.2170, size=8)
21:02:31 [DEBUG   ] clustering.hierarchical —   Merged clusters 14+174 → 237  (dist=0.2177, size=2)
21:02:31 [DEBUG   ] clustering.hierarchical —   Merged clusters 223+229 → 238  (dist=0.2191, size=10)
21:02:31 [DEBUG   ] clustering.hierarchical —   Merged clusters 113+216 → 239  (dist=0.2201, size=3)
21:02:31 [DEBUG   ] clustering.hierarchical —   Merged clusters 18+222 → 240  (dist=0.2216, size=3)
21:02:31 [DEBUG   ] clustering.hierarchical —   Merged clusters 32+108 → 241  (dist=0.2216, size=2)
21:02:31 [DEBUG   ] clustering.hierarchical —   Merged clusters 226+238 → 242  (dist=0.2234, size=14)
21:02:31 [DEBUG   ] clustering.hierarchical —   Merged clusters 211+236 → 243  (dist=0.2238, size=10)
21:02:31 [DEBUG   ] clustering.hierarchical —   Merged clusters 56+106 → 244  (dist=0.2248, size=2)
21:02:31 [DEBUG   ] clustering.hierarchical —   Merged clusters 46+52 → 245  (dist=0.2257, size=2)
21:02:31 [DEBUG   ] clustering.hierarchical —   Merged clusters 75+114 → 246  (dist=0.2277, size=2)
21:02:31 [DEBUG   ] clustering.hierarchical —   Merged clusters 230+239 → 247  (dist=0.2280, size=5)
21:02:31 [DEBUG   ] clustering.hierarchical —   Merged clusters 213+215 → 248  (dist=0.2294, size=5)
21:02:31 [DEBUG   ] clustering.hierarchical —   Merged clusters 53+231 → 249  (dist=0.2331, size=3)
21:02:31 [DEBUG   ] clustering.hierarchical —   Merged clusters 109+153 → 250  (dist=0.2334, size=2)
21:02:31 [DEBUG   ] clustering.hierarchical —   Merged clusters 38+241 → 251  (dist=0.2354, size=3)
21:02:31 [DEBUG   ] clustering.hierarchical —   Merged clusters 25+218 → 252  (dist=0.2358, size=3)
21:02:31 [DEBUG   ] clustering.hierarchical —   Merged clusters 242+243 → 253  (dist=0.2365, size=24)
21:02:31 [DEBUG   ] clustering.hierarchical —   Merged clusters 209+244 → 254  (dist=0.2374, size=5)
21:02:31 [DEBUG   ] clustering.hierarchical —   Merged clusters 247+252 → 255  (dist=0.2383, size=8)
21:02:31 [DEBUG   ] clustering.hierarchical —   Merged clusters 219+234 → 256  (dist=0.2389, size=5)
21:02:31 [DEBUG   ] clustering.hierarchical —   Merged clusters 54+77 → 257  (dist=0.2390, size=2)
21:02:31 [DEBUG   ] clustering.hierarchical —   Merged clusters 64+152 → 258  (dist=0.2395, size=2)
21:02:31 [DEBUG   ] clustering.hierarchical —   Merged clusters 228+245 → 259  (dist=0.2398, size=4)
21:02:31 [DEBUG   ] clustering.hierarchical —   Merged clusters 60+93 → 260  (dist=0.2419, size=2)
21:02:31 [DEBUG   ] clustering.hierarchical —   Merged clusters 233+248 → 261  (dist=0.2426, size=7)
21:02:31 [DEBUG   ] clustering.hierarchical —   Merged clusters 6+34 → 262  (dist=0.2461, size=2)
21:02:31 [DEBUG   ] clustering.hierarchical —   Merged clusters 130+227 → 263  (dist=0.2472, size=3)
21:02:31 [DEBUG   ] clustering.hierarchical —   Merged clusters 100+235 → 264  (dist=0.2474, size=3)
21:02:31 [DEBUG   ] clustering.hierarchical —   Merged clusters 76+255 → 265  (dist=0.2510, size=9)
21:02:31 [DEBUG   ] clustering.hierarchical —   Merged clusters 33+259 → 266  (dist=0.2516, size=5)
21:02:31 [DEBUG   ] clustering.hierarchical —   Merged clusters 22+250 → 267  (dist=0.2520, size=3)
21:02:31 [DEBUG   ] clustering.hierarchical —   Merged clusters 155+254 → 268  (dist=0.2523, size=6)
21:02:31 [DEBUG   ] clustering.hierarchical —   Merged clusters 212+253 → 269  (dist=0.2533, size=26)
21:02:31 [DEBUG   ] clustering.hierarchical —   Merged clusters 89+220 → 270  (dist=0.2534, size=5)
21:02:31 [DEBUG   ] clustering.hierarchical —   Merged clusters 91+139 → 271  (dist=0.2554, size=2)
21:02:31 [DEBUG   ] clustering.hierarchical —   Merged clusters 266+269 → 272  (dist=0.2571, size=31)
21:02:31 [DEBUG   ] clustering.hierarchical —   Merged clusters 267+270 → 273  (dist=0.2573, size=8)
21:02:31 [DEBUG   ] clustering.hierarchical —   Merged clusters 210+265 → 274  (dist=0.2574, size=11)
21:02:31 [DEBUG   ] clustering.hierarchical —   Merged clusters 179+183 → 275  (dist=0.2601, size=2)
21:02:31 [DEBUG   ] clustering.hierarchical —   Merged clusters 88+129 → 276  (dist=0.2605, size=2)
21:02:31 [DEBUG   ] clustering.hierarchical —   Merged clusters 268+274 → 277  (dist=0.2622, size=17)
21:02:31 [DEBUG   ] clustering.hierarchical —   Merged clusters 65+119 → 278  (dist=0.2625, size=2)
21:02:31 [DEBUG   ] clustering.hierarchical —   Merged clusters 39+249 → 279  (dist=0.2642, size=4)
21:02:31 [DEBUG   ] clustering.hierarchical —   Merged clusters 221+240 → 280  (dist=0.2655, size=5)
21:02:31 [DEBUG   ] clustering.hierarchical —   Merged clusters 185+256 → 281  (dist=0.2661, size=6)
21:02:31 [DEBUG   ] clustering.hierarchical —   Merged clusters 246+258 → 282  (dist=0.2682, size=4)
21:02:31 [DEBUG   ] clustering.hierarchical —   Merged clusters 261+277 → 283  (dist=0.2690, size=24)
21:02:31 [DEBUG   ] clustering.hierarchical —   Merged clusters 55+59 → 284  (dist=0.2725, size=2)
21:02:31 [DEBUG   ] clustering.hierarchical —   Merged clusters 42+273 → 285  (dist=0.2730, size=9)
21:02:31 [DEBUG   ] clustering.hierarchical —   Merged clusters 124+280 → 286  (dist=0.2738, size=6)
21:02:31 [DEBUG   ] clustering.hierarchical —   Merged clusters 57+272 → 287  (dist=0.2742, size=32)
21:02:31 [DEBUG   ] clustering.hierarchical —   Merged clusters 156+282 → 288  (dist=0.2756, size=5)
21:02:31 [DEBUG   ] clustering.hierarchical —   Merged clusters 9+287 → 289  (dist=0.2763, size=33)
21:02:31 [DEBUG   ] clustering.hierarchical —   Merged clusters 12+142 → 290  (dist=0.2767, size=2)
21:02:31 [DEBUG   ] clustering.hierarchical —   Merged clusters 260+286 → 291  (dist=0.2771, size=8)
21:02:31 [DEBUG   ] clustering.hierarchical —   Merged clusters 79+178 → 292  (dist=0.2785, size=2)
21:02:31 [DEBUG   ] clustering.hierarchical —   Merged clusters 283+288 → 293  (dist=0.2793, size=29)
21:02:31 [DEBUG   ] clustering.hierarchical —   Merged clusters 163+180 → 294  (dist=0.2818, size=2)
21:02:31 [DEBUG   ] clustering.hierarchical —   Merged clusters 186+289 → 295  (dist=0.2826, size=34)
21:02:31 [DEBUG   ] clustering.hierarchical —   Merged clusters 132+264 → 296  (dist=0.2831, size=4)
21:02:31 [DEBUG   ] clustering.hierarchical —   Merged clusters 232+263 → 297  (dist=0.2839, size=6)
21:02:31 [DEBUG   ] clustering.hierarchical —   Merged clusters 29+295 → 298  (dist=0.2852, size=35)
21:02:31 [DEBUG   ] clustering.hierarchical —   Merged clusters 51+279 → 299  (dist=0.2853, size=5)
21:02:31 [DEBUG   ] clustering.hierarchical —   Merged clusters 134+281 → 300  (dist=0.2853, size=7)
21:02:31 [DEBUG   ] clustering.hierarchical —   Merged clusters 159+164 → 301  (dist=0.2859, size=2)
21:02:31 [DEBUG   ] clustering.hierarchical —   Merged clusters 117+298 → 302  (dist=0.2860, size=36)
21:02:31 [DEBUG   ] clustering.hierarchical —   Merged clusters 78+184 → 303  (dist=0.2864, size=2)
21:02:31 [DEBUG   ] clustering.hierarchical —   Merged clusters 285+297 → 304  (dist=0.2877, size=15)
21:02:31 [DEBUG   ] clustering.hierarchical —   Merged clusters 74+123 → 305  (dist=0.2878, size=2)
21:02:31 [DEBUG   ] clustering.hierarchical —   Merged clusters 70+291 → 306  (dist=0.2891, size=9)
21:02:31 [DEBUG   ] clustering.hierarchical —   Merged clusters 237+257 → 307  (dist=0.2894, size=4)
21:02:31 [DEBUG   ] clustering.hierarchical —   Merged clusters 44+62 → 308  (dist=0.2898, size=2)
21:02:31 [DEBUG   ] clustering.hierarchical —   Merged clusters 293+296 → 309  (dist=0.2916, size=33)
21:02:31 [DEBUG   ] clustering.hierarchical —   Merged clusters 190+290 → 310  (dist=0.2929, size=3)
21:02:31 [DEBUG   ] clustering.hierarchical —   Merged clusters 128+302 → 311  (dist=0.2944, size=37)
21:02:31 [DEBUG   ] clustering.hierarchical —   Merged clusters 71+306 → 312  (dist=0.2961, size=10)
21:02:31 [DEBUG   ] clustering.hierarchical —   Merged clusters 299+305 → 313  (dist=0.2962, size=7)
21:02:31 [DEBUG   ] clustering.hierarchical —   Merged clusters 271+309 → 314  (dist=0.2965, size=35)
21:02:31 [DEBUG   ] clustering.hierarchical —   Merged clusters 311+314 → 315  (dist=0.2974, size=72)
21:02:31 [DEBUG   ] clustering.hierarchical —   Merged clusters 104+149 → 316  (dist=0.2980, size=2)
21:02:31 [DEBUG   ] clustering.hierarchical —   Merged clusters 307+308 → 317  (dist=0.2985, size=6)
21:02:31 [DEBUG   ] clustering.hierarchical —   Merged clusters 275+276 → 318  (dist=0.3020, size=4)
21:02:31 [DEBUG   ] clustering.hierarchical —   Merged clusters 251+312 → 319  (dist=0.3034, size=13)
21:02:31 [DEBUG   ] clustering.hierarchical —   Merged clusters 37+292 → 320  (dist=0.3047, size=3)
21:02:31 [DEBUG   ] clustering.hierarchical —   Merged clusters 72+92 → 321  (dist=0.3056, size=2)
21:02:31 [DEBUG   ] clustering.hierarchical —   Merged clusters 0+24 → 322  (dist=0.3060, size=2)
21:02:31 [DEBUG   ] clustering.hierarchical —   Merged clusters 8+31 → 323  (dist=0.3073, size=2)
21:02:31 [DEBUG   ] clustering.hierarchical —   Merged clusters 304+319 → 324  (dist=0.3094, size=28)
21:02:31 [DEBUG   ] clustering.hierarchical —   Merged clusters 284+316 → 325  (dist=0.3101, size=4)
21:02:31 [DEBUG   ] clustering.hierarchical —   Merged clusters 301+315 → 326  (dist=0.3126, size=74)
21:02:31 [DEBUG   ] clustering.hierarchical —   Merged clusters 137+320 → 327  (dist=0.3144, size=4)
21:02:31 [DEBUG   ] clustering.hierarchical —   Merged clusters 322+326 → 328  (dist=0.3153, size=76)
21:02:31 [DEBUG   ] clustering.hierarchical —   Merged clusters 300+303 → 329  (dist=0.3155, size=9)
21:02:31 [DEBUG   ] clustering.hierarchical —   Merged clusters 182+310 → 330  (dist=0.3161, size=4)
21:02:31 [DEBUG   ] clustering.hierarchical —   Merged clusters 324+328 → 331  (dist=0.3165, size=104)
21:02:31 [DEBUG   ] clustering.hierarchical —   Merged clusters 105+321 → 332  (dist=0.3234, size=3)
21:02:31 [DEBUG   ] clustering.hierarchical —   Merged clusters 317+329 → 333  (dist=0.3245, size=15)
21:02:31 [DEBUG   ] clustering.hierarchical —   Merged clusters 61+85 → 334  (dist=0.3270, size=2)
21:02:31 [DEBUG   ] clustering.hierarchical —   Merged clusters 278+327 → 335  (dist=0.3277, size=6)
21:02:31 [DEBUG   ] clustering.hierarchical —   Merged clusters 83+141 → 336  (dist=0.3292, size=2)
21:02:31 [DEBUG   ] clustering.hierarchical —   Merged clusters 294+330 → 337  (dist=0.3307, size=6)
21:02:31 [DEBUG   ] clustering.hierarchical —   Merged clusters 3+148 → 338  (dist=0.3319, size=2)
21:02:31 [DEBUG   ] clustering.hierarchical —   Merged clusters 331+333 → 339  (dist=0.3342, size=119)
21:02:31 [DEBUG   ] clustering.hierarchical —   Merged clusters 41+313 → 340  (dist=0.3369, size=8)
21:02:31 [DEBUG   ] clustering.hierarchical —   Merged clusters 26+339 → 341  (dist=0.3396, size=120)
21:02:31 [DEBUG   ] clustering.hierarchical —   Merged clusters 125+135 → 342  (dist=0.3399, size=2)
21:02:31 [DEBUG   ] clustering.hierarchical —   Merged clusters 318+341 → 343  (dist=0.3407, size=124)
21:02:31 [DEBUG   ] clustering.hierarchical —   Merged clusters 23+262 → 344  (dist=0.3408, size=3)
21:02:31 [DEBUG   ] clustering.hierarchical —   Merged clusters 112+338 → 345  (dist=0.3413, size=3)
21:02:31 [DEBUG   ] clustering.hierarchical —   Merged clusters 176+343 → 346  (dist=0.3425, size=125)
21:02:31 [DEBUG   ] clustering.hierarchical —   Merged clusters 35+335 → 347  (dist=0.3440, size=7)
21:02:31 [DEBUG   ] clustering.hierarchical —   Merged clusters 97+332 → 348  (dist=0.3443, size=4)
21:02:31 [DEBUG   ] clustering.hierarchical —   Merged clusters 340+346 → 349  (dist=0.3470, size=133)
21:02:31 [DEBUG   ] clustering.hierarchical —   Merged clusters 161+165 → 350  (dist=0.3477, size=2)
21:02:31 [DEBUG   ] clustering.hierarchical —   Merged clusters 348+349 → 351  (dist=0.3505, size=137)
21:02:31 [DEBUG   ] clustering.hierarchical —   Merged clusters 189+351 → 352  (dist=0.3512, size=138)
21:02:31 [DEBUG   ] clustering.hierarchical —   Merged clusters 81+336 → 353  (dist=0.3542, size=3)
21:02:31 [DEBUG   ] clustering.hierarchical —   Merged clusters 350+352 → 354  (dist=0.3548, size=140)
21:02:31 [DEBUG   ] clustering.hierarchical —   Merged clusters 166+347 → 355  (dist=0.3565, size=8)
21:02:31 [DEBUG   ] clustering.hierarchical —   Merged clusters 103+337 → 356  (dist=0.3568, size=7)
21:02:31 [DEBUG   ] clustering.hierarchical —   Merged clusters 171+325 → 357  (dist=0.3571, size=5)
21:02:31 [DEBUG   ] clustering.hierarchical —   Merged clusters 160+192 → 358  (dist=0.3580, size=2)
21:02:31 [DEBUG   ] clustering.hierarchical —   Merged clusters 122+354 → 359  (dist=0.3628, size=141)
21:02:31 [DEBUG   ] clustering.hierarchical —   Merged clusters 96+359 → 360  (dist=0.3675, size=142)
21:02:31 [DEBUG   ] clustering.hierarchical —   Merged clusters 355+360 → 361  (dist=0.3690, size=150)
21:02:31 [DEBUG   ] clustering.hierarchical —   Merged clusters 162+353 → 362  (dist=0.3701, size=4)
21:02:31 [DEBUG   ] clustering.hierarchical —   Merged clusters 334+344 → 363  (dist=0.3729, size=5)
21:02:31 [DEBUG   ] clustering.hierarchical —   Merged clusters 357+361 → 364  (dist=0.3754, size=155)
21:02:31 [DEBUG   ] clustering.hierarchical —   Merged clusters 21+356 → 365  (dist=0.3756, size=8)
21:02:31 [DEBUG   ] clustering.hierarchical —   Merged clusters 98+345 → 366  (dist=0.3768, size=4)
21:02:31 [DEBUG   ] clustering.hierarchical —   Merged clusters 45+364 → 367  (dist=0.3825, size=156)
21:02:31 [DEBUG   ] clustering.hierarchical —   Merged clusters 362+367 → 368  (dist=0.3830, size=160)
21:02:31 [DEBUG   ] clustering.hierarchical —   Merged clusters 140+365 → 369  (dist=0.3846, size=9)
21:02:31 [DEBUG   ] clustering.hierarchical —   Merged clusters 323+363 → 370  (dist=0.3847, size=7)
21:02:31 [DEBUG   ] clustering.hierarchical —   Merged clusters 58+368 → 371  (dist=0.3858, size=161)
21:02:31 [DEBUG   ] clustering.hierarchical —   Merged clusters 369+371 → 372  (dist=0.3868, size=170)
21:02:31 [DEBUG   ] clustering.hierarchical —   Merged clusters 366+372 → 373  (dist=0.3914, size=174)
21:02:31 [DEBUG   ] clustering.hierarchical —   Merged clusters 118+342 → 374  (dist=0.3935, size=3)
21:02:31 [DEBUG   ] clustering.hierarchical —   Merged clusters 147+373 → 375  (dist=0.3941, size=175)
21:02:31 [DEBUG   ] clustering.hierarchical —   Merged clusters 374+375 → 376  (dist=0.4100, size=178)
21:02:31 [DEBUG   ] clustering.hierarchical —   Merged clusters 370+376 → 377  (dist=0.4155, size=185)
21:02:31 [DEBUG   ] clustering.hierarchical —   Merged clusters 73+377 → 378  (dist=0.4218, size=186)
21:02:31 [DEBUG   ] clustering.hierarchical —   Merged clusters 13+378 → 379  (dist=0.4235, size=187)
21:02:31 [DEBUG   ] clustering.hierarchical —   Merged clusters 167+379 → 380  (dist=0.4433, size=188)
21:02:31 [INFO    ] clustering.hierarchical — HAC complete.  Inertia=54.1379
21:02:31 [INFO    ] clustering.evaluation — Computing evaluation metrics for hierarchical result…
21:02:31 [INFO    ] clustering.evaluation — Evaluation complete.  silhouette=0.1923  inertia=54.1379
21:02:31 [INFO    ] clustering.pipeline — run('hierarchical', k=5) finished in 0.81s  inertia=54.1379  silhouette=0.1923
21:02:31 [INFO    ] clustering.models — ClusterResult saved -> C:\Users\User\Desktop\IDPA PROJECT_V2\IDPA-PROJECT-2\output\clustering\hierarchical_k5.json
21:02:31 [INFO    ] werkzeug — 127.0.0.1 - - [18/May/2026 21:02:31] "POST /api/cluster HTTP/1.1" 200 -
21:02:31 [INFO    ] werkzeug — 127.0.0.1 - - [18/May/2026 21:02:31] "GET /api/results HTTP/1.1" 200 -
21:02:32 [INFO    ] werkzeug — 127.0.0.1 - - [18/May/2026 21:02:32] "GET /api/result/hierarchical_k5.json HTTP/1.1" 200 -
21:02:32 [INFO    ] werkzeug — 127.0.0.1 - - [18/May/2026 21:02:32] "GET /api/results HTTP/1.1" 200 -
21:02:34 [INFO    ] werkzeug — 127.0.0.1 - - [18/May/2026 21:02:34] "GET /api/status HTTP/1.1" 200 -
21:02:42 [INFO    ] werkzeug — 127.0.0.1 - - [18/May/2026 21:02:42] "GET /api/status HTTP/1.1" 200 -
21:02:50 [INFO    ] werkzeug — 127.0.0.1 - - [18/May/2026 21:02:50] "GET /api/status HTTP/1.1" 200 -
21:02:58 [INFO    ] werkzeug — 127.0.0.1 - - [18/May/2026 21:02:58] "GET /api/status HTTP/1.1" 200 -
21:02:58 [INFO    ] clustering.hierarchical — HAC: n=193, k=10, linkage=average
21:02:58 [DEBUG   ] clustering.hierarchical —   Merged clusters 20+133 → 193  (dist=0.1205, size=2)
21:02:58 [DEBUG   ] clustering.hierarchical —   Merged clusters 5+68 → 194  (dist=0.1367, size=2)
21:02:58 [DEBUG   ] clustering.hierarchical —   Merged clusters 11+17 → 195  (dist=0.1403, size=2)
21:02:58 [DEBUG   ] clustering.hierarchical —   Merged clusters 2+175 → 196  (dist=0.1472, size=2)
21:02:58 [DEBUG   ] clustering.hierarchical —   Merged clusters 48+82 → 197  (dist=0.1512, size=2)
21:02:58 [DEBUG   ] clustering.hierarchical —   Merged clusters 115+170 → 198  (dist=0.1526, size=2)
21:02:58 [DEBUG   ] clustering.hierarchical —   Merged clusters 144+146 → 199  (dist=0.1539, size=2)
21:02:58 [DEBUG   ] clustering.hierarchical —   Merged clusters 84+194 → 200  (dist=0.1578, size=3)
21:02:58 [DEBUG   ] clustering.hierarchical —   Merged clusters 158+177 → 201  (dist=0.1616, size=2)
21:02:58 [DEBUG   ] clustering.hierarchical —   Merged clusters 172+198 → 202  (dist=0.1640, size=3)
21:02:58 [DEBUG   ] clustering.hierarchical —   Merged clusters 145+200 → 203  (dist=0.1687, size=4)
21:02:58 [DEBUG   ] clustering.hierarchical —   Merged clusters 66+154 → 204  (dist=0.1714, size=2)
21:02:58 [DEBUG   ] clustering.hierarchical —   Merged clusters 196+202 → 205  (dist=0.1765, size=5)
21:02:58 [DEBUG   ] clustering.hierarchical —   Merged clusters 102+204 → 206  (dist=0.1803, size=3)
21:02:58 [DEBUG   ] clustering.hierarchical —   Merged clusters 87+136 → 207  (dist=0.1810, size=2)
21:02:58 [DEBUG   ] clustering.hierarchical —   Merged clusters 195+203 → 208  (dist=0.1826, size=6)
21:02:58 [DEBUG   ] clustering.hierarchical —   Merged clusters 187+201 → 209  (dist=0.1886, size=3)
21:02:58 [DEBUG   ] clustering.hierarchical —   Merged clusters 90+138 → 210  (dist=0.1953, size=2)
21:02:58 [DEBUG   ] clustering.hierarchical —   Merged clusters 95+169 → 211  (dist=0.1958, size=2)
21:02:58 [DEBUG   ] clustering.hierarchical —   Merged clusters 27+143 → 212  (dist=0.1980, size=2)
21:02:58 [DEBUG   ] clustering.hierarchical —   Merged clusters 94+168 → 213  (dist=0.1986, size=2)
21:02:58 [DEBUG   ] clustering.hierarchical —   Merged clusters 50+207 → 214  (dist=0.1993, size=3)
21:02:58 [DEBUG   ] clustering.hierarchical —   Merged clusters 28+197 → 215  (dist=0.2000, size=3)
21:02:58 [DEBUG   ] clustering.hierarchical —   Merged clusters 126+173 → 216  (dist=0.2005, size=2)
21:02:58 [DEBUG   ] clustering.hierarchical —   Merged clusters 43+205 → 217  (dist=0.2012, size=6)
21:02:58 [DEBUG   ] clustering.hierarchical —   Merged clusters 40+99 → 218  (dist=0.2023, size=2)
21:02:58 [DEBUG   ] clustering.hierarchical —   Merged clusters 36+188 → 219  (dist=0.2026, size=2)
21:02:58 [DEBUG   ] clustering.hierarchical —   Merged clusters 191+206 → 220  (dist=0.2037, size=4)
21:02:58 [DEBUG   ] clustering.hierarchical —   Merged clusters 4+116 → 221  (dist=0.2043, size=2)
21:02:58 [DEBUG   ] clustering.hierarchical —   Merged clusters 63+151 → 222  (dist=0.2052, size=2)
21:02:58 [DEBUG   ] clustering.hierarchical —   Merged clusters 30+80 → 223  (dist=0.2056, size=2)
21:02:58 [DEBUG   ] clustering.hierarchical —   Merged clusters 15+101 → 224  (dist=0.2057, size=2)
21:02:58 [DEBUG   ] clustering.hierarchical —   Merged clusters 16+86 → 225  (dist=0.2069, size=2)
21:02:58 [DEBUG   ] clustering.hierarchical —   Merged clusters 120+214 → 226  (dist=0.2075, size=4)
21:02:58 [DEBUG   ] clustering.hierarchical —   Merged clusters 107+111 → 227  (dist=0.2075, size=2)
21:02:58 [DEBUG   ] clustering.hierarchical —   Merged clusters 19+157 → 228  (dist=0.2078, size=2)
21:02:58 [DEBUG   ] clustering.hierarchical —   Merged clusters 217+224 → 229  (dist=0.2102, size=8)
21:02:58 [DEBUG   ] clustering.hierarchical —   Merged clusters 10+181 → 230  (dist=0.2109, size=2)
21:02:58 [DEBUG   ] clustering.hierarchical —   Merged clusters 69+131 → 231  (dist=0.2111, size=2)
21:02:58 [DEBUG   ] clustering.hierarchical —   Merged clusters 49+199 → 232  (dist=0.2117, size=3)
21:02:58 [DEBUG   ] clustering.hierarchical —   Merged clusters 1+7 → 233  (dist=0.2120, size=2)
21:02:59 [DEBUG   ] clustering.hierarchical —   Merged clusters 110+193 → 234  (dist=0.2151, size=3)
21:02:59 [DEBUG   ] clustering.hierarchical —   Merged clusters 67+150 → 235  (dist=0.2168, size=2)
21:02:59 [DEBUG   ] clustering.hierarchical —   Merged clusters 208+225 → 236  (dist=0.2170, size=8)
21:02:59 [DEBUG   ] clustering.hierarchical —   Merged clusters 14+174 → 237  (dist=0.2177, size=2)
21:02:59 [DEBUG   ] clustering.hierarchical —   Merged clusters 223+229 → 238  (dist=0.2191, size=10)
21:02:59 [DEBUG   ] clustering.hierarchical —   Merged clusters 113+216 → 239  (dist=0.2201, size=3)
21:02:59 [DEBUG   ] clustering.hierarchical —   Merged clusters 18+222 → 240  (dist=0.2216, size=3)
21:02:59 [DEBUG   ] clustering.hierarchical —   Merged clusters 32+108 → 241  (dist=0.2216, size=2)
21:02:59 [DEBUG   ] clustering.hierarchical —   Merged clusters 226+238 → 242  (dist=0.2234, size=14)
21:02:59 [DEBUG   ] clustering.hierarchical —   Merged clusters 211+236 → 243  (dist=0.2238, size=10)
21:02:59 [DEBUG   ] clustering.hierarchical —   Merged clusters 56+106 → 244  (dist=0.2248, size=2)
21:02:59 [DEBUG   ] clustering.hierarchical —   Merged clusters 46+52 → 245  (dist=0.2257, size=2)
21:02:59 [DEBUG   ] clustering.hierarchical —   Merged clusters 75+114 → 246  (dist=0.2277, size=2)
21:02:59 [DEBUG   ] clustering.hierarchical —   Merged clusters 230+239 → 247  (dist=0.2280, size=5)
21:02:59 [DEBUG   ] clustering.hierarchical —   Merged clusters 213+215 → 248  (dist=0.2294, size=5)
21:02:59 [DEBUG   ] clustering.hierarchical —   Merged clusters 53+231 → 249  (dist=0.2331, size=3)
21:02:59 [DEBUG   ] clustering.hierarchical —   Merged clusters 109+153 → 250  (dist=0.2334, size=2)
21:02:59 [DEBUG   ] clustering.hierarchical —   Merged clusters 38+241 → 251  (dist=0.2354, size=3)
21:02:59 [DEBUG   ] clustering.hierarchical —   Merged clusters 25+218 → 252  (dist=0.2358, size=3)
21:02:59 [DEBUG   ] clustering.hierarchical —   Merged clusters 242+243 → 253  (dist=0.2365, size=24)
21:02:59 [DEBUG   ] clustering.hierarchical —   Merged clusters 209+244 → 254  (dist=0.2374, size=5)
21:02:59 [DEBUG   ] clustering.hierarchical —   Merged clusters 247+252 → 255  (dist=0.2383, size=8)
21:02:59 [DEBUG   ] clustering.hierarchical —   Merged clusters 219+234 → 256  (dist=0.2389, size=5)
21:02:59 [DEBUG   ] clustering.hierarchical —   Merged clusters 54+77 → 257  (dist=0.2390, size=2)
21:02:59 [DEBUG   ] clustering.hierarchical —   Merged clusters 64+152 → 258  (dist=0.2395, size=2)
21:02:59 [DEBUG   ] clustering.hierarchical —   Merged clusters 228+245 → 259  (dist=0.2398, size=4)
21:02:59 [DEBUG   ] clustering.hierarchical —   Merged clusters 60+93 → 260  (dist=0.2419, size=2)
21:02:59 [DEBUG   ] clustering.hierarchical —   Merged clusters 233+248 → 261  (dist=0.2426, size=7)
21:02:59 [DEBUG   ] clustering.hierarchical —   Merged clusters 6+34 → 262  (dist=0.2461, size=2)
21:02:59 [DEBUG   ] clustering.hierarchical —   Merged clusters 130+227 → 263  (dist=0.2472, size=3)
21:02:59 [DEBUG   ] clustering.hierarchical —   Merged clusters 100+235 → 264  (dist=0.2474, size=3)
21:02:59 [DEBUG   ] clustering.hierarchical —   Merged clusters 76+255 → 265  (dist=0.2510, size=9)
21:02:59 [DEBUG   ] clustering.hierarchical —   Merged clusters 33+259 → 266  (dist=0.2516, size=5)
21:02:59 [DEBUG   ] clustering.hierarchical —   Merged clusters 22+250 → 267  (dist=0.2520, size=3)
21:02:59 [DEBUG   ] clustering.hierarchical —   Merged clusters 155+254 → 268  (dist=0.2523, size=6)
21:02:59 [DEBUG   ] clustering.hierarchical —   Merged clusters 212+253 → 269  (dist=0.2533, size=26)
21:02:59 [DEBUG   ] clustering.hierarchical —   Merged clusters 89+220 → 270  (dist=0.2534, size=5)
21:02:59 [DEBUG   ] clustering.hierarchical —   Merged clusters 91+139 → 271  (dist=0.2554, size=2)
21:02:59 [DEBUG   ] clustering.hierarchical —   Merged clusters 266+269 → 272  (dist=0.2571, size=31)
21:02:59 [DEBUG   ] clustering.hierarchical —   Merged clusters 267+270 → 273  (dist=0.2573, size=8)
21:02:59 [DEBUG   ] clustering.hierarchical —   Merged clusters 210+265 → 274  (dist=0.2574, size=11)
21:02:59 [DEBUG   ] clustering.hierarchical —   Merged clusters 179+183 → 275  (dist=0.2601, size=2)
21:02:59 [DEBUG   ] clustering.hierarchical —   Merged clusters 88+129 → 276  (dist=0.2605, size=2)
21:02:59 [DEBUG   ] clustering.hierarchical —   Merged clusters 268+274 → 277  (dist=0.2622, size=17)
21:02:59 [DEBUG   ] clustering.hierarchical —   Merged clusters 65+119 → 278  (dist=0.2625, size=2)
21:02:59 [DEBUG   ] clustering.hierarchical —   Merged clusters 39+249 → 279  (dist=0.2642, size=4)
21:02:59 [DEBUG   ] clustering.hierarchical —   Merged clusters 221+240 → 280  (dist=0.2655, size=5)
21:02:59 [DEBUG   ] clustering.hierarchical —   Merged clusters 185+256 → 281  (dist=0.2661, size=6)
21:02:59 [DEBUG   ] clustering.hierarchical —   Merged clusters 246+258 → 282  (dist=0.2682, size=4)
21:02:59 [DEBUG   ] clustering.hierarchical —   Merged clusters 261+277 → 283  (dist=0.2690, size=24)
21:02:59 [DEBUG   ] clustering.hierarchical —   Merged clusters 55+59 → 284  (dist=0.2725, size=2)
21:02:59 [DEBUG   ] clustering.hierarchical —   Merged clusters 42+273 → 285  (dist=0.2730, size=9)
21:02:59 [DEBUG   ] clustering.hierarchical —   Merged clusters 124+280 → 286  (dist=0.2738, size=6)
21:02:59 [DEBUG   ] clustering.hierarchical —   Merged clusters 57+272 → 287  (dist=0.2742, size=32)
21:02:59 [DEBUG   ] clustering.hierarchical —   Merged clusters 156+282 → 288  (dist=0.2756, size=5)
21:02:59 [DEBUG   ] clustering.hierarchical —   Merged clusters 9+287 → 289  (dist=0.2763, size=33)
21:02:59 [DEBUG   ] clustering.hierarchical —   Merged clusters 12+142 → 290  (dist=0.2767, size=2)
21:02:59 [DEBUG   ] clustering.hierarchical —   Merged clusters 260+286 → 291  (dist=0.2771, size=8)
21:02:59 [DEBUG   ] clustering.hierarchical —   Merged clusters 79+178 → 292  (dist=0.2785, size=2)
21:02:59 [DEBUG   ] clustering.hierarchical —   Merged clusters 283+288 → 293  (dist=0.2793, size=29)
21:02:59 [DEBUG   ] clustering.hierarchical —   Merged clusters 163+180 → 294  (dist=0.2818, size=2)
21:02:59 [DEBUG   ] clustering.hierarchical —   Merged clusters 186+289 → 295  (dist=0.2826, size=34)
21:02:59 [DEBUG   ] clustering.hierarchical —   Merged clusters 132+264 → 296  (dist=0.2831, size=4)
21:02:59 [DEBUG   ] clustering.hierarchical —   Merged clusters 232+263 → 297  (dist=0.2839, size=6)
21:02:59 [DEBUG   ] clustering.hierarchical —   Merged clusters 29+295 → 298  (dist=0.2852, size=35)
21:02:59 [DEBUG   ] clustering.hierarchical —   Merged clusters 51+279 → 299  (dist=0.2853, size=5)
21:02:59 [DEBUG   ] clustering.hierarchical —   Merged clusters 134+281 → 300  (dist=0.2853, size=7)
21:02:59 [DEBUG   ] clustering.hierarchical —   Merged clusters 159+164 → 301  (dist=0.2859, size=2)
21:02:59 [DEBUG   ] clustering.hierarchical —   Merged clusters 117+298 → 302  (dist=0.2860, size=36)
21:02:59 [DEBUG   ] clustering.hierarchical —   Merged clusters 78+184 → 303  (dist=0.2864, size=2)
21:02:59 [DEBUG   ] clustering.hierarchical —   Merged clusters 285+297 → 304  (dist=0.2877, size=15)
21:02:59 [DEBUG   ] clustering.hierarchical —   Merged clusters 74+123 → 305  (dist=0.2878, size=2)
21:02:59 [DEBUG   ] clustering.hierarchical —   Merged clusters 70+291 → 306  (dist=0.2891, size=9)
21:02:59 [DEBUG   ] clustering.hierarchical —   Merged clusters 237+257 → 307  (dist=0.2894, size=4)
21:02:59 [DEBUG   ] clustering.hierarchical —   Merged clusters 44+62 → 308  (dist=0.2898, size=2)
21:02:59 [DEBUG   ] clustering.hierarchical —   Merged clusters 293+296 → 309  (dist=0.2916, size=33)
21:02:59 [DEBUG   ] clustering.hierarchical —   Merged clusters 190+290 → 310  (dist=0.2929, size=3)
21:02:59 [DEBUG   ] clustering.hierarchical —   Merged clusters 128+302 → 311  (dist=0.2944, size=37)
21:02:59 [DEBUG   ] clustering.hierarchical —   Merged clusters 71+306 → 312  (dist=0.2961, size=10)
21:02:59 [DEBUG   ] clustering.hierarchical —   Merged clusters 299+305 → 313  (dist=0.2962, size=7)
21:02:59 [DEBUG   ] clustering.hierarchical —   Merged clusters 271+309 → 314  (dist=0.2965, size=35)
21:02:59 [DEBUG   ] clustering.hierarchical —   Merged clusters 311+314 → 315  (dist=0.2974, size=72)
21:02:59 [DEBUG   ] clustering.hierarchical —   Merged clusters 104+149 → 316  (dist=0.2980, size=2)
21:02:59 [DEBUG   ] clustering.hierarchical —   Merged clusters 307+308 → 317  (dist=0.2985, size=6)
21:02:59 [DEBUG   ] clustering.hierarchical —   Merged clusters 275+276 → 318  (dist=0.3020, size=4)
21:02:59 [DEBUG   ] clustering.hierarchical —   Merged clusters 251+312 → 319  (dist=0.3034, size=13)
21:02:59 [DEBUG   ] clustering.hierarchical —   Merged clusters 37+292 → 320  (dist=0.3047, size=3)
21:02:59 [DEBUG   ] clustering.hierarchical —   Merged clusters 72+92 → 321  (dist=0.3056, size=2)
21:02:59 [DEBUG   ] clustering.hierarchical —   Merged clusters 0+24 → 322  (dist=0.3060, size=2)
21:02:59 [DEBUG   ] clustering.hierarchical —   Merged clusters 8+31 → 323  (dist=0.3073, size=2)
21:02:59 [DEBUG   ] clustering.hierarchical —   Merged clusters 304+319 → 324  (dist=0.3094, size=28)
21:02:59 [DEBUG   ] clustering.hierarchical —   Merged clusters 284+316 → 325  (dist=0.3101, size=4)
21:02:59 [DEBUG   ] clustering.hierarchical —   Merged clusters 301+315 → 326  (dist=0.3126, size=74)
21:02:59 [DEBUG   ] clustering.hierarchical —   Merged clusters 137+320 → 327  (dist=0.3144, size=4)
21:02:59 [DEBUG   ] clustering.hierarchical —   Merged clusters 322+326 → 328  (dist=0.3153, size=76)
21:02:59 [DEBUG   ] clustering.hierarchical —   Merged clusters 300+303 → 329  (dist=0.3155, size=9)
21:02:59 [DEBUG   ] clustering.hierarchical —   Merged clusters 182+310 → 330  (dist=0.3161, size=4)
21:02:59 [DEBUG   ] clustering.hierarchical —   Merged clusters 324+328 → 331  (dist=0.3165, size=104)
21:02:59 [DEBUG   ] clustering.hierarchical —   Merged clusters 105+321 → 332  (dist=0.3234, size=3)
21:02:59 [DEBUG   ] clustering.hierarchical —   Merged clusters 317+329 → 333  (dist=0.3245, size=15)
21:02:59 [DEBUG   ] clustering.hierarchical —   Merged clusters 61+85 → 334  (dist=0.3270, size=2)
21:02:59 [DEBUG   ] clustering.hierarchical —   Merged clusters 278+327 → 335  (dist=0.3277, size=6)
21:02:59 [DEBUG   ] clustering.hierarchical —   Merged clusters 83+141 → 336  (dist=0.3292, size=2)
21:02:59 [DEBUG   ] clustering.hierarchical —   Merged clusters 294+330 → 337  (dist=0.3307, size=6)
21:02:59 [DEBUG   ] clustering.hierarchical —   Merged clusters 3+148 → 338  (dist=0.3319, size=2)
21:02:59 [DEBUG   ] clustering.hierarchical —   Merged clusters 331+333 → 339  (dist=0.3342, size=119)
21:02:59 [DEBUG   ] clustering.hierarchical —   Merged clusters 41+313 → 340  (dist=0.3369, size=8)
21:02:59 [DEBUG   ] clustering.hierarchical —   Merged clusters 26+339 → 341  (dist=0.3396, size=120)
21:02:59 [DEBUG   ] clustering.hierarchical —   Merged clusters 125+135 → 342  (dist=0.3399, size=2)
21:02:59 [DEBUG   ] clustering.hierarchical —   Merged clusters 318+341 → 343  (dist=0.3407, size=124)
21:02:59 [DEBUG   ] clustering.hierarchical —   Merged clusters 23+262 → 344  (dist=0.3408, size=3)
21:02:59 [DEBUG   ] clustering.hierarchical —   Merged clusters 112+338 → 345  (dist=0.3413, size=3)
21:02:59 [DEBUG   ] clustering.hierarchical —   Merged clusters 176+343 → 346  (dist=0.3425, size=125)
21:02:59 [DEBUG   ] clustering.hierarchical —   Merged clusters 35+335 → 347  (dist=0.3440, size=7)
21:02:59 [DEBUG   ] clustering.hierarchical —   Merged clusters 97+332 → 348  (dist=0.3443, size=4)
21:02:59 [DEBUG   ] clustering.hierarchical —   Merged clusters 340+346 → 349  (dist=0.3470, size=133)
21:02:59 [DEBUG   ] clustering.hierarchical —   Merged clusters 161+165 → 350  (dist=0.3477, size=2)
21:02:59 [DEBUG   ] clustering.hierarchical —   Merged clusters 348+349 → 351  (dist=0.3505, size=137)
21:02:59 [DEBUG   ] clustering.hierarchical —   Merged clusters 189+351 → 352  (dist=0.3512, size=138)
21:02:59 [DEBUG   ] clustering.hierarchical —   Merged clusters 81+336 → 353  (dist=0.3542, size=3)
21:02:59 [DEBUG   ] clustering.hierarchical —   Merged clusters 350+352 → 354  (dist=0.3548, size=140)
21:02:59 [DEBUG   ] clustering.hierarchical —   Merged clusters 166+347 → 355  (dist=0.3565, size=8)
21:02:59 [DEBUG   ] clustering.hierarchical —   Merged clusters 103+337 → 356  (dist=0.3568, size=7)
21:02:59 [DEBUG   ] clustering.hierarchical —   Merged clusters 171+325 → 357  (dist=0.3571, size=5)
21:02:59 [DEBUG   ] clustering.hierarchical —   Merged clusters 160+192 → 358  (dist=0.3580, size=2)
21:02:59 [DEBUG   ] clustering.hierarchical —   Merged clusters 122+354 → 359  (dist=0.3628, size=141)
21:02:59 [DEBUG   ] clustering.hierarchical —   Merged clusters 96+359 → 360  (dist=0.3675, size=142)
21:02:59 [DEBUG   ] clustering.hierarchical —   Merged clusters 355+360 → 361  (dist=0.3690, size=150)
21:02:59 [DEBUG   ] clustering.hierarchical —   Merged clusters 162+353 → 362  (dist=0.3701, size=4)
21:02:59 [DEBUG   ] clustering.hierarchical —   Merged clusters 334+344 → 363  (dist=0.3729, size=5)
21:02:59 [DEBUG   ] clustering.hierarchical —   Merged clusters 357+361 → 364  (dist=0.3754, size=155)
21:02:59 [DEBUG   ] clustering.hierarchical —   Merged clusters 21+356 → 365  (dist=0.3756, size=8)
21:02:59 [DEBUG   ] clustering.hierarchical —   Merged clusters 98+345 → 366  (dist=0.3768, size=4)
21:02:59 [DEBUG   ] clustering.hierarchical —   Merged clusters 45+364 → 367  (dist=0.3825, size=156)
21:02:59 [DEBUG   ] clustering.hierarchical —   Merged clusters 362+367 → 368  (dist=0.3830, size=160)
21:02:59 [DEBUG   ] clustering.hierarchical —   Merged clusters 140+365 → 369  (dist=0.3846, size=9)
21:02:59 [DEBUG   ] clustering.hierarchical —   Merged clusters 323+363 → 370  (dist=0.3847, size=7)
21:02:59 [DEBUG   ] clustering.hierarchical —   Merged clusters 58+368 → 371  (dist=0.3858, size=161)
21:02:59 [DEBUG   ] clustering.hierarchical —   Merged clusters 369+371 → 372  (dist=0.3868, size=170)
21:02:59 [DEBUG   ] clustering.hierarchical —   Merged clusters 366+372 → 373  (dist=0.3914, size=174)
21:02:59 [DEBUG   ] clustering.hierarchical —   Merged clusters 118+342 → 374  (dist=0.3935, size=3)
21:02:59 [DEBUG   ] clustering.hierarchical —   Merged clusters 147+373 → 375  (dist=0.3941, size=175)
21:02:59 [INFO    ] clustering.hierarchical — HAC complete.  Inertia=52.0925
21:02:59 [INFO    ] clustering.evaluation — Computing evaluation metrics for hierarchical result…
21:02:59 [INFO    ] clustering.evaluation — Evaluation complete.  silhouette=0.1245  inertia=52.0925
21:02:59 [INFO    ] clustering.pipeline — run('hierarchical', k=10) finished in 0.75s  inertia=52.0925  silhouette=0.1245
21:02:59 [INFO    ] clustering.models — ClusterResult saved -> C:\Users\User\Desktop\IDPA PROJECT_V2\IDPA-PROJECT-2\output\clustering\hierarchical_k10.json
21:02:59 [INFO    ] werkzeug — 127.0.0.1 - - [18/May/2026 21:02:59] "POST /api/cluster HTTP/1.1" 200 -
21:02:59 [INFO    ] werkzeug — 127.0.0.1 - - [18/May/2026 21:02:59] "GET /api/results HTTP/1.1" 200 -
21:02:59 [INFO    ] werkzeug — 127.0.0.1 - - [18/May/2026 21:02:59] "GET /api/result/hierarchical_k10.json HTTP/1.1" 200 -
21:02:59 [INFO    ] werkzeug — 127.0.0.1 - - [18/May/2026 21:02:59] "GET /api/results HTTP/1.1" 200 -
21:03:06 [INFO    ] werkzeug — 127.0.0.1 - - [18/May/2026 21:03:06] "GET /api/status HTTP/1.1" 200 -
21:03:14 [INFO    ] werkzeug — 127.0.0.1 - - [18/May/2026 21:03:14] "GET /api/status HTTP/1.1" 200 -
21:03:22 [INFO    ] werkzeug — 127.0.0.1 - - [18/May/2026 21:03:22] "GET /api/status HTTP/1.1" 200 -
21:03:30 [INFO    ] werkzeug — 127.0.0.1 - - [18/May/2026 21:03:30] "GET /api/status HTTP/1.1" 200 -
21:03:38 [INFO    ] werkzeug — 127.0.0.1 - - [18/May/2026 21:03:38] "GET /api/status HTTP/1.1" 200 -
21:03:46 [INFO    ] werkzeug — 127.0.0.1 - - [18/May/2026 21:03:46] "GET /api/status HTTP/1.1" 200 -
21:03:54 [INFO    ] werkzeug — 127.0.0.1 - - [18/May/2026 21:03:54] "GET /api/status HTTP/1.1" 200 -
21:04:02 [INFO    ] werkzeug — 127.0.0.1 - - [18/May/2026 21:04:02] "GET /api/status HTTP/1.1" 200 -
21:04:10 [INFO    ] werkzeug — 127.0.0.1 - - [18/May/2026 21:04:10] "GET /api/status HTTP/1.1" 200 -
21:04:18 [INFO    ] werkzeug — 127.0.0.1 - - [18/May/2026 21:04:18] "GET /api/status HTTP/1.1" 200 -
21:04:26 [INFO    ] werkzeug — 127.0.0.1 - - [18/May/2026 21:04:26] "GET /api/status HTTP/1.1" 200 -
21:04:34 [INFO    ] werkzeug — 127.0.0.1 - - [18/May/2026 21:04:34] "GET /api/status HTTP/1.1" 200 -
21:04:42 [INFO    ] werkzeug — 127.0.0.1 - - [18/May/2026 21:04:42] "GET /api/status HTTP/1.1" 200 -
21:04:50 [INFO    ] werkzeug — 127.0.0.1 - - [18/May/2026 21:04:50] "GET /api/status HTTP/1.1" 200 -
21:04:58 [INFO    ] werkzeug — 127.0.0.1 - - [18/May/2026 21:04:58] "GET /api/status HTTP/1.1" 200 -
21:05:03 [INFO    ] clustering.hierarchical — HAC: n=193, k=5, linkage=complete
21:05:03 [DEBUG   ] clustering.hierarchical —   Merged clusters 20+133 → 193  (dist=0.1205, size=2)
21:05:03 [DEBUG   ] clustering.hierarchical —   Merged clusters 5+68 → 194  (dist=0.1367, size=2)
21:05:03 [DEBUG   ] clustering.hierarchical —   Merged clusters 11+17 → 195  (dist=0.1403, size=2)
21:05:03 [DEBUG   ] clustering.hierarchical —   Merged clusters 2+175 → 196  (dist=0.1472, size=2)
21:05:03 [DEBUG   ] clustering.hierarchical —   Merged clusters 48+82 → 197  (dist=0.1512, size=2)
21:05:03 [DEBUG   ] clustering.hierarchical —   Merged clusters 115+170 → 198  (dist=0.1526, size=2)
21:05:03 [DEBUG   ] clustering.hierarchical —   Merged clusters 144+146 → 199  (dist=0.1539, size=2)
21:05:03 [DEBUG   ] clustering.hierarchical —   Merged clusters 158+177 → 200  (dist=0.1616, size=2)
21:05:03 [DEBUG   ] clustering.hierarchical —   Merged clusters 84+194 → 201  (dist=0.1634, size=3)
21:05:03 [DEBUG   ] clustering.hierarchical —   Merged clusters 172+198 → 202  (dist=0.1683, size=3)
21:05:03 [DEBUG   ] clustering.hierarchical —   Merged clusters 66+154 → 203  (dist=0.1714, size=2)
21:05:03 [DEBUG   ] clustering.hierarchical —   Merged clusters 87+136 → 204  (dist=0.1810, size=2)
21:05:03 [DEBUG   ] clustering.hierarchical —   Merged clusters 102+203 → 205  (dist=0.1831, size=3)
21:05:03 [DEBUG   ] clustering.hierarchical —   Merged clusters 145+201 → 206  (dist=0.1871, size=4)
21:05:03 [DEBUG   ] clustering.hierarchical —   Merged clusters 196+202 → 207  (dist=0.1925, size=5)
21:05:03 [DEBUG   ] clustering.hierarchical —   Merged clusters 90+138 → 208  (dist=0.1953, size=2)
21:05:03 [DEBUG   ] clustering.hierarchical —   Merged clusters 95+169 → 209  (dist=0.1958, size=2)
21:05:03 [DEBUG   ] clustering.hierarchical —   Merged clusters 27+143 → 210  (dist=0.1980, size=2)
21:05:03 [DEBUG   ] clustering.hierarchical —   Merged clusters 94+168 → 211  (dist=0.1986, size=2)
21:05:03 [DEBUG   ] clustering.hierarchical —   Merged clusters 187+200 → 212  (dist=0.1998, size=3)
21:05:03 [DEBUG   ] clustering.hierarchical —   Merged clusters 126+173 → 213  (dist=0.2005, size=2)
21:05:03 [DEBUG   ] clustering.hierarchical —   Merged clusters 40+99 → 214  (dist=0.2023, size=2)
21:05:03 [DEBUG   ] clustering.hierarchical —   Merged clusters 36+188 → 215  (dist=0.2026, size=2)
21:05:03 [DEBUG   ] clustering.hierarchical —   Merged clusters 50+120 → 216  (dist=0.2027, size=2)
21:05:03 [DEBUG   ] clustering.hierarchical —   Merged clusters 4+28 → 217  (dist=0.2035, size=2)
21:05:03 [DEBUG   ] clustering.hierarchical —   Merged clusters 43+204 → 218  (dist=0.2050, size=3)
21:05:03 [DEBUG   ] clustering.hierarchical —   Merged clusters 63+151 → 219  (dist=0.2052, size=2)
21:05:03 [DEBUG   ] clustering.hierarchical —   Merged clusters 30+80 → 220  (dist=0.2056, size=2)
21:05:03 [DEBUG   ] clustering.hierarchical —   Merged clusters 15+101 → 221  (dist=0.2057, size=2)
21:05:03 [DEBUG   ] clustering.hierarchical —   Merged clusters 1+197 → 222  (dist=0.2061, size=3)
21:05:03 [DEBUG   ] clustering.hierarchical —   Merged clusters 16+86 → 223  (dist=0.2069, size=2)
21:05:03 [DEBUG   ] clustering.hierarchical —   Merged clusters 107+111 → 224  (dist=0.2075, size=2)
21:05:03 [DEBUG   ] clustering.hierarchical —   Merged clusters 19+157 → 225  (dist=0.2078, size=2)
21:05:03 [DEBUG   ] clustering.hierarchical —   Merged clusters 10+181 → 226  (dist=0.2109, size=2)
21:05:03 [DEBUG   ] clustering.hierarchical —   Merged clusters 69+131 → 227  (dist=0.2111, size=2)
21:05:03 [DEBUG   ] clustering.hierarchical —   Merged clusters 191+205 → 228  (dist=0.2125, size=4)
21:05:03 [DEBUG   ] clustering.hierarchical —   Merged clusters 49+199 → 229  (dist=0.2141, size=3)
21:05:03 [DEBUG   ] clustering.hierarchical —   Merged clusters 110+193 → 230  (dist=0.2160, size=3)
21:05:03 [DEBUG   ] clustering.hierarchical —   Merged clusters 67+150 → 231  (dist=0.2168, size=2)
21:05:03 [DEBUG   ] clustering.hierarchical —   Merged clusters 14+174 → 232  (dist=0.2177, size=2)
21:05:03 [DEBUG   ] clustering.hierarchical —   Merged clusters 195+223 → 233  (dist=0.2179, size=4)
21:05:03 [DEBUG   ] clustering.hierarchical —   Merged clusters 32+108 → 234  (dist=0.2216, size=2)
21:05:03 [DEBUG   ] clustering.hierarchical —   Merged clusters 56+106 → 235  (dist=0.2248, size=2)
21:05:03 [DEBUG   ] clustering.hierarchical —   Merged clusters 46+52 → 236  (dist=0.2257, size=2)
21:05:03 [DEBUG   ] clustering.hierarchical —   Merged clusters 207+221 → 237  (dist=0.2259, size=7)
21:05:03 [DEBUG   ] clustering.hierarchical —   Merged clusters 18+219 → 238  (dist=0.2265, size=3)
21:05:03 [DEBUG   ] clustering.hierarchical —   Merged clusters 91+113 → 239  (dist=0.2265, size=2)
21:05:03 [DEBUG   ] clustering.hierarchical —   Merged clusters 7+222 → 240  (dist=0.2267, size=4)
21:05:03 [DEBUG   ] clustering.hierarchical —   Merged clusters 75+114 → 241  (dist=0.2277, size=2)
21:05:03 [DEBUG   ] clustering.hierarchical —   Merged clusters 213+226 → 242  (dist=0.2293, size=4)
21:05:03 [DEBUG   ] clustering.hierarchical —   Merged clusters 116+217 → 243  (dist=0.2299, size=3)
21:05:03 [DEBUG   ] clustering.hierarchical —   Merged clusters 54+209 → 244  (dist=0.2305, size=3)
21:05:03 [DEBUG   ] clustering.hierarchical —   Merged clusters 218+237 → 245  (dist=0.2305, size=10)
21:05:03 [DEBUG   ] clustering.hierarchical —   Merged clusters 109+153 → 246  (dist=0.2334, size=2)
21:05:03 [DEBUG   ] clustering.hierarchical —   Merged clusters 25+214 → 247  (dist=0.2383, size=3)
21:05:03 [DEBUG   ] clustering.hierarchical —   Merged clusters 38+62 → 248  (dist=0.2391, size=2)
21:05:03 [DEBUG   ] clustering.hierarchical —   Merged clusters 64+152 → 249  (dist=0.2395, size=2)
21:05:03 [DEBUG   ] clustering.hierarchical —   Merged clusters 60+93 → 250  (dist=0.2419, size=2)
21:05:03 [DEBUG   ] clustering.hierarchical —   Merged clusters 53+227 → 251  (dist=0.2459, size=3)
21:05:03 [DEBUG   ] clustering.hierarchical —   Merged clusters 155+235 → 252  (dist=0.2461, size=3)
21:05:03 [DEBUG   ] clustering.hierarchical —   Merged clusters 6+34 → 253  (dist=0.2461, size=2)
21:05:03 [DEBUG   ] clustering.hierarchical —   Merged clusters 220+245 → 254  (dist=0.2466, size=12)
21:05:03 [DEBUG   ] clustering.hierarchical —   Merged clusters 210+216 → 255  (dist=0.2474, size=4)
21:05:03 [DEBUG   ] clustering.hierarchical —   Merged clusters 57+233 → 256  (dist=0.2498, size=5)
21:05:03 [DEBUG   ] clustering.hierarchical —   Merged clusters 100+231 → 257  (dist=0.2500, size=3)
21:05:03 [DEBUG   ] clustering.hierarchical —   Merged clusters 242+247 → 258  (dist=0.2538, size=7)
21:05:03 [DEBUG   ] clustering.hierarchical —   Merged clusters 89+246 → 259  (dist=0.2541, size=3)
21:05:03 [DEBUG   ] clustering.hierarchical —   Merged clusters 225+236 → 260  (dist=0.2553, size=4)
21:05:03 [DEBUG   ] clustering.hierarchical —   Merged clusters 139+239 → 261  (dist=0.2554, size=3)
21:05:03 [DEBUG   ] clustering.hierarchical —   Merged clusters 215+230 → 262  (dist=0.2556, size=5)
21:05:03 [DEBUG   ] clustering.hierarchical —   Merged clusters 77+129 → 263  (dist=0.2579, size=2)
21:05:03 [DEBUG   ] clustering.hierarchical —   Merged clusters 179+183 → 264  (dist=0.2601, size=2)
21:05:03 [DEBUG   ] clustering.hierarchical —   Merged clusters 33+132 → 265  (dist=0.2625, size=2)
21:05:03 [DEBUG   ] clustering.hierarchical —   Merged clusters 65+119 → 266  (dist=0.2625, size=2)
21:05:03 [DEBUG   ] clustering.hierarchical —   Merged clusters 88+263 → 267  (dist=0.2650, size=3)
21:05:03 [DEBUG   ] clustering.hierarchical —   Merged clusters 212+252 → 268  (dist=0.2657, size=6)
21:05:03 [DEBUG   ] clustering.hierarchical —   Merged clusters 22+76 → 269  (dist=0.2667, size=2)
21:05:03 [DEBUG   ] clustering.hierarchical —   Merged clusters 206+254 → 270  (dist=0.2677, size=16)
21:05:03 [DEBUG   ] clustering.hierarchical —   Merged clusters 211+240 → 271  (dist=0.2689, size=6)
21:05:03 [DEBUG   ] clustering.hierarchical —   Merged clusters 130+224 → 272  (dist=0.2708, size=3)
21:05:03 [DEBUG   ] clustering.hierarchical —   Merged clusters 55+59 → 273  (dist=0.2725, size=2)
21:05:03 [DEBUG   ] clustering.hierarchical —   Merged clusters 128+260 → 274  (dist=0.2737, size=5)
21:05:03 [DEBUG   ] clustering.hierarchical —   Merged clusters 244+255 → 275  (dist=0.2745, size=7)
21:05:03 [DEBUG   ] clustering.hierarchical —   Merged clusters 249+258 → 276  (dist=0.2749, size=9)
21:05:03 [DEBUG   ] clustering.hierarchical —   Merged clusters 12+142 → 277  (dist=0.2767, size=2)
21:05:03 [DEBUG   ] clustering.hierarchical —   Merged clusters 228+259 → 278  (dist=0.2784, size=7)
21:05:03 [DEBUG   ] clustering.hierarchical —   Merged clusters 79+178 → 279  (dist=0.2785, size=2)
21:05:03 [DEBUG   ] clustering.hierarchical —   Merged clusters 39+251 → 280  (dist=0.2790, size=4)
21:05:03 [DEBUG   ] clustering.hierarchical —   Merged clusters 156+276 → 281  (dist=0.2804, size=10)
21:05:03 [DEBUG   ] clustering.hierarchical —   Merged clusters 163+180 → 282  (dist=0.2818, size=2)
21:05:03 [DEBUG   ] clustering.hierarchical —   Merged clusters 184+185 → 283  (dist=0.2823, size=2)
21:05:03 [DEBUG   ] clustering.hierarchical —   Merged clusters 141+186 → 284  (dist=0.2837, size=2)
21:05:03 [DEBUG   ] clustering.hierarchical —   Merged clusters 42+278 → 285  (dist=0.2841, size=8)
21:05:03 [DEBUG   ] clustering.hierarchical —   Merged clusters 124+238 → 286  (dist=0.2852, size=4)
21:05:03 [DEBUG   ] clustering.hierarchical —   Merged clusters 159+164 → 287  (dist=0.2859, size=2)
21:05:03 [DEBUG   ] clustering.hierarchical —   Merged clusters 9+29 → 288  (dist=0.2869, size=2)
21:05:03 [DEBUG   ] clustering.hierarchical —   Merged clusters 74+123 → 289  (dist=0.2878, size=2)
21:05:03 [DEBUG   ] clustering.hierarchical —   Merged clusters 241+281 → 290  (dist=0.2889, size=12)
21:05:03 [DEBUG   ] clustering.hierarchical —   Merged clusters 70+71 → 291  (dist=0.2892, size=2)
21:05:03 [DEBUG   ] clustering.hierarchical —   Merged clusters 0+208 → 292  (dist=0.2895, size=3)
21:05:03 [DEBUG   ] clustering.hierarchical —   Merged clusters 44+248 → 293  (dist=0.2898, size=3)
21:05:03 [DEBUG   ] clustering.hierarchical —   Merged clusters 250+286 → 294  (dist=0.2905, size=6)
21:05:03 [DEBUG   ] clustering.hierarchical —   Merged clusters 190+277 → 295  (dist=0.2930, size=3)
21:05:03 [DEBUG   ] clustering.hierarchical —   Merged clusters 232+256 → 296  (dist=0.2942, size=7)
21:05:03 [DEBUG   ] clustering.hierarchical —   Merged clusters 243+291 → 297  (dist=0.2980, size=5)
21:05:03 [DEBUG   ] clustering.hierarchical —   Merged clusters 104+149 → 298  (dist=0.2980, size=2)
21:05:03 [DEBUG   ] clustering.hierarchical —   Merged clusters 51+234 → 299  (dist=0.2983, size=3)
21:05:03 [DEBUG   ] clustering.hierarchical —   Merged clusters 229+269 → 300  (dist=0.2987, size=5)
21:05:03 [DEBUG   ] clustering.hierarchical —   Merged clusters 117+275 → 301  (dist=0.2995, size=8)
21:05:03 [DEBUG   ] clustering.hierarchical —   Merged clusters 92+271 → 302  (dist=0.3005, size=7)
21:05:03 [DEBUG   ] clustering.hierarchical —   Merged clusters 268+300 → 303  (dist=0.3009, size=11)
21:05:03 [DEBUG   ] clustering.hierarchical —   Merged clusters 78+283 → 304  (dist=0.3021, size=3)
21:05:03 [DEBUG   ] clustering.hierarchical —   Merged clusters 270+288 → 305  (dist=0.3040, size=18)
21:05:03 [DEBUG   ] clustering.hierarchical —   Merged clusters 280+289 → 306  (dist=0.3051, size=6)
21:05:03 [DEBUG   ] clustering.hierarchical —   Merged clusters 134+262 → 307  (dist=0.3054, size=6)
21:05:03 [DEBUG   ] clustering.hierarchical —   Merged clusters 24+292 → 308  (dist=0.3060, size=4)
21:05:03 [DEBUG   ] clustering.hierarchical —   Merged clusters 37+137 → 309  (dist=0.3064, size=2)
21:05:03 [DEBUG   ] clustering.hierarchical —   Merged clusters 161+265 → 310  (dist=0.3065, size=3)
21:05:03 [DEBUG   ] clustering.hierarchical —   Merged clusters 8+31 → 311  (dist=0.3073, size=2)
21:05:04 [DEBUG   ] clustering.hierarchical —   Merged clusters 162+257 → 312  (dist=0.3146, size=4)
21:05:04 [DEBUG   ] clustering.hierarchical —   Merged clusters 261+290 → 313  (dist=0.3155, size=15)
21:05:04 [DEBUG   ] clustering.hierarchical —   Merged clusters 274+305 → 314  (dist=0.3193, size=23)
21:05:04 [DEBUG   ] clustering.hierarchical —   Merged clusters 182+295 → 315  (dist=0.3199, size=4)
21:05:04 [DEBUG   ] clustering.hierarchical —   Merged clusters 294+297 → 316  (dist=0.3212, size=11)
21:05:04 [DEBUG   ] clustering.hierarchical —   Merged clusters 279+309 → 317  (dist=0.3227, size=4)
21:05:04 [DEBUG   ] clustering.hierarchical —   Merged clusters 293+296 → 318  (dist=0.3239, size=10)
21:05:04 [DEBUG   ] clustering.hierarchical —   Merged clusters 61+85 → 319  (dist=0.3270, size=2)
21:05:04 [DEBUG   ] clustering.hierarchical —   Merged clusters 302+313 → 320  (dist=0.3301, size=22)
21:05:04 [DEBUG   ] clustering.hierarchical —   Merged clusters 176+303 → 321  (dist=0.3312, size=12)
21:05:04 [DEBUG   ] clustering.hierarchical —   Merged clusters 165+285 → 322  (dist=0.3313, size=9)
21:05:04 [DEBUG   ] clustering.hierarchical —   Merged clusters 3+148 → 323  (dist=0.3319, size=2)
21:05:04 [DEBUG   ] clustering.hierarchical —   Merged clusters 273+298 → 324  (dist=0.3332, size=4)
21:05:04 [DEBUG   ] clustering.hierarchical —   Merged clusters 272+322 → 325  (dist=0.3340, size=12)
21:05:04 [DEBUG   ] clustering.hierarchical —   Merged clusters 299+306 → 326  (dist=0.3340, size=9)
21:05:04 [DEBUG   ] clustering.hierarchical —   Merged clusters 72+105 → 327  (dist=0.3366, size=2)
21:05:04 [DEBUG   ] clustering.hierarchical —   Merged clusters 81+284 → 328  (dist=0.3371, size=3)
21:05:04 [DEBUG   ] clustering.hierarchical —   Merged clusters 125+135 → 329  (dist=0.3399, size=2)
21:05:04 [DEBUG   ] clustering.hierarchical —   Merged clusters 35+317 → 330  (dist=0.3405, size=5)
21:05:04 [DEBUG   ] clustering.hierarchical —   Merged clusters 26+171 → 331  (dist=0.3406, size=2)
21:05:04 [DEBUG   ] clustering.hierarchical —   Merged clusters 166+266 → 332  (dist=0.3411, size=3)
21:05:04 [DEBUG   ] clustering.hierarchical —   Merged clusters 301+318 → 333  (dist=0.3417, size=18)
21:05:04 [DEBUG   ] clustering.hierarchical —   Merged clusters 308+320 → 334  (dist=0.3420, size=26)
21:05:04 [DEBUG   ] clustering.hierarchical —   Merged clusters 96+304 → 335  (dist=0.3465, size=4)
21:05:04 [DEBUG   ] clustering.hierarchical —   Merged clusters 189+334 → 336  (dist=0.3468, size=27)
21:05:04 [DEBUG   ] clustering.hierarchical —   Merged clusters 112+323 → 337  (dist=0.3471, size=3)
21:05:04 [DEBUG   ] clustering.hierarchical —   Merged clusters 287+314 → 338  (dist=0.3479, size=25)
21:05:04 [DEBUG   ] clustering.hierarchical —   Merged clusters 23+253 → 339  (dist=0.3481, size=3)
21:05:04 [DEBUG   ] clustering.hierarchical —   Merged clusters 310+316 → 340  (dist=0.3513, size=14)
21:05:04 [DEBUG   ] clustering.hierarchical —   Merged clusters 41+307 → 341  (dist=0.3539, size=7)
21:05:04 [DEBUG   ] clustering.hierarchical —   Merged clusters 264+340 → 342  (dist=0.3558, size=16)
21:05:04 [DEBUG   ] clustering.hierarchical —   Merged clusters 160+192 → 343  (dist=0.3580, size=2)
21:05:04 [DEBUG   ] clustering.hierarchical —   Merged clusters 97+327 → 344  (dist=0.3628, size=3)
21:05:04 [DEBUG   ] clustering.hierarchical —   Merged clusters 21+315 → 345  (dist=0.3637, size=5)
21:05:04 [DEBUG   ] clustering.hierarchical —   Merged clusters 122+321 → 346  (dist=0.3639, size=13)
21:05:04 [DEBUG   ] clustering.hierarchical —   Merged clusters 103+339 → 347  (dist=0.3671, size=4)
21:05:04 [DEBUG   ] clustering.hierarchical —   Merged clusters 336+338 → 348  (dist=0.3673, size=52)
21:05:04 [DEBUG   ] clustering.hierarchical —   Merged clusters 140+282 → 349  (dist=0.3693, size=3)
21:05:04 [DEBUG   ] clustering.hierarchical —   Merged clusters 83+328 → 350  (dist=0.3714, size=4)
21:05:04 [DEBUG   ] clustering.hierarchical —   Merged clusters 267+311 → 351  (dist=0.3714, size=5)
21:05:04 [DEBUG   ] clustering.hierarchical —   Merged clusters 325+342 → 352  (dist=0.3740, size=28)
21:05:04 [DEBUG   ] clustering.hierarchical —   Merged clusters 45+312 → 353  (dist=0.3740, size=5)
21:05:04 [DEBUG   ] clustering.hierarchical —   Merged clusters 98+332 → 354  (dist=0.3786, size=4)
21:05:04 [DEBUG   ] clustering.hierarchical —   Merged clusters 331+333 → 355  (dist=0.3814, size=20)
21:05:04 [DEBUG   ] clustering.hierarchical —   Merged clusters 13+324 → 356  (dist=0.3898, size=5)
21:05:04 [DEBUG   ] clustering.hierarchical —   Merged clusters 346+355 → 357  (dist=0.3920, size=33)
21:05:04 [DEBUG   ] clustering.hierarchical —   Merged clusters 329+335 → 358  (dist=0.3945, size=6)
21:05:04 [DEBUG   ] clustering.hierarchical —   Merged clusters 326+341 → 359  (dist=0.3952, size=16)
21:05:04 [DEBUG   ] clustering.hierarchical —   Merged clusters 344+348 → 360  (dist=0.3965, size=55)
21:05:04 [DEBUG   ] clustering.hierarchical —   Merged clusters 352+359 → 361  (dist=0.4033, size=44)
21:05:04 [DEBUG   ] clustering.hierarchical —   Merged clusters 58+118 → 362  (dist=0.4112, size=2)
21:05:04 [DEBUG   ] clustering.hierarchical —   Merged clusters 73+350 → 363  (dist=0.4119, size=5)
21:05:04 [DEBUG   ] clustering.hierarchical —   Merged clusters 349+356 → 364  (dist=0.4142, size=8)
21:05:04 [DEBUG   ] clustering.hierarchical —   Merged clusters 319+345 → 365  (dist=0.4179, size=7)
21:05:04 [DEBUG   ] clustering.hierarchical —   Merged clusters 147+337 → 366  (dist=0.4197, size=4)
21:05:04 [DEBUG   ] clustering.hierarchical —   Merged clusters 330+360 → 367  (dist=0.4228, size=60)
21:05:04 [DEBUG   ] clustering.hierarchical —   Merged clusters 353+367 → 368  (dist=0.4271, size=65)
21:05:04 [DEBUG   ] clustering.hierarchical —   Merged clusters 358+362 → 369  (dist=0.4279, size=8)
21:05:04 [DEBUG   ] clustering.hierarchical —   Merged clusters 351+354 → 370  (dist=0.4288, size=9)
21:05:04 [DEBUG   ] clustering.hierarchical —   Merged clusters 361+366 → 371  (dist=0.4294, size=48)
21:05:04 [DEBUG   ] clustering.hierarchical —   Merged clusters 357+370 → 372  (dist=0.4471, size=42)
21:05:04 [DEBUG   ] clustering.hierarchical —   Merged clusters 347+365 → 373  (dist=0.4494, size=11)
21:05:04 [DEBUG   ] clustering.hierarchical —   Merged clusters 363+369 → 374  (dist=0.4560, size=13)
21:05:04 [DEBUG   ] clustering.hierarchical —   Merged clusters 371+372 → 375  (dist=0.4735, size=90)
21:05:04 [DEBUG   ] clustering.hierarchical —   Merged clusters 343+374 → 376  (dist=0.4846, size=15)
21:05:04 [DEBUG   ] clustering.hierarchical —   Merged clusters 364+373 → 377  (dist=0.4895, size=19)
21:05:04 [DEBUG   ] clustering.hierarchical —   Merged clusters 368+375 → 378  (dist=0.4929, size=155)
21:05:04 [DEBUG   ] clustering.hierarchical —   Merged clusters 167+376 → 379  (dist=0.4962, size=16)
21:05:04 [DEBUG   ] clustering.hierarchical —   Merged clusters 127+378 → 380  (dist=0.5096, size=156)
21:05:04 [INFO    ] clustering.hierarchical — HAC complete.  Inertia=54.4723
21:05:04 [INFO    ] clustering.evaluation — Computing evaluation metrics for hierarchical result…
21:05:04 [INFO    ] clustering.evaluation — Evaluation complete.  silhouette=0.1197  inertia=54.4723
21:05:04 [INFO    ] clustering.pipeline — run('hierarchical', k=5) finished in 0.77s  inertia=54.4723  silhouette=0.1197
21:05:04 [INFO    ] clustering.models — ClusterResult saved -> C:\Users\User\Desktop\IDPA PROJECT_V2\IDPA-PROJECT-2\output\clustering\hierarchical_k5.json
21:05:04 [INFO    ] werkzeug — 127.0.0.1 - - [18/May/2026 21:05:04] "POST /api/cluster HTTP/1.1" 200 -
21:05:04 [INFO    ] werkzeug — 127.0.0.1 - - [18/May/2026 21:05:04] "GET /api/results HTTP/1.1" 200 -
21:05:04 [INFO    ] werkzeug — 127.0.0.1 - - [18/May/2026 21:05:04] "GET /api/result/hierarchical_k5.json HTTP/1.1" 200 -
21:05:04 [INFO    ] werkzeug — 127.0.0.1 - - [18/May/2026 21:05:04] "GET /api/results HTTP/1.1" 200 -
21:05:06 [INFO    ] werkzeug — 127.0.0.1 - - [18/May/2026 21:05:06] "GET /api/status HTTP/1.1" 200 -
21:05:14 [INFO    ] werkzeug — 127.0.0.1 - - [18/May/2026 21:05:14] "GET /api/status HTTP/1.1" 200 -
21:05:22 [INFO    ] werkzeug — 127.0.0.1 - - [18/May/2026 21:05:22] "GET /api/status HTTP/1.1" 200 -
21:05:30 [INFO    ] werkzeug — 127.0.0.1 - - [18/May/2026 21:05:30] "GET /api/status HTTP/1.1" 200 -
21:05:38 [INFO    ] werkzeug — 127.0.0.1 - - [18/May/2026 21:05:38] "GET /api/status HTTP/1.1" 200 -
21:05:46 [INFO    ] werkzeug — 127.0.0.1 - - [18/May/2026 21:05:46] "GET /api/status HTTP/1.1" 200 -
21:05:54 [INFO    ] werkzeug — 127.0.0.1 - - [18/May/2026 21:05:54] "GET /api/status HTTP/1.1" 200 -
21:06:02 [INFO    ] werkzeug — 127.0.0.1 - - [18/May/2026 21:06:02] "GET /api/status HTTP/1.1" 200 -
21:06:10 [INFO    ] werkzeug — 127.0.0.1 - - [18/May/2026 21:06:10] "GET /api/status HTTP/1.1" 200 -
21:06:18 [INFO    ] werkzeug — 127.0.0.1 - - [18/May/2026 21:06:18] "GET /api/status HTTP/1.1" 200 -
21:06:26 [INFO    ] werkzeug — 127.0.0.1 - - [18/May/2026 21:06:26] "GET /api/status HTTP/1.1" 200 -
22:59:41 [INFO    ] werkzeug — [31m[1mWARNING: This is a development server. Do not use it in a production deployment. Use a production WSGI server instead.[0m
 * Running on http://127.0.0.1:5000
22:59:41 [INFO    ] werkzeug — [33mPress CTRL+C to quit[0m
22:59:46 [INFO    ] werkzeug — 127.0.0.1 - - [18/May/2026 22:59:46] "GET / HTTP/1.1" 200 -
22:59:47 [INFO    ] werkzeug — 127.0.0.1 - - [18/May/2026 22:59:47] "[36mGET /static/js/api.js HTTP/1.1[0m" 304 -
22:59:47 [INFO    ] werkzeug — 127.0.0.1 - - [18/May/2026 22:59:47] "[36mGET /static/css/main.css HTTP/1.1[0m" 304 -
22:59:47 [INFO    ] werkzeug — 127.0.0.1 - - [18/May/2026 22:59:47] "[36mGET /static/js/charts/dendrogram.js HTTP/1.1[0m" 304 -
22:59:47 [INFO    ] werkzeug — 127.0.0.1 - - [18/May/2026 22:59:47] "[36mGET /static/js/charts/clustermap.js HTTP/1.1[0m" 304 -
22:59:47 [INFO    ] werkzeug — 127.0.0.1 - - [18/May/2026 22:59:47] "[36mGET /static/js/charts/heatmap.js HTTP/1.1[0m" 304 -
22:59:47 [INFO    ] werkzeug — 127.0.0.1 - - [18/May/2026 22:59:47] "[36mGET /static/js/app.js HTTP/1.1[0m" 304 -
22:59:48 [INFO    ] werkzeug — 127.0.0.1 - - [18/May/2026 22:59:48] "GET /api/status HTTP/1.1" 200 -
22:59:48 [INFO    ] werkzeug — 127.0.0.1 - - [18/May/2026 22:59:48] "[33mGET /favicon.ico HTTP/1.1[0m" 404 -
22:59:48 [INFO    ] werkzeug — 127.0.0.1 - - [18/May/2026 22:59:48] "GET /api/countries HTTP/1.1" 200 -
22:59:48 [INFO    ] werkzeug — 127.0.0.1 - - [18/May/2026 22:59:48] "GET /api/results HTTP/1.1" 200 -
22:59:56 [INFO    ] werkzeug — 127.0.0.1 - - [18/May/2026 22:59:56] "GET /api/status HTTP/1.1" 200 -
22:59:58 [INFO    ] werkzeug — 127.0.0.1 - - [18/May/2026 22:59:58] "POST /api/matrix/start HTTP/1.1" 200 -
22:59:58 [INFO    ] clustering.distance_matrix — Loaded 193 country trees from 'C:\\Users\\User\\Desktop\\IDPA PROJECT_V2\\IDPA-PROJECT-2\\preprocessed_trees'
22:59:58 [INFO    ] clustering.pipeline — 193 trees loaded.
22:59:58 [INFO    ] clustering.distance_matrix — Loading cached distance matrix from 'C:\\Users\\User\\Desktop\\IDPA PROJECT_V2\\IDPA-PROJECT-2\\output\\clustering\\distance_matrix_193_3fb0e05b.json'
22:59:58 [INFO    ] clustering.models — Distance matrix loaded <- C:\Users\User\Desktop\IDPA PROJECT_V2\IDPA-PROJECT-2\output\clustering\distance_matrix_193_3fb0e05b.json  (193x193)
22:59:59 [INFO    ] werkzeug — 127.0.0.1 - - [18/May/2026 22:59:59] "GET /api/job/6f91f97e HTTP/1.1" 200 -
22:59:59 [INFO    ] werkzeug — 127.0.0.1 - - [18/May/2026 22:59:59] "GET /api/status HTTP/1.1" 200 -
22:59:59 [INFO    ] werkzeug — 127.0.0.1 - - [18/May/2026 22:59:59] "GET /api/matrix HTTP/1.1" 200 -
23:00:04 [INFO    ] werkzeug — 127.0.0.1 - - [18/May/2026 23:00:04] "GET /api/status HTTP/1.1" 200 -
23:00:12 [INFO    ] werkzeug — 127.0.0.1 - - [18/May/2026 23:00:12] "GET /api/status HTTP/1.1" 200 -
23:00:20 [INFO    ] werkzeug — 127.0.0.1 - - [18/May/2026 23:00:20] "GET /api/status HTTP/1.1" 200 -
23:00:24 [INFO    ] clustering.kmedoids — K-Medoids: n=193, k=10, init=heuristic, max_iter=100
23:00:24 [DEBUG   ] clustering.kmedoids — Initial medoids: ['Grenada', 'Denmark', 'Netherlands__Kingdom_of_the_', 'Zimbabwe', 'Switzerland', 'Norway', 'Argentina', 'Bangladesh', 'France', 'Maldives']
23:00:24 [DEBUG   ] clustering.kmedoids —   iter 0  inertia=51.770672
23:00:24 [DEBUG   ] clustering.kmedoids —     Swap medoid[1]=Denmark → Albania  (inertia=51.616053)
23:00:24 [DEBUG   ] clustering.kmedoids —   iter 1  inertia=51.616053
23:00:24 [DEBUG   ] clustering.kmedoids —     Swap medoid[1]=Albania → Angola  (inertia=50.943127)
23:00:24 [DEBUG   ] clustering.kmedoids —   iter 2  inertia=50.943127
23:00:24 [DEBUG   ] clustering.kmedoids —     Swap medoid[1]=Angola → Azerbaijan  (inertia=50.011591)
23:00:24 [DEBUG   ] clustering.kmedoids —   iter 3  inertia=50.011591
23:00:25 [DEBUG   ] clustering.kmedoids —     Swap medoid[1]=Azerbaijan → Zambia  (inertia=49.608739)
23:00:25 [DEBUG   ] clustering.kmedoids —   iter 4  inertia=49.608739
23:00:25 [DEBUG   ] clustering.kmedoids —     Swap medoid[2]=Netherlands__Kingdom_of_the_ → Albania  (inertia=49.544894)
23:00:25 [DEBUG   ] clustering.kmedoids —   iter 5  inertia=49.544894
23:00:25 [DEBUG   ] clustering.kmedoids —     Swap medoid[2]=Albania → Azerbaijan  (inertia=48.955766)
23:00:25 [DEBUG   ] clustering.kmedoids —   iter 6  inertia=48.955766
23:00:25 [DEBUG   ] clustering.kmedoids —     Swap medoid[2]=Azerbaijan → Djibouti  (inertia=48.914523)
23:00:25 [DEBUG   ] clustering.kmedoids —   iter 7  inertia=48.914523
23:00:25 [DEBUG   ] clustering.kmedoids —     Swap medoid[2]=Djibouti → Israel  (inertia=48.781349)
23:00:25 [DEBUG   ] clustering.kmedoids —   iter 8  inertia=48.781349
23:00:25 [DEBUG   ] clustering.kmedoids —     Swap medoid[3]=Zimbabwe → Azerbaijan  (inertia=48.432879)
23:00:25 [DEBUG   ] clustering.kmedoids —   iter 9  inertia=48.432879
23:00:25 [DEBUG   ] clustering.kmedoids —     Swap medoid[4]=Switzerland → Bahamas__The  (inertia=48.351541)
23:00:25 [DEBUG   ] clustering.kmedoids —   iter 10  inertia=48.351541
23:00:25 [DEBUG   ] clustering.kmedoids —     Swap medoid[0]=Grenada → Togo  (inertia=48.251468)
23:00:25 [DEBUG   ] clustering.kmedoids —   iter 11  inertia=48.251468
23:00:26 [DEBUG   ] clustering.kmedoids —     Swap medoid[4]=Bahamas__The → Jamaica  (inertia=48.241834)
23:00:26 [DEBUG   ] clustering.kmedoids —   iter 12  inertia=48.241834
23:00:26 [DEBUG   ] clustering.kmedoids —     Swap medoid[5]=Norway → Bahamas__The  (inertia=48.155462)
23:00:26 [DEBUG   ] clustering.kmedoids —   iter 13  inertia=48.155462
23:00:26 [DEBUG   ] clustering.kmedoids —     Swap medoid[4]=Jamaica → Bolivia  (inertia=48.038035)
23:00:26 [DEBUG   ] clustering.kmedoids —   iter 14  inertia=48.038035
23:00:26 [DEBUG   ] clustering.kmedoids —     Swap medoid[4]=Bolivia → Paraguay  (inertia=47.973454)
23:00:26 [DEBUG   ] clustering.kmedoids —   iter 15  inertia=47.973454
23:00:26 [DEBUG   ] clustering.kmedoids —     Swap medoid[6]=Argentina → Andorra  (inertia=47.953422)
23:00:26 [DEBUG   ] clustering.kmedoids —   iter 16  inertia=47.953422
23:00:27 [DEBUG   ] clustering.kmedoids —     Swap medoid[5]=Bahamas__The → Jamaica  (inertia=47.948742)
23:00:27 [DEBUG   ] clustering.kmedoids —   iter 17  inertia=47.948742
23:00:27 [DEBUG   ] clustering.kmedoids —     Swap medoid[6]=Andorra → Australia  (inertia=47.923217)
23:00:27 [DEBUG   ] clustering.kmedoids —   iter 18  inertia=47.923217
23:00:27 [DEBUG   ] clustering.kmedoids —     Swap medoid[5]=Jamaica → Bahamas__The  (inertia=47.901967)
23:00:27 [DEBUG   ] clustering.kmedoids —   iter 19  inertia=47.901967
23:00:28 [DEBUG   ] clustering.kmedoids —     Swap medoid[6]=Australia → Congo  (inertia=47.880296)
23:00:28 [DEBUG   ] clustering.kmedoids —   iter 20  inertia=47.880296
23:00:28 [DEBUG   ] clustering.kmedoids —     Swap medoid[6]=Congo → Denmark  (inertia=47.787787)
23:00:28 [DEBUG   ] clustering.kmedoids —   iter 21  inertia=47.787787
23:00:28 [DEBUG   ] clustering.kmedoids —     Swap medoid[6]=Denmark → Tuvalu  (inertia=47.760378)
23:00:28 [DEBUG   ] clustering.kmedoids —   iter 22  inertia=47.760378
23:00:28 [DEBUG   ] clustering.kmedoids —     Swap medoid[5]=Bahamas__The → Grenada  (inertia=47.754563)
23:00:28 [DEBUG   ] clustering.kmedoids —   iter 23  inertia=47.754563
23:00:28 [DEBUG   ] clustering.kmedoids —     Swap medoid[0]=Togo → Lesotho  (inertia=47.738725)
23:00:28 [DEBUG   ] clustering.kmedoids —   iter 24  inertia=47.738725
23:00:29 [INFO    ] werkzeug — 127.0.0.1 - - [18/May/2026 23:00:29] "GET /api/status HTTP/1.1" 200 -
23:00:29 [DEBUG   ] clustering.kmedoids —     Swap medoid[7]=Bangladesh → Algeria  (inertia=47.731400)
23:00:29 [DEBUG   ] clustering.kmedoids —   iter 25  inertia=47.731400
23:00:29 [DEBUG   ] clustering.kmedoids —     Swap medoid[7]=Algeria → Denmark  (inertia=47.594288)
23:00:29 [DEBUG   ] clustering.kmedoids —   iter 26  inertia=47.594288
23:00:30 [DEBUG   ] clustering.kmedoids —     Swap medoid[7]=Denmark → Netherlands__Kingdom_of_the_  (inertia=47.591947)
23:00:30 [DEBUG   ] clustering.kmedoids —   iter 27  inertia=47.591947
23:00:30 [DEBUG   ] clustering.kmedoids —     Swap medoid[8]=France → Denmark  (inertia=47.466510)
23:00:30 [DEBUG   ] clustering.kmedoids —   iter 28  inertia=47.466510
23:00:30 [DEBUG   ] clustering.kmedoids —     Swap medoid[9]=Maldives → Eritrea  (inertia=47.462469)
23:00:30 [DEBUG   ] clustering.kmedoids —   iter 29  inertia=47.462469
23:00:31 [DEBUG   ] clustering.kmedoids —     Swap medoid[9]=Eritrea → Fiji  (inertia=47.446847)
23:00:31 [DEBUG   ] clustering.kmedoids —   iter 30  inertia=47.446847
23:00:31 [DEBUG   ] clustering.kmedoids —     Swap medoid[9]=Fiji → Greece  (inertia=47.416940)
23:00:31 [DEBUG   ] clustering.kmedoids —   iter 31  inertia=47.416940
23:00:31 [DEBUG   ] clustering.kmedoids —     Swap medoid[0]=Lesotho → Jordan  (inertia=47.415780)
23:00:31 [DEBUG   ] clustering.kmedoids —   iter 32  inertia=47.415780
23:00:32 [DEBUG   ] clustering.kmedoids —     Swap medoid[3]=Azerbaijan → Togo  (inertia=47.407024)
23:00:32 [DEBUG   ] clustering.kmedoids —   iter 33  inertia=47.407024
23:00:32 [DEBUG   ] clustering.kmedoids —     Swap medoid[7]=Netherlands__Kingdom_of_the_ → Azerbaijan  (inertia=47.404030)
23:00:32 [DEBUG   ] clustering.kmedoids —   iter 34  inertia=47.404030
23:00:32 [DEBUG   ] clustering.kmedoids —     Swap medoid[8]=Denmark → Netherlands__Kingdom_of_the_  (inertia=47.392469)
23:00:32 [DEBUG   ] clustering.kmedoids —   iter 35  inertia=47.392469
23:00:33 [DEBUG   ] clustering.kmedoids —     Swap medoid[9]=Greece → Denmark  (inertia=47.359339)
23:00:33 [DEBUG   ] clustering.kmedoids —   iter 36  inertia=47.359339
23:00:33 [INFO    ] clustering.kmedoids — K-Medoids converged in 37 iteration(s).  Inertia=47.359339
23:00:33 [INFO    ] clustering.kmedoids — K-Medoids complete.  k=10, inertia=47.3593, iters=37
23:00:33 [INFO    ] clustering.evaluation — Computing evaluation metrics for kmedoids result…
23:00:33 [INFO    ] clustering.evaluation — Evaluation complete.  silhouette=0.0248  inertia=47.3593
23:00:33 [INFO    ] clustering.pipeline — run('kmedoids', k=10) finished in 8.96s  inertia=47.3593  silhouette=0.0248
23:00:33 [INFO    ] clustering.models — ClusterResult saved -> C:\Users\User\Desktop\IDPA PROJECT_V2\IDPA-PROJECT-2\output\clustering\kmedoids_k10.json
23:00:33 [INFO    ] werkzeug — 127.0.0.1 - - [18/May/2026 23:00:33] "POST /api/cluster HTTP/1.1" 200 -
23:00:34 [INFO    ] werkzeug — 127.0.0.1 - - [18/May/2026 23:00:34] "GET /api/results HTTP/1.1" 200 -
23:00:34 [INFO    ] werkzeug — 127.0.0.1 - - [18/May/2026 23:00:34] "GET /api/result/kmedoids_k10.json HTTP/1.1" 200 -
23:00:34 [INFO    ] werkzeug — 127.0.0.1 - - [18/May/2026 23:00:34] "GET /api/results HTTP/1.1" 200 -
23:00:36 [INFO    ] werkzeug — 127.0.0.1 - - [18/May/2026 23:00:36] "GET /api/status HTTP/1.1" 200 -
23:00:44 [INFO    ] werkzeug — 127.0.0.1 - - [18/May/2026 23:00:44] "GET /api/status HTTP/1.1" 200 -
23:00:52 [INFO    ] werkzeug — 127.0.0.1 - - [18/May/2026 23:00:52] "GET /api/status HTTP/1.1" 200 -
23:01:00 [INFO    ] werkzeug — 127.0.0.1 - - [18/May/2026 23:01:00] "GET /api/status HTTP/1.1" 200 -
23:01:08 [INFO    ] werkzeug — 127.0.0.1 - - [18/May/2026 23:01:08] "GET /api/status HTTP/1.1" 200 -
23:01:16 [INFO    ] werkzeug — 127.0.0.1 - - [18/May/2026 23:01:16] "GET /api/status HTTP/1.1" 200 -
23:01:24 [INFO    ] werkzeug — 127.0.0.1 - - [18/May/2026 23:01:24] "GET /api/status HTTP/1.1" 200 -
23:01:32 [INFO    ] werkzeug — 127.0.0.1 - - [18/May/2026 23:01:32] "GET /api/status HTTP/1.1" 200 -
23:01:40 [INFO    ] werkzeug — 127.0.0.1 - - [18/May/2026 23:01:40] "GET /api/status HTTP/1.1" 200 -
23:01:48 [INFO    ] werkzeug — 127.0.0.1 - - [18/May/2026 23:01:48] "GET /api/status HTTP/1.1" 200 -
23:01:52 [INFO    ] werkzeug — 127.0.0.1 - - [18/May/2026 23:01:52] "GET /api/results HTTP/1.1" 200 -
23:01:56 [INFO    ] werkzeug — 127.0.0.1 - - [18/May/2026 23:01:56] "GET /api/status HTTP/1.1" 200 -
23:02:04 [INFO    ] werkzeug — 127.0.0.1 - - [18/May/2026 23:02:04] "GET /api/status HTTP/1.1" 200 -
23:02:13 [INFO    ] werkzeug — 127.0.0.1 - - [18/May/2026 23:02:13] "GET /api/status HTTP/1.1" 200 -
23:02:21 [INFO    ] werkzeug — 127.0.0.1 - - [18/May/2026 23:02:21] "GET /api/status HTTP/1.1" 200 -
23:02:29 [INFO    ] werkzeug — 127.0.0.1 - - [18/May/2026 23:02:29] "GET /api/status HTTP/1.1" 200 -
23:02:37 [INFO    ] werkzeug — 127.0.0.1 - - [18/May/2026 23:02:37] "GET /api/status HTTP/1.1" 200 -
23:02:45 [INFO    ] werkzeug — 127.0.0.1 - - [18/May/2026 23:02:45] "GET /api/status HTTP/1.1" 200 -
23:02:53 [INFO    ] werkzeug — 127.0.0.1 - - [18/May/2026 23:02:53] "GET /api/status HTTP/1.1" 200 -
23:03:01 [INFO    ] werkzeug — 127.0.0.1 - - [18/May/2026 23:03:01] "GET /api/status HTTP/1.1" 200 -
23:03:09 [INFO    ] werkzeug — 127.0.0.1 - - [18/May/2026 23:03:09] "GET /api/status HTTP/1.1" 200 -
23:03:30 [INFO    ] werkzeug — 127.0.0.1 - - [18/May/2026 23:03:30] "GET /api/status HTTP/1.1" 200 -
23:04:30 [INFO    ] werkzeug — 127.0.0.1 - - [18/May/2026 23:04:30] "GET /api/status HTTP/1.1" 200 -
23:05:30 [INFO    ] werkzeug — 127.0.0.1 - - [18/May/2026 23:05:30] "GET /api/status HTTP/1.1" 200 -
23:06:30 [INFO    ] werkzeug — 127.0.0.1 - - [18/May/2026 23:06:30] "GET /api/status HTTP/1.1" 200 -
23:07:30 [INFO    ] werkzeug — 127.0.0.1 - - [18/May/2026 23:07:30] "GET /api/status HTTP/1.1" 200 -
23:08:30 [INFO    ] werkzeug — 127.0.0.1 - - [18/May/2026 23:08:30] "GET /api/status HTTP/1.1" 200 -
23:09:30 [INFO    ] werkzeug — 127.0.0.1 - - [18/May/2026 23:09:30] "GET /api/status HTTP/1.1" 200 -
23:10:30 [INFO    ] werkzeug — 127.0.0.1 - - [18/May/2026 23:10:30] "GET /api/status HTTP/1.1" 200 -
23:11:30 [INFO    ] werkzeug — 127.0.0.1 - - [18/May/2026 23:11:30] "GET /api/status HTTP/1.1" 200 -
23:12:30 [INFO    ] werkzeug — 127.0.0.1 - - [18/May/2026 23:12:30] "GET /api/status HTTP/1.1" 200 -
23:13:30 [INFO    ] werkzeug — 127.0.0.1 - - [18/May/2026 23:13:30] "GET /api/status HTTP/1.1" 200 -
23:14:19 [INFO    ] clustering.kmedoids — K-Medoids: n=6, k=2, init=heuristic, max_iter=100
23:14:19 [DEBUG   ] clustering.kmedoids — Initial medoids: ['B3', 'A1']
23:14:19 [DEBUG   ] clustering.kmedoids —   iter 0  inertia=0.210000
23:14:19 [DEBUG   ] clustering.kmedoids —     Best swap → medoid[0]=B4  (inertia=0.200000)
23:14:19 [DEBUG   ] clustering.kmedoids —   iter 1  inertia=0.200000
23:14:19 [INFO    ] clustering.kmedoids — K-Medoids converged in 2 iteration(s).  Inertia=0.200000
23:14:19 [INFO    ] clustering.kmedoids — K-Medoids complete.  k=2, inertia=0.2000, iters=2
23:14:19 [INFO    ] clustering.evaluation — Computing evaluation metrics for kmedoids result…
23:14:19 [INFO    ] clustering.evaluation — Evaluation complete.  silhouette=0.9390  inertia=0.2000
23:14:19 [INFO    ] clustering.hierarchical — HAC: n=6, k=2, linkage=average
23:14:19 [DEBUG   ] clustering.hierarchical —   Merged clusters 3+4 → 6  (dist=0.0400, size=2)
23:14:19 [DEBUG   ] clustering.hierarchical —   Merged clusters 0+1 → 7  (dist=0.0500, size=2)
23:14:19 [DEBUG   ] clustering.hierarchical —   Merged clusters 5+6 → 8  (dist=0.0550, size=3)
23:14:19 [DEBUG   ] clustering.hierarchical —   Merged clusters 2+7 → 9  (dist=0.0650, size=3)
23:14:19 [INFO    ] clustering.hierarchical — HAC complete.  Inertia=0.2000
23:14:19 [INFO    ] clustering.evaluation — Computing evaluation metrics for hierarchical result…
23:14:19 [INFO    ] clustering.evaluation — Evaluation complete.  silhouette=0.9390  inertia=0.2000
23:14:19 [INFO    ] clustering.models — Distance matrix saved -> output\clustering\_test_matrix.json  (6x6)
23:14:19 [INFO    ] clustering.models — Distance matrix loaded <- output\clustering\_test_matrix.json  (6x6)
23:14:19 [INFO    ] clustering.models — ClusterResult saved -> output\clustering\_test_result.json
23:14:19 [INFO    ] clustering.kmedoids — K-Medoids: n=6, k=1, init=heuristic, max_iter=100
23:14:19 [DEBUG   ] clustering.kmedoids — Initial medoids: ['B3']
23:14:19 [DEBUG   ] clustering.kmedoids —   iter 0  inertia=2.790000
23:14:19 [INFO    ] clustering.kmedoids — K-Medoids converged in 1 iteration(s).  Inertia=2.790000
23:14:19 [INFO    ] clustering.kmedoids — K-Medoids complete.  k=1, inertia=2.7900, iters=1
23:14:30 [INFO    ] werkzeug — 127.0.0.1 - - [18/May/2026 23:14:30] "GET /api/status HTTP/1.1" 200 -
23:15:30 [INFO    ] werkzeug — 127.0.0.1 - - [18/May/2026 23:15:30] "GET /api/status HTTP/1.1" 200 -
23:15:32 [INFO    ] werkzeug — 127.0.0.1 - - [18/May/2026 23:15:32] "GET / HTTP/1.1" 200 -
23:15:32 [INFO    ] werkzeug — 127.0.0.1 - - [18/May/2026 23:15:32] "GET /static/css/main.css HTTP/1.1" 200 -
23:15:32 [INFO    ] werkzeug — 127.0.0.1 - - [18/May/2026 23:15:32] "GET /static/js/api.js HTTP/1.1" 200 -
23:15:32 [INFO    ] werkzeug — 127.0.0.1 - - [18/May/2026 23:15:32] "[36mGET /static/js/charts/dendrogram.js HTTP/1.1[0m" 304 -
23:15:33 [INFO    ] werkzeug — 127.0.0.1 - - [18/May/2026 23:15:33] "[36mGET /static/js/charts/heatmap.js HTTP/1.1[0m" 304 -
23:15:33 [INFO    ] werkzeug — 127.0.0.1 - - [18/May/2026 23:15:33] "[36mGET /static/js/charts/clustermap.js HTTP/1.1[0m" 304 -
23:15:33 [INFO    ] werkzeug — 127.0.0.1 - - [18/May/2026 23:15:33] "GET /static/js/app.js HTTP/1.1" 200 -
23:15:33 [INFO    ] werkzeug — 127.0.0.1 - - [18/May/2026 23:15:33] "GET /api/status HTTP/1.1" 200 -
23:15:33 [INFO    ] werkzeug — 127.0.0.1 - - [18/May/2026 23:15:33] "GET /api/countries HTTP/1.1" 200 -
23:15:33 [INFO    ] werkzeug — 127.0.0.1 - - [18/May/2026 23:15:33] "GET /api/results HTTP/1.1" 200 -
23:16:30 [INFO    ] werkzeug — 127.0.0.1 - - [18/May/2026 23:16:30] "GET /api/status HTTP/1.1" 200 -
23:17:30 [INFO    ] werkzeug — 127.0.0.1 - - [18/May/2026 23:17:30] "GET /api/status HTTP/1.1" 200 -
23:18:30 [INFO    ] werkzeug — 127.0.0.1 - - [18/May/2026 23:18:30] "GET /api/status HTTP/1.1" 200 -
23:19:30 [INFO    ] werkzeug — 127.0.0.1 - - [18/May/2026 23:19:30] "GET /api/status HTTP/1.1" 200 -
23:20:30 [INFO    ] werkzeug — 127.0.0.1 - - [18/May/2026 23:20:30] "GET /api/status HTTP/1.1" 200 -
23:21:30 [INFO    ] werkzeug — 127.0.0.1 - - [18/May/2026 23:21:30] "GET /api/status HTTP/1.1" 200 -
23:22:30 [INFO    ] werkzeug — 127.0.0.1 - - [18/May/2026 23:22:30] "GET /api/status HTTP/1.1" 200 -
23:23:14 [INFO    ] werkzeug — 127.0.0.1 - - [18/May/2026 23:23:14] "GET /api/status HTTP/1.1" 200 -
23:23:17 [INFO    ] werkzeug — 127.0.0.1 - - [18/May/2026 23:23:17] "GET /api/status HTTP/1.1" 200 -
23:23:44 [INFO    ] werkzeug — [31m[1mWARNING: This is a development server. Do not use it in a production deployment. Use a production WSGI server instead.[0m
 * Running on http://127.0.0.1:5000
23:23:44 [INFO    ] werkzeug — [33mPress CTRL+C to quit[0m
23:23:45 [INFO    ] werkzeug — 127.0.0.1 - - [18/May/2026 23:23:45] "GET / HTTP/1.1" 200 -
23:23:45 [INFO    ] werkzeug — 127.0.0.1 - - [18/May/2026 23:23:45] "[36mGET /static/css/main.css HTTP/1.1[0m" 304 -
23:23:46 [INFO    ] werkzeug — 127.0.0.1 - - [18/May/2026 23:23:46] "[36mGET /static/js/api.js HTTP/1.1[0m" 304 -
23:23:46 [INFO    ] werkzeug — 127.0.0.1 - - [18/May/2026 23:23:46] "[36mGET /static/js/charts/dendrogram.js HTTP/1.1[0m" 304 -
23:23:46 [INFO    ] werkzeug — 127.0.0.1 - - [18/May/2026 23:23:46] "[36mGET /static/js/charts/heatmap.js HTTP/1.1[0m" 304 -
23:23:46 [INFO    ] werkzeug — 127.0.0.1 - - [18/May/2026 23:23:46] "[36mGET /static/js/charts/clustermap.js HTTP/1.1[0m" 304 -
23:23:46 [INFO    ] werkzeug — 127.0.0.1 - - [18/May/2026 23:23:46] "[36mGET /static/js/app.js HTTP/1.1[0m" 304 -
23:23:46 [INFO    ] werkzeug — 127.0.0.1 - - [18/May/2026 23:23:46] "GET /api/status HTTP/1.1" 200 -
23:23:47 [INFO    ] werkzeug — 127.0.0.1 - - [18/May/2026 23:23:47] "GET /api/countries HTTP/1.1" 200 -
23:23:47 [INFO    ] werkzeug — 127.0.0.1 - - [18/May/2026 23:23:47] "GET /api/results HTTP/1.1" 200 -
23:23:55 [INFO    ] werkzeug — 127.0.0.1 - - [18/May/2026 23:23:55] "GET /api/status HTTP/1.1" 200 -
23:24:04 [INFO    ] werkzeug — 127.0.0.1 - - [18/May/2026 23:24:04] "GET /api/status HTTP/1.1" 200 -
23:24:11 [INFO    ] werkzeug — 127.0.0.1 - - [18/May/2026 23:24:11] "GET /api/status HTTP/1.1" 200 -
23:24:19 [INFO    ] werkzeug — 127.0.0.1 - - [18/May/2026 23:24:19] "GET /api/status HTTP/1.1" 200 -
23:24:28 [INFO    ] werkzeug — 127.0.0.1 - - [18/May/2026 23:24:28] "GET /api/status HTTP/1.1" 200 -
23:24:36 [INFO    ] werkzeug — 127.0.0.1 - - [18/May/2026 23:24:36] "GET /api/status HTTP/1.1" 200 -
23:24:44 [INFO    ] werkzeug — 127.0.0.1 - - [18/May/2026 23:24:44] "GET /api/status HTTP/1.1" 200 -
23:24:51 [INFO    ] werkzeug — 127.0.0.1 - - [18/May/2026 23:24:51] "GET /api/status HTTP/1.1" 200 -
23:24:59 [INFO    ] werkzeug — 127.0.0.1 - - [18/May/2026 23:24:59] "GET /api/status HTTP/1.1" 200 -
23:25:07 [INFO    ] werkzeug — 127.0.0.1 - - [18/May/2026 23:25:07] "GET /api/status HTTP/1.1" 200 -
23:25:15 [INFO    ] werkzeug — 127.0.0.1 - - [18/May/2026 23:25:15] "GET /api/status HTTP/1.1" 200 -
23:25:23 [INFO    ] werkzeug — 127.0.0.1 - - [18/May/2026 23:25:23] "GET /api/status HTTP/1.1" 200 -
23:25:31 [INFO    ] werkzeug — 127.0.0.1 - - [18/May/2026 23:25:31] "GET /api/status HTTP/1.1" 200 -
23:25:39 [INFO    ] werkzeug — 127.0.0.1 - - [18/May/2026 23:25:39] "GET /api/status HTTP/1.1" 200 -
23:25:47 [INFO    ] werkzeug — 127.0.0.1 - - [18/May/2026 23:25:47] "GET /api/status HTTP/1.1" 200 -
23:25:55 [INFO    ] werkzeug — 127.0.0.1 - - [18/May/2026 23:25:55] "GET /api/status HTTP/1.1" 200 -
23:26:03 [INFO    ] werkzeug — 127.0.0.1 - - [18/May/2026 23:26:03] "GET /api/status HTTP/1.1" 200 -
23:26:11 [INFO    ] werkzeug — 127.0.0.1 - - [18/May/2026 23:26:11] "GET /api/status HTTP/1.1" 200 -
23:26:19 [INFO    ] werkzeug — 127.0.0.1 - - [18/May/2026 23:26:19] "GET /api/status HTTP/1.1" 200 -
23:26:27 [INFO    ] werkzeug — 127.0.0.1 - - [18/May/2026 23:26:27] "GET /api/status HTTP/1.1" 200 -
23:26:35 [INFO    ] werkzeug — 127.0.0.1 - - [18/May/2026 23:26:35] "GET /api/status HTTP/1.1" 200 -
23:26:43 [INFO    ] werkzeug — 127.0.0.1 - - [18/May/2026 23:26:43] "GET /api/status HTTP/1.1" 200 -
23:26:51 [INFO    ] werkzeug — 127.0.0.1 - - [18/May/2026 23:26:51] "GET /api/status HTTP/1.1" 200 -
23:26:55 [INFO    ] werkzeug — 127.0.0.1 - - [18/May/2026 23:26:55] "POST /api/matrix/start HTTP/1.1" 200 -
23:26:55 [INFO    ] clustering.distance_matrix — Loaded 26 country trees from 'C:\\Users\\User\\Desktop\\IDPA PROJECT_V2\\IDPA-PROJECT-2\\preprocessed_trees'
23:26:55 [INFO    ] clustering.pipeline — 26 trees loaded.
23:26:55 [INFO    ] clustering.distance_matrix — Computing semantic distance matrix for 26 documents (325 pairs)…
23:26:55 [INFO    ] clustering.distance_matrix — Pre-normalizing trees (field filter: ['demographics.religion', 'languages.official', 'languages.recognized', 'languages.spoken', 'politics.government'])…
23:26:55 [INFO    ] clustering.distance_matrix — Matrix stats: {'n': 26, 'pairs': 325, 'min': 0.05, 'max': 0.43788, 'mean': 0.226789, 'std': 0.094716}
23:26:55 [INFO    ] clustering.models — Distance matrix saved -> C:\Users\User\Desktop\IDPA PROJECT_V2\IDPA-PROJECT-2\output\clustering\distance_matrix_26_21ca08dc.json  (26x26)
23:26:56 [INFO    ] werkzeug — 127.0.0.1 - - [18/May/2026 23:26:56] "GET /api/job/33eeb730 HTTP/1.1" 200 -
23:26:56 [INFO    ] werkzeug — 127.0.0.1 - - [18/May/2026 23:26:56] "GET /api/status HTTP/1.1" 200 -
23:26:56 [INFO    ] werkzeug — 127.0.0.1 - - [18/May/2026 23:26:56] "GET /api/matrix HTTP/1.1" 200 -
23:26:59 [INFO    ] werkzeug — 127.0.0.1 - - [18/May/2026 23:26:59] "GET /api/status HTTP/1.1" 200 -
23:27:08 [INFO    ] werkzeug — 127.0.0.1 - - [18/May/2026 23:27:08] "GET /api/status HTTP/1.1" 200 -
23:27:16 [INFO    ] werkzeug — 127.0.0.1 - - [18/May/2026 23:27:16] "GET /api/status HTTP/1.1" 200 -
23:27:23 [INFO    ] werkzeug — 127.0.0.1 - - [18/May/2026 23:27:23] "GET /api/status HTTP/1.1" 200 -
23:27:31 [INFO    ] werkzeug — 127.0.0.1 - - [18/May/2026 23:27:31] "GET /api/status HTTP/1.1" 200 -
23:27:33 [INFO    ] clustering.kmedoids — K-Medoids: n=26, k=2, init=heuristic, max_iter=100
23:27:33 [DEBUG   ] clustering.kmedoids — Initial medoids: ['Egypt', 'Canada']
23:27:33 [DEBUG   ] clustering.kmedoids —   iter 0  inertia=3.301587
23:27:33 [DEBUG   ] clustering.kmedoids —     Best swap → medoid[1]=Sweden  (inertia=3.280097)
23:27:33 [DEBUG   ] clustering.kmedoids —   iter 1  inertia=3.280097
23:27:33 [INFO    ] clustering.kmedoids — K-Medoids converged in 2 iteration(s).  Inertia=3.280097
23:27:33 [INFO    ] clustering.kmedoids — K-Medoids complete.  k=2, inertia=3.2801, iters=2
23:27:33 [DEBUG   ] clustering.evaluation — find_best_k: k=2  sil=0.4493
23:27:33 [INFO    ] clustering.kmedoids — K-Medoids: n=26, k=3, init=heuristic, max_iter=100
23:27:33 [DEBUG   ] clustering.kmedoids — Initial medoids: ['Egypt', 'Canada', 'Ukraine']
23:27:33 [DEBUG   ] clustering.kmedoids —   iter 0  inertia=2.872223
23:27:33 [DEBUG   ] clustering.kmedoids —     Best swap → medoid[1]=Sweden  (inertia=2.850733)
23:27:33 [DEBUG   ] clustering.kmedoids —   iter 1  inertia=2.850733
23:27:33 [INFO    ] clustering.kmedoids — K-Medoids converged in 2 iteration(s).  Inertia=2.850733
23:27:33 [INFO    ] clustering.kmedoids — K-Medoids complete.  k=3, inertia=2.8507, iters=2
23:27:33 [DEBUG   ] clustering.evaluation — find_best_k: k=3  sil=0.5147
23:27:33 [INFO    ] clustering.kmedoids — K-Medoids: n=26, k=4, init=heuristic, max_iter=100
23:27:33 [DEBUG   ] clustering.kmedoids — Initial medoids: ['Egypt', 'Canada', 'Ukraine', 'Lebanon']
23:27:33 [DEBUG   ] clustering.kmedoids —   iter 0  inertia=2.570814
23:27:33 [DEBUG   ] clustering.kmedoids —     Best swap → medoid[1]=Sweden  (inertia=2.549324)
23:27:33 [DEBUG   ] clustering.kmedoids —   iter 1  inertia=2.549324
23:27:33 [INFO    ] clustering.kmedoids — K-Medoids converged in 2 iteration(s).  Inertia=2.549324
23:27:33 [INFO    ] clustering.kmedoids — K-Medoids complete.  k=4, inertia=2.5493, iters=2
23:27:33 [DEBUG   ] clustering.evaluation — find_best_k: k=4  sil=0.4634
23:27:33 [INFO    ] clustering.kmedoids — K-Medoids: n=26, k=5, init=heuristic, max_iter=100
23:27:33 [DEBUG   ] clustering.kmedoids — Initial medoids: ['Egypt', 'Canada', 'Ukraine', 'Lebanon', 'Israel']
23:27:33 [DEBUG   ] clustering.kmedoids —   iter 0  inertia=2.387480
23:27:33 [DEBUG   ] clustering.kmedoids —     Best swap → medoid[4]=Somalia  (inertia=2.325331)
23:27:33 [DEBUG   ] clustering.kmedoids —   iter 1  inertia=2.325331
23:27:33 [DEBUG   ] clustering.kmedoids —     Best swap → medoid[1]=Sweden  (inertia=2.303841)
23:27:33 [DEBUG   ] clustering.kmedoids —   iter 2  inertia=2.303841
23:27:33 [DEBUG   ] clustering.kmedoids —     Best swap → medoid[0]=Saudi_Arabia  (inertia=2.286564)
23:27:33 [DEBUG   ] clustering.kmedoids —   iter 3  inertia=2.286564
23:27:33 [INFO    ] clustering.kmedoids — K-Medoids converged in 4 iteration(s).  Inertia=2.286564
23:27:33 [INFO    ] clustering.kmedoids — K-Medoids complete.  k=5, inertia=2.2866, iters=4
23:27:33 [DEBUG   ] clustering.evaluation — find_best_k: k=5  sil=0.2785
23:27:33 [INFO    ] clustering.kmedoids — K-Medoids: n=26, k=6, init=heuristic, max_iter=100
23:27:33 [DEBUG   ] clustering.kmedoids — Initial medoids: ['Egypt', 'Canada', 'Ukraine', 'Lebanon', 'Israel', 'India']
23:27:33 [DEBUG   ] clustering.kmedoids —   iter 0  inertia=2.214967
23:27:33 [DEBUG   ] clustering.kmedoids —     Best swap → medoid[5]=Somalia  (inertia=2.141997)
23:27:33 [DEBUG   ] clustering.kmedoids —   iter 1  inertia=2.141997
23:27:33 [DEBUG   ] clustering.kmedoids —     Best swap → medoid[1]=Sweden  (inertia=2.120507)
23:27:33 [DEBUG   ] clustering.kmedoids —   iter 2  inertia=2.120507
23:27:33 [DEBUG   ] clustering.kmedoids —     Best swap → medoid[0]=Saudi_Arabia  (inertia=2.103230)
23:27:33 [DEBUG   ] clustering.kmedoids —   iter 3  inertia=2.103230
23:27:33 [INFO    ] clustering.kmedoids — K-Medoids converged in 4 iteration(s).  Inertia=2.103230
23:27:33 [INFO    ] clustering.kmedoids — K-Medoids complete.  k=6, inertia=2.1032, iters=4
23:27:33 [DEBUG   ] clustering.evaluation — find_best_k: k=6  sil=0.2779
23:27:33 [INFO    ] clustering.kmedoids — K-Medoids: n=26, k=7, init=heuristic, max_iter=100
23:27:33 [DEBUG   ] clustering.kmedoids — Initial medoids: ['Egypt', 'Canada', 'Ukraine', 'Lebanon', 'Israel', 'India', 'South_Africa']
23:27:33 [DEBUG   ] clustering.kmedoids —   iter 0  inertia=2.072487
23:27:33 [DEBUG   ] clustering.kmedoids —     Best swap → medoid[5]=Somalia  (inertia=2.001260)
23:27:33 [DEBUG   ] clustering.kmedoids —   iter 1  inertia=2.001260
23:27:33 [DEBUG   ] clustering.kmedoids —     Best swap → medoid[6]=Hungary  (inertia=1.975380)
23:27:33 [DEBUG   ] clustering.kmedoids —   iter 2  inertia=1.975380
23:27:33 [DEBUG   ] clustering.kmedoids —     Best swap → medoid[0]=Saudi_Arabia  (inertia=1.944807)
23:27:33 [DEBUG   ] clustering.kmedoids —   iter 3  inertia=1.944807
23:27:33 [DEBUG   ] clustering.kmedoids —     Best swap → medoid[1]=Sweden  (inertia=1.923317)
23:27:33 [DEBUG   ] clustering.kmedoids —   iter 4  inertia=1.923317
23:27:33 [INFO    ] clustering.kmedoids — K-Medoids converged in 5 iteration(s).  Inertia=1.923317
23:27:33 [INFO    ] clustering.kmedoids — K-Medoids complete.  k=7, inertia=1.9233, iters=5
23:27:33 [DEBUG   ] clustering.evaluation — find_best_k: k=7  sil=0.2614
23:27:33 [INFO    ] clustering.kmedoids — K-Medoids: n=26, k=8, init=heuristic, max_iter=100
23:27:33 [DEBUG   ] clustering.kmedoids — Initial medoids: ['Egypt', 'Canada', 'Ukraine', 'Lebanon', 'Israel', 'India', 'South_Africa', 'Spain']
23:27:33 [DEBUG   ] clustering.kmedoids —   iter 0  inertia=1.936620
23:27:33 [DEBUG   ] clustering.kmedoids —     Best swap → medoid[5]=Somalia  (inertia=1.881573)
23:27:33 [DEBUG   ] clustering.kmedoids —   iter 1  inertia=1.881573
23:27:33 [DEBUG   ] clustering.kmedoids —     Best swap → medoid[7]=Hungary  (inertia=1.834643)
23:27:33 [DEBUG   ] clustering.kmedoids —   iter 2  inertia=1.834643
23:27:33 [DEBUG   ] clustering.kmedoids —     Best swap → medoid[0]=Saudi_Arabia  (inertia=1.804070)
23:27:33 [DEBUG   ] clustering.kmedoids —   iter 3  inertia=1.804070
23:27:33 [DEBUG   ] clustering.kmedoids —     Best swap → medoid[1]=Sweden  (inertia=1.782580)
23:27:33 [DEBUG   ] clustering.kmedoids —   iter 4  inertia=1.782580
23:27:33 [DEBUG   ] clustering.kmedoids —     Best swap → medoid[6]=Germany  (inertia=1.777452)
23:27:33 [DEBUG   ] clustering.kmedoids —   iter 5  inertia=1.777452
23:27:33 [INFO    ] clustering.kmedoids — K-Medoids converged in 6 iteration(s).  Inertia=1.777452
23:27:33 [INFO    ] clustering.kmedoids — K-Medoids complete.  k=8, inertia=1.7775, iters=6
23:27:33 [DEBUG   ] clustering.evaluation — find_best_k: k=8  sil=0.2069
23:27:33 [INFO    ] clustering.kmedoids — K-Medoids: n=26, k=9, init=heuristic, max_iter=100
23:27:33 [DEBUG   ] clustering.kmedoids — Initial medoids: ['Egypt', 'Canada', 'Ukraine', 'Lebanon', 'Israel', 'India', 'South_Africa', 'Spain', 'Greece']
23:27:33 [DEBUG   ] clustering.kmedoids —   iter 0  inertia=1.784800
23:27:33 [DEBUG   ] clustering.kmedoids —     Best swap → medoid[5]=Somalia  (inertia=1.743397)
23:27:33 [DEBUG   ] clustering.kmedoids —   iter 1  inertia=1.743397
23:27:33 [DEBUG   ] clustering.kmedoids —     Best swap → medoid[8]=Hungary  (inertia=1.714957)
23:27:33 [DEBUG   ] clustering.kmedoids —   iter 2  inertia=1.714957
23:27:33 [DEBUG   ] clustering.kmedoids —     Best swap → medoid[0]=Saudi_Arabia  (inertia=1.689960)
23:27:33 [DEBUG   ] clustering.kmedoids —   iter 3  inertia=1.689960
23:27:33 [DEBUG   ] clustering.kmedoids —     Best swap → medoid[7]=Netherlands__Kingdom_of_the_  (inertia=1.660820)
23:27:33 [DEBUG   ] clustering.kmedoids —   iter 4  inertia=1.660820
23:27:33 [DEBUG   ] clustering.kmedoids —     Best swap → medoid[1]=Germany  (inertia=1.656200)
23:27:33 [DEBUG   ] clustering.kmedoids —   iter 5  inertia=1.656200
23:27:33 [DEBUG   ] clustering.kmedoids —     Best swap → medoid[7]=Sweden  (inertia=1.636715)
23:27:33 [DEBUG   ] clustering.kmedoids —   iter 6  inertia=1.636715
23:27:33 [INFO    ] clustering.kmedoids — K-Medoids converged in 7 iteration(s).  Inertia=1.636715
23:27:33 [INFO    ] clustering.kmedoids — K-Medoids complete.  k=9, inertia=1.6367, iters=7
23:27:33 [DEBUG   ] clustering.evaluation — find_best_k: k=9  sil=0.2135
23:27:33 [INFO    ] clustering.kmedoids — K-Medoids: n=26, k=10, init=heuristic, max_iter=100
23:27:33 [DEBUG   ] clustering.kmedoids — Initial medoids: ['Egypt', 'Canada', 'Ukraine', 'Lebanon', 'Israel', 'India', 'South_Africa', 'Spain', 'Greece', 'Iceland']
23:27:33 [DEBUG   ] clustering.kmedoids —   iter 0  inertia=1.646933
23:27:33 [DEBUG   ] clustering.kmedoids —     Best swap → medoid[5]=Somalia  (inertia=1.612127)
23:27:33 [DEBUG   ] clustering.kmedoids —   iter 1  inertia=1.612127
23:27:33 [DEBUG   ] clustering.kmedoids —     Best swap → medoid[0]=Saudi_Arabia  (inertia=1.584347)
23:27:33 [DEBUG   ] clustering.kmedoids —   iter 2  inertia=1.584347
23:27:33 [DEBUG   ] clustering.kmedoids —     Best swap → medoid[7]=Netherlands__Kingdom_of_the_  (inertia=1.555207)
23:27:33 [DEBUG   ] clustering.kmedoids —   iter 3  inertia=1.555207
23:27:33 [DEBUG   ] clustering.kmedoids —     Best swap → medoid[9]=Hungary  (inertia=1.537983)
23:27:33 [DEBUG   ] clustering.kmedoids —   iter 4  inertia=1.537983
23:27:33 [DEBUG   ] clustering.kmedoids —     Best swap → medoid[8]=Cyprus  (inertia=1.527270)
23:27:33 [DEBUG   ] clustering.kmedoids —   iter 5  inertia=1.527270
23:27:33 [DEBUG   ] clustering.kmedoids —     Best swap → medoid[1]=Germany  (inertia=1.522650)
23:27:33 [DEBUG   ] clustering.kmedoids —   iter 6  inertia=1.522650
23:27:33 [DEBUG   ] clustering.kmedoids —     Best swap → medoid[7]=Sweden  (inertia=1.503165)
23:27:33 [DEBUG   ] clustering.kmedoids —   iter 7  inertia=1.503165
23:27:33 [INFO    ] clustering.kmedoids — K-Medoids converged in 8 iteration(s).  Inertia=1.503165
23:27:33 [INFO    ] clustering.kmedoids — K-Medoids complete.  k=10, inertia=1.5032, iters=8
23:27:33 [DEBUG   ] clustering.evaluation — find_best_k: k=10  sil=0.2189
23:27:33 [INFO    ] werkzeug — 127.0.0.1 - - [18/May/2026 23:27:33] "POST /api/best_k HTTP/1.1" 200 -
23:27:39 [INFO    ] werkzeug — 127.0.0.1 - - [18/May/2026 23:27:39] "GET /api/status HTTP/1.1" 200 -
23:27:47 [INFO    ] werkzeug — 127.0.0.1 - - [18/May/2026 23:27:47] "GET /api/status HTTP/1.1" 200 -
23:27:55 [INFO    ] werkzeug — 127.0.0.1 - - [18/May/2026 23:27:55] "GET /api/status HTTP/1.1" 200 -
23:27:56 [INFO    ] clustering.kmedoids — K-Medoids: n=26, k=3, init=heuristic, max_iter=100
23:27:56 [DEBUG   ] clustering.kmedoids — Initial medoids: ['Egypt', 'Canada', 'Ukraine']
23:27:56 [DEBUG   ] clustering.kmedoids —   iter 0  inertia=2.872223
23:27:56 [DEBUG   ] clustering.kmedoids —     Best swap → medoid[1]=Sweden  (inertia=2.850733)
23:27:56 [DEBUG   ] clustering.kmedoids —   iter 1  inertia=2.850733
23:27:56 [INFO    ] clustering.kmedoids — K-Medoids converged in 2 iteration(s).  Inertia=2.850733
23:27:56 [INFO    ] clustering.kmedoids — K-Medoids complete.  k=3, inertia=2.8507, iters=2
23:27:56 [INFO    ] clustering.evaluation — Computing evaluation metrics for kmedoids result…
23:27:56 [INFO    ] clustering.evaluation — Evaluation complete.  silhouette=0.5147  inertia=2.8507
23:27:56 [INFO    ] clustering.pipeline — run('kmedoids', k=3) finished in 0.00s  inertia=2.8507  silhouette=0.5147
23:27:56 [INFO    ] clustering.models — ClusterResult saved -> C:\Users\User\Desktop\IDPA PROJECT_V2\IDPA-PROJECT-2\output\clustering\kmedoids_k3.json
23:27:56 [INFO    ] werkzeug — 127.0.0.1 - - [18/May/2026 23:27:56] "POST /api/cluster HTTP/1.1" 200 -
23:27:56 [INFO    ] werkzeug — 127.0.0.1 - - [18/May/2026 23:27:56] "GET /api/results HTTP/1.1" 200 -
23:27:56 [INFO    ] werkzeug — 127.0.0.1 - - [18/May/2026 23:27:56] "GET /api/results HTTP/1.1" 200 -
23:27:57 [INFO    ] werkzeug — 127.0.0.1 - - [18/May/2026 23:27:57] "GET /api/result/kmedoids_k3.json HTTP/1.1" 200 -
23:28:03 [INFO    ] werkzeug — 127.0.0.1 - - [18/May/2026 23:28:03] "GET /api/status HTTP/1.1" 200 -
23:28:11 [INFO    ] werkzeug — 127.0.0.1 - - [18/May/2026 23:28:11] "GET /api/status HTTP/1.1" 200 -
23:28:19 [INFO    ] werkzeug — 127.0.0.1 - - [18/May/2026 23:28:19] "GET /api/status HTTP/1.1" 200 -
23:28:27 [INFO    ] werkzeug — 127.0.0.1 - - [18/May/2026 23:28:27] "GET /api/status HTTP/1.1" 200 -
23:28:35 [INFO    ] werkzeug — 127.0.0.1 - - [18/May/2026 23:28:35] "GET /api/status HTTP/1.1" 200 -
23:28:43 [INFO    ] werkzeug — 127.0.0.1 - - [18/May/2026 23:28:43] "GET /api/status HTTP/1.1" 200 -
23:28:51 [INFO    ] werkzeug — 127.0.0.1 - - [18/May/2026 23:28:51] "GET /api/status HTTP/1.1" 200 -
23:28:59 [INFO    ] werkzeug — 127.0.0.1 - - [18/May/2026 23:28:59] "GET /api/status HTTP/1.1" 200 -
23:29:07 [INFO    ] werkzeug — 127.0.0.1 - - [18/May/2026 23:29:07] "GET /api/status HTTP/1.1" 200 -
23:29:16 [INFO    ] werkzeug — 127.0.0.1 - - [18/May/2026 23:29:16] "GET /api/status HTTP/1.1" 200 -
23:29:24 [INFO    ] werkzeug — 127.0.0.1 - - [18/May/2026 23:29:24] "GET /api/status HTTP/1.1" 200 -
23:29:31 [INFO    ] werkzeug — 127.0.0.1 - - [18/May/2026 23:29:31] "GET /api/status HTTP/1.1" 200 -
23:29:40 [INFO    ] werkzeug — 127.0.0.1 - - [18/May/2026 23:29:40] "GET /api/status HTTP/1.1" 200 -
23:29:48 [INFO    ] werkzeug — 127.0.0.1 - - [18/May/2026 23:29:48] "GET /api/status HTTP/1.1" 200 -
23:29:56 [INFO    ] werkzeug — 127.0.0.1 - - [18/May/2026 23:29:56] "GET /api/status HTTP/1.1" 200 -
23:30:04 [INFO    ] werkzeug — 127.0.0.1 - - [18/May/2026 23:30:04] "GET /api/status HTTP/1.1" 200 -
23:30:12 [INFO    ] werkzeug — 127.0.0.1 - - [18/May/2026 23:30:12] "GET /api/status HTTP/1.1" 200 -
23:30:20 [INFO    ] werkzeug — 127.0.0.1 - - [18/May/2026 23:30:20] "GET /api/status HTTP/1.1" 200 -
23:30:28 [INFO    ] werkzeug — 127.0.0.1 - - [18/May/2026 23:30:28] "GET /api/status HTTP/1.1" 200 -
23:30:36 [INFO    ] werkzeug — 127.0.0.1 - - [18/May/2026 23:30:36] "GET /api/status HTTP/1.1" 200 -
23:31:30 [INFO    ] werkzeug — 127.0.0.1 - - [18/May/2026 23:31:30] "GET /api/status HTTP/1.1" 200 -
23:31:31 [INFO    ] werkzeug — 127.0.0.1 - - [18/May/2026 23:31:31] "GET /api/status HTTP/1.1" 200 -
23:31:39 [INFO    ] werkzeug — 127.0.0.1 - - [18/May/2026 23:31:39] "GET /api/status HTTP/1.1" 200 -
23:31:48 [INFO    ] werkzeug — 127.0.0.1 - - [18/May/2026 23:31:48] "GET /api/status HTTP/1.1" 200 -
23:31:56 [INFO    ] werkzeug — 127.0.0.1 - - [18/May/2026 23:31:56] "GET /api/status HTTP/1.1" 200 -
23:32:04 [INFO    ] werkzeug — 127.0.0.1 - - [18/May/2026 23:32:04] "GET /api/status HTTP/1.1" 200 -
23:32:12 [INFO    ] werkzeug — 127.0.0.1 - - [18/May/2026 23:32:12] "GET /api/status HTTP/1.1" 200 -
23:32:20 [INFO    ] werkzeug — 127.0.0.1 - - [18/May/2026 23:32:20] "GET /api/status HTTP/1.1" 200 -
23:32:28 [INFO    ] werkzeug — 127.0.0.1 - - [18/May/2026 23:32:28] "GET /api/status HTTP/1.1" 200 -
23:32:36 [INFO    ] werkzeug — 127.0.0.1 - - [18/May/2026 23:32:36] "GET /api/status HTTP/1.1" 200 -
23:32:44 [INFO    ] werkzeug — 127.0.0.1 - - [18/May/2026 23:32:44] "GET /api/status HTTP/1.1" 200 -
23:33:30 [INFO    ] werkzeug — 127.0.0.1 - - [18/May/2026 23:33:30] "GET /api/status HTTP/1.1" 200 -
23:34:30 [INFO    ] werkzeug — 127.0.0.1 - - [18/May/2026 23:34:30] "GET /api/status HTTP/1.1" 200 -
23:35:30 [INFO    ] werkzeug — 127.0.0.1 - - [18/May/2026 23:35:30] "GET /api/status HTTP/1.1" 200 -
23:36:30 [INFO    ] werkzeug — 127.0.0.1 - - [18/May/2026 23:36:30] "GET /api/status HTTP/1.1" 200 -
23:37:30 [INFO    ] werkzeug — 127.0.0.1 - - [18/May/2026 23:37:30] "GET /api/status HTTP/1.1" 200 -
23:38:13 [INFO    ] werkzeug — 127.0.0.1 - - [18/May/2026 23:38:13] "GET /api/status HTTP/1.1" 200 -
23:38:20 [INFO    ] werkzeug — 127.0.0.1 - - [18/May/2026 23:38:20] "GET /api/status HTTP/1.1" 200 -
23:38:28 [INFO    ] werkzeug — 127.0.0.1 - - [18/May/2026 23:38:28] "GET /api/status HTTP/1.1" 200 -
23:38:36 [INFO    ] werkzeug — 127.0.0.1 - - [18/May/2026 23:38:36] "GET /api/status HTTP/1.1" 200 -
23:38:44 [INFO    ] werkzeug — 127.0.0.1 - - [18/May/2026 23:38:44] "GET /api/status HTTP/1.1" 200 -
23:38:52 [INFO    ] werkzeug — 127.0.0.1 - - [18/May/2026 23:38:52] "GET /api/status HTTP/1.1" 200 -
23:39:00 [INFO    ] werkzeug — 127.0.0.1 - - [18/May/2026 23:39:00] "GET /api/status HTTP/1.1" 200 -
23:39:08 [INFO    ] werkzeug — 127.0.0.1 - - [18/May/2026 23:39:08] "GET /api/status HTTP/1.1" 200 -
23:39:30 [INFO    ] werkzeug — 127.0.0.1 - - [18/May/2026 23:39:30] "GET /api/status HTTP/1.1" 200 -
23:40:30 [INFO    ] werkzeug — 127.0.0.1 - - [18/May/2026 23:40:30] "GET /api/status HTTP/1.1" 200 -
23:40:36 [INFO    ] werkzeug — 127.0.0.1 - - [18/May/2026 23:40:36] "GET /api/status HTTP/1.1" 200 -
23:40:43 [INFO    ] werkzeug — 127.0.0.1 - - [18/May/2026 23:40:43] "GET /api/status HTTP/1.1" 200 -
23:40:51 [INFO    ] werkzeug — 127.0.0.1 - - [18/May/2026 23:40:51] "GET /api/status HTTP/1.1" 200 -
23:40:59 [INFO    ] werkzeug — 127.0.0.1 - - [18/May/2026 23:40:59] "GET /api/status HTTP/1.1" 200 -
23:41:07 [INFO    ] werkzeug — 127.0.0.1 - - [18/May/2026 23:41:07] "GET /api/status HTTP/1.1" 200 -
23:41:15 [INFO    ] werkzeug — 127.0.0.1 - - [18/May/2026 23:41:15] "GET /api/status HTTP/1.1" 200 -
23:41:23 [INFO    ] werkzeug — 127.0.0.1 - - [18/May/2026 23:41:23] "GET /api/status HTTP/1.1" 200 -
23:41:31 [INFO    ] werkzeug — 127.0.0.1 - - [18/May/2026 23:41:31] "GET /api/status HTTP/1.1" 200 -
23:41:40 [INFO    ] werkzeug — 127.0.0.1 - - [18/May/2026 23:41:40] "GET /api/status HTTP/1.1" 200 -
23:41:48 [INFO    ] werkzeug — 127.0.0.1 - - [18/May/2026 23:41:48] "GET /api/status HTTP/1.1" 200 -
23:41:56 [INFO    ] werkzeug — 127.0.0.1 - - [18/May/2026 23:41:56] "GET /api/status HTTP/1.1" 200 -
23:42:04 [INFO    ] werkzeug — 127.0.0.1 - - [18/May/2026 23:42:04] "GET /api/status HTTP/1.1" 200 -
23:42:12 [INFO    ] werkzeug — 127.0.0.1 - - [18/May/2026 23:42:12] "GET /api/status HTTP/1.1" 200 -
23:42:20 [INFO    ] werkzeug — 127.0.0.1 - - [18/May/2026 23:42:20] "GET /api/status HTTP/1.1" 200 -
23:42:28 [INFO    ] werkzeug — 127.0.0.1 - - [18/May/2026 23:42:28] "GET /api/status HTTP/1.1" 200 -
23:42:36 [INFO    ] werkzeug — 127.0.0.1 - - [18/May/2026 23:42:36] "GET /api/status HTTP/1.1" 200 -
23:43:30 [INFO    ] werkzeug — 127.0.0.1 - - [18/May/2026 23:43:30] "GET /api/status HTTP/1.1" 200 -
23:43:35 [INFO    ] clustering.kmedoids — K-Medoids: n=6, k=2, init=heuristic, max_iter=100, n_init=5
23:43:35 [DEBUG   ] clustering.kmedoids — Initial medoids: ['B3', 'A1']
23:43:35 [DEBUG   ] clustering.kmedoids —   iter 0  inertia=0.210000
23:43:35 [DEBUG   ] clustering.kmedoids —     Best swap → medoid[0]=B4  (inertia=0.200000)
23:43:35 [DEBUG   ] clustering.kmedoids —   iter 1  inertia=0.200000
23:43:35 [INFO    ] clustering.kmedoids — K-Medoids converged in 2 iteration(s).  Inertia=0.200000
23:43:35 [DEBUG   ] clustering.kmedoids —   run 1/5  init=heuristic  inertia=0.200000
23:43:35 [DEBUG   ] clustering.kmedoids — Initial medoids: ['A0', 'A2']
23:43:35 [DEBUG   ] clustering.kmedoids —   iter 0  inertia=2.710000
23:43:35 [DEBUG   ] clustering.kmedoids —     Best swap → medoid[1]=B4  (inertia=0.210000)
23:43:35 [DEBUG   ] clustering.kmedoids —   iter 1  inertia=0.210000
23:43:35 [DEBUG   ] clustering.kmedoids —     Best swap → medoid[0]=A1  (inertia=0.200000)
23:43:35 [DEBUG   ] clustering.kmedoids —   iter 2  inertia=0.200000
23:43:35 [INFO    ] clustering.kmedoids — K-Medoids converged in 3 iteration(s).  Inertia=0.200000
23:43:35 [DEBUG   ] clustering.kmedoids —   run 2/5  init=random  inertia=0.200000
23:43:35 [DEBUG   ] clustering.kmedoids — Initial medoids: ['B3', 'B4']
23:43:35 [DEBUG   ] clustering.kmedoids —   iter 0  inertia=2.720000
23:43:35 [DEBUG   ] clustering.kmedoids —     Best swap → medoid[0]=A1  (inertia=0.200000)
23:43:35 [DEBUG   ] clustering.kmedoids —   iter 1  inertia=0.200000
23:43:35 [INFO    ] clustering.kmedoids — K-Medoids converged in 2 iteration(s).  Inertia=0.200000
23:43:35 [DEBUG   ] clustering.kmedoids —   run 3/5  init=random  inertia=0.200000
23:43:35 [DEBUG   ] clustering.kmedoids — Initial medoids: ['A2', 'B3']
23:43:35 [DEBUG   ] clustering.kmedoids —   iter 0  inertia=0.230000
23:43:35 [DEBUG   ] clustering.kmedoids —     Best swap → medoid[0]=A1  (inertia=0.210000)
23:43:35 [DEBUG   ] clustering.kmedoids —   iter 1  inertia=0.210000
23:43:35 [DEBUG   ] clustering.kmedoids —     Best swap → medoid[1]=B4  (inertia=0.200000)
23:43:35 [DEBUG   ] clustering.kmedoids —   iter 2  inertia=0.200000
23:43:35 [INFO    ] clustering.kmedoids — K-Medoids converged in 3 iteration(s).  Inertia=0.200000
23:43:35 [DEBUG   ] clustering.kmedoids —   run 4/5  init=random  inertia=0.200000
23:43:35 [DEBUG   ] clustering.kmedoids — Initial medoids: ['A0', 'B3']
23:43:35 [DEBUG   ] clustering.kmedoids —   iter 0  inertia=0.220000
23:43:35 [DEBUG   ] clustering.kmedoids —     Best swap → medoid[0]=A1  (inertia=0.210000)
23:43:35 [DEBUG   ] clustering.kmedoids —   iter 1  inertia=0.210000
23:43:35 [DEBUG   ] clustering.kmedoids —     Best swap → medoid[1]=B4  (inertia=0.200000)
23:43:35 [DEBUG   ] clustering.kmedoids —   iter 2  inertia=0.200000
23:43:35 [INFO    ] clustering.kmedoids — K-Medoids converged in 3 iteration(s).  Inertia=0.200000
23:43:35 [DEBUG   ] clustering.kmedoids —   run 5/5  init=random  inertia=0.200000
23:43:35 [INFO    ] clustering.kmedoids — K-Medoids complete.  k=2, best_inertia=0.2000, n_init=5
23:43:35 [INFO    ] clustering.evaluation — Computing evaluation metrics for kmedoids result…
23:43:35 [INFO    ] clustering.evaluation — Evaluation complete.  silhouette=0.9390  inertia=0.2000
23:43:35 [INFO    ] clustering.hierarchical — HAC: n=6, k=2, linkage=average
23:43:35 [DEBUG   ] clustering.hierarchical —   Merged clusters 3+4 → 6  (dist=0.0400, size=2)
23:43:35 [DEBUG   ] clustering.hierarchical —   Merged clusters 0+1 → 7  (dist=0.0500, size=2)
23:43:35 [DEBUG   ] clustering.hierarchical —   Merged clusters 5+6 → 8  (dist=0.0550, size=3)
23:43:35 [DEBUG   ] clustering.hierarchical —   Merged clusters 2+7 → 9  (dist=0.0650, size=3)
23:43:35 [INFO    ] clustering.hierarchical — HAC complete.  Inertia=0.2000
23:43:35 [INFO    ] clustering.evaluation — Computing evaluation metrics for hierarchical result…
23:43:35 [INFO    ] clustering.evaluation — Evaluation complete.  silhouette=0.9390  inertia=0.2000
23:43:35 [INFO    ] clustering.models — Distance matrix saved -> output\clustering\_test_matrix.json  (6x6)
23:43:35 [INFO    ] clustering.models — Distance matrix loaded <- output\clustering\_test_matrix.json  (6x6)
23:43:35 [INFO    ] clustering.models — ClusterResult saved -> output\clustering\_test_result.json
23:43:35 [INFO    ] clustering.kmedoids — K-Medoids: n=6, k=1, init=heuristic, max_iter=100, n_init=5
23:43:35 [DEBUG   ] clustering.kmedoids — Initial medoids: ['B3']
23:43:35 [DEBUG   ] clustering.kmedoids —   iter 0  inertia=2.790000
23:43:35 [INFO    ] clustering.kmedoids — K-Medoids converged in 1 iteration(s).  Inertia=2.790000
23:43:35 [DEBUG   ] clustering.kmedoids —   run 1/5  init=heuristic  inertia=2.790000
23:43:35 [DEBUG   ] clustering.kmedoids — Initial medoids: ['A0']
23:43:35 [DEBUG   ] clustering.kmedoids —   iter 0  inertia=2.820000
23:43:35 [DEBUG   ] clustering.kmedoids —     Best swap → medoid[0]=B3  (inertia=2.790000)
23:43:35 [DEBUG   ] clustering.kmedoids —   iter 1  inertia=2.790000
23:43:35 [INFO    ] clustering.kmedoids — K-Medoids converged in 2 iteration(s).  Inertia=2.790000
23:43:35 [DEBUG   ] clustering.kmedoids —   run 2/5  init=random  inertia=2.790000
23:43:35 [DEBUG   ] clustering.kmedoids — Initial medoids: ['B3']
23:43:35 [DEBUG   ] clustering.kmedoids —   iter 0  inertia=2.790000
23:43:35 [INFO    ] clustering.kmedoids — K-Medoids converged in 1 iteration(s).  Inertia=2.790000
23:43:35 [DEBUG   ] clustering.kmedoids —   run 3/5  init=random  inertia=2.790000
23:43:35 [DEBUG   ] clustering.kmedoids — Initial medoids: ['A2']
23:43:35 [DEBUG   ] clustering.kmedoids —   iter 0  inertia=2.820000
23:43:35 [DEBUG   ] clustering.kmedoids —     Best swap → medoid[0]=B3  (inertia=2.790000)
23:43:35 [DEBUG   ] clustering.kmedoids —   iter 1  inertia=2.790000
23:43:35 [INFO    ] clustering.kmedoids — K-Medoids converged in 2 iteration(s).  Inertia=2.790000
23:43:35 [DEBUG   ] clustering.kmedoids —   run 4/5  init=random  inertia=2.790000
23:43:35 [DEBUG   ] clustering.kmedoids — Initial medoids: ['A0']
23:43:35 [DEBUG   ] clustering.kmedoids —   iter 0  inertia=2.820000
23:43:35 [DEBUG   ] clustering.kmedoids —     Best swap → medoid[0]=B3  (inertia=2.790000)
23:43:35 [DEBUG   ] clustering.kmedoids —   iter 1  inertia=2.790000
23:43:35 [INFO    ] clustering.kmedoids — K-Medoids converged in 2 iteration(s).  Inertia=2.790000
23:43:35 [DEBUG   ] clustering.kmedoids —   run 5/5  init=random  inertia=2.790000
23:43:35 [INFO    ] clustering.kmedoids — K-Medoids complete.  k=1, best_inertia=2.7900, n_init=5
23:44:30 [INFO    ] werkzeug — 127.0.0.1 - - [18/May/2026 23:44:30] "GET /api/status HTTP/1.1" 200 -
23:45:30 [INFO    ] werkzeug — 127.0.0.1 - - [18/May/2026 23:45:30] "GET /api/status HTTP/1.1" 200 -
23:46:30 [INFO    ] werkzeug — 127.0.0.1 - - [18/May/2026 23:46:30] "GET /api/status HTTP/1.1" 200 -
23:47:30 [INFO    ] werkzeug — 127.0.0.1 - - [18/May/2026 23:47:30] "GET /api/status HTTP/1.1" 200 -
23:48:30 [INFO    ] werkzeug — 127.0.0.1 - - [18/May/2026 23:48:30] "GET /api/status HTTP/1.1" 200 -
23:49:17 [INFO    ] clustering.distance_matrix — Loaded 25 country trees from 'preprocessed_trees'
23:49:17 [INFO    ] clustering.pipeline — 25 trees loaded.
23:49:17 [INFO    ] clustering.distance_matrix — Loading cached distance matrix from 'output/clustering/distance_matrix_demo.json'
23:49:17 [INFO    ] clustering.models — Distance matrix loaded <- output/clustering/distance_matrix_demo.json  (23x23)
23:49:17 [WARNING ] clustering.distance_matrix — Cached matrix labels differ from loaded trees — recomputing.
23:49:17 [INFO    ] clustering.distance_matrix — Computing semantic distance matrix for 25 documents (300 pairs)…
23:49:17 [INFO    ] clustering.distance_matrix — Pre-normalizing trees…
23:49:30 [INFO    ] werkzeug — 127.0.0.1 - - [18/May/2026 23:49:30] "GET /api/status HTTP/1.1" 200 -
23:49:30 [INFO    ] clustering.distance_matrix — Matrix stats: {'n': 25, 'pairs': 300, 'min': 0.186076, 'max': 0.53222, 'mean': 0.355947, 'std': 0.063347}
23:49:30 [INFO    ] clustering.models — Distance matrix saved -> output/clustering/distance_matrix_demo.json  (25x25)
23:49:30 [INFO    ] clustering.kmedoids — K-Medoids: n=25, k=5, init=heuristic, max_iter=100, n_init=5
23:49:30 [DEBUG   ] clustering.kmedoids — Initial medoids: ['Spain', 'South_Africa', 'Nigeria', 'Switzerland', 'Argentina']
23:49:30 [DEBUG   ] clustering.kmedoids —   iter 0  inertia=5.595401
23:49:30 [DEBUG   ] clustering.kmedoids —     Best swap → medoid[2]=Ghana  (inertia=5.381108)
23:49:30 [DEBUG   ] clustering.kmedoids —   iter 1  inertia=5.381108
23:49:30 [INFO    ] clustering.kmedoids — K-Medoids converged in 2 iteration(s).  Inertia=5.381108
23:49:30 [DEBUG   ] clustering.kmedoids —   run 1/5  init=heuristic  inertia=5.381108
23:49:30 [DEBUG   ] clustering.kmedoids — Initial medoids: ['Brazil', 'Ghana', 'Spain', 'Syrian_Arab_Republic', 'Colombia']
23:49:30 [DEBUG   ] clustering.kmedoids —   iter 0  inertia=5.536472
23:49:30 [DEBUG   ] clustering.kmedoids —     Best swap → medoid[0]=South_Africa  (inertia=5.390557)
23:49:30 [DEBUG   ] clustering.kmedoids —   iter 1  inertia=5.390557
23:49:30 [DEBUG   ] clustering.kmedoids —     Best swap → medoid[4]=Argentina  (inertia=5.381296)
23:49:30 [DEBUG   ] clustering.kmedoids —   iter 2  inertia=5.381296
23:49:30 [DEBUG   ] clustering.kmedoids —     Best swap → medoid[3]=Switzerland  (inertia=5.381108)
23:49:30 [DEBUG   ] clustering.kmedoids —   iter 3  inertia=5.381108
23:49:30 [INFO    ] clustering.kmedoids — K-Medoids converged in 4 iteration(s).  Inertia=5.381108
23:49:30 [DEBUG   ] clustering.kmedoids —   run 2/5  init=random  inertia=5.381108
23:49:30 [DEBUG   ] clustering.kmedoids — Initial medoids: ['Italy', 'Kenya', 'Lebanon', 'Spain', 'China']
23:49:30 [DEBUG   ] clustering.kmedoids —   iter 0  inertia=5.704763
23:49:30 [DEBUG   ] clustering.kmedoids —     Best swap → medoid[0]=Colombia  (inertia=5.461811)
23:49:30 [DEBUG   ] clustering.kmedoids —   iter 1  inertia=5.461811
23:49:30 [DEBUG   ] clustering.kmedoids —     Best swap → medoid[4]=Switzerland  (inertia=5.433252)
23:49:30 [DEBUG   ] clustering.kmedoids —   iter 2  inertia=5.433252
23:49:30 [DEBUG   ] clustering.kmedoids —     Best swap → medoid[1]=Ghana  (inertia=5.413386)
23:49:30 [DEBUG   ] clustering.kmedoids —   iter 3  inertia=5.413386
23:49:30 [DEBUG   ] clustering.kmedoids —     Best swap → medoid[2]=South_Africa  (inertia=5.390368)
23:49:30 [DEBUG   ] clustering.kmedoids —   iter 4  inertia=5.390368
23:49:30 [DEBUG   ] clustering.kmedoids —     Best swap → medoid[0]=Argentina  (inertia=5.381108)
23:49:30 [DEBUG   ] clustering.kmedoids —   iter 5  inertia=5.381108
23:49:30 [INFO    ] clustering.kmedoids — K-Medoids converged in 6 iteration(s).  Inertia=5.381108
23:49:30 [DEBUG   ] clustering.kmedoids —   run 3/5  init=random  inertia=5.381108
23:49:30 [DEBUG   ] clustering.kmedoids — Initial medoids: ['Germany', 'Italy', 'Jordan', 'Chile', 'Ghana']
23:49:30 [DEBUG   ] clustering.kmedoids —   iter 0  inertia=5.689870
23:49:30 [DEBUG   ] clustering.kmedoids —     Best swap → medoid[0]=Spain  (inertia=5.572686)
23:49:30 [DEBUG   ] clustering.kmedoids —   iter 1  inertia=5.572686
23:49:30 [DEBUG   ] clustering.kmedoids —     Best swap → medoid[2]=South_Africa  (inertia=5.467373)
23:49:30 [DEBUG   ] clustering.kmedoids —   iter 2  inertia=5.467373
23:49:30 [DEBUG   ] clustering.kmedoids —     Best swap → medoid[1]=Switzerland  (inertia=5.383486)
23:49:30 [DEBUG   ] clustering.kmedoids —   iter 3  inertia=5.383486
23:49:30 [DEBUG   ] clustering.kmedoids —     Best swap → medoid[3]=Argentina  (inertia=5.381108)
23:49:30 [DEBUG   ] clustering.kmedoids —   iter 4  inertia=5.381108
23:49:30 [INFO    ] clustering.kmedoids — K-Medoids converged in 5 iteration(s).  Inertia=5.381108
23:49:30 [DEBUG   ] clustering.kmedoids —   run 4/5  init=random  inertia=5.381108
23:49:30 [DEBUG   ] clustering.kmedoids — Initial medoids: ['Chile', 'Iraq', 'Brazil', 'Nigeria', 'France']
23:49:30 [DEBUG   ] clustering.kmedoids —   iter 0  inertia=5.768538
23:49:30 [DEBUG   ] clustering.kmedoids —     Best swap → medoid[4]=Spain  (inertia=5.616538)
23:49:30 [DEBUG   ] clustering.kmedoids —   iter 1  inertia=5.616538
23:49:30 [DEBUG   ] clustering.kmedoids —     Best swap → medoid[1]=Ghana  (inertia=5.476817)
23:49:30 [DEBUG   ] clustering.kmedoids —   iter 2  inertia=5.476817
23:49:30 [DEBUG   ] clustering.kmedoids —     Best swap → medoid[2]=South_Africa  (inertia=5.403508)
23:49:30 [DEBUG   ] clustering.kmedoids —   iter 3  inertia=5.403508
23:49:30 [DEBUG   ] clustering.kmedoids —     Best swap → medoid[3]=Switzerland  (inertia=5.383486)
23:49:30 [DEBUG   ] clustering.kmedoids —   iter 4  inertia=5.383486
23:49:30 [DEBUG   ] clustering.kmedoids —     Best swap → medoid[0]=Argentina  (inertia=5.381108)
23:49:30 [DEBUG   ] clustering.kmedoids —   iter 5  inertia=5.381108
23:49:30 [INFO    ] clustering.kmedoids — K-Medoids converged in 6 iteration(s).  Inertia=5.381108
23:49:30 [DEBUG   ] clustering.kmedoids —   run 5/5  init=random  inertia=5.381108
23:49:30 [INFO    ] clustering.kmedoids — K-Medoids complete.  k=5, best_inertia=5.3811, n_init=5
23:49:30 [INFO    ] clustering.evaluation — Computing evaluation metrics for kmedoids result…
23:49:30 [INFO    ] clustering.evaluation — Evaluation complete.  silhouette=0.0994  inertia=5.3811
23:49:30 [INFO    ] clustering.pipeline — run('kmedoids', k=5) finished in 0.06s  inertia=5.3811  silhouette=0.0994
23:49:30 [INFO    ] clustering.hierarchical — HAC: n=25, k=5, linkage=average
23:49:30 [DEBUG   ] clustering.hierarchical —   Merged clusters 5+22 → 25  (dist=0.1861, size=2)
23:49:30 [DEBUG   ] clustering.hierarchical —   Merged clusters 17+24 → 26  (dist=0.1982, size=2)
23:49:30 [DEBUG   ] clustering.hierarchical —   Merged clusters 7+8 → 27  (dist=0.2180, size=2)
23:49:30 [DEBUG   ] clustering.hierarchical —   Merged clusters 12+25 → 28  (dist=0.2207, size=3)
23:49:30 [DEBUG   ] clustering.hierarchical —   Merged clusters 9+10 → 29  (dist=0.2310, size=2)
23:49:30 [DEBUG   ] clustering.hierarchical —   Merged clusters 20+28 → 30  (dist=0.2441, size=4)
23:49:30 [DEBUG   ] clustering.hierarchical —   Merged clusters 1+4 → 31  (dist=0.2500, size=2)
23:49:30 [DEBUG   ] clustering.hierarchical —   Merged clusters 15+16 → 32  (dist=0.2547, size=2)
23:49:30 [DEBUG   ] clustering.hierarchical —   Merged clusters 0+2 → 33  (dist=0.2573, size=2)
23:49:30 [DEBUG   ] clustering.hierarchical —   Merged clusters 27+30 → 34  (dist=0.2601, size=6)
23:49:30 [DEBUG   ] clustering.hierarchical —   Merged clusters 29+32 → 35  (dist=0.2746, size=4)
23:49:30 [DEBUG   ] clustering.hierarchical —   Merged clusters 26+34 → 36  (dist=0.2840, size=8)
23:49:30 [DEBUG   ] clustering.hierarchical —   Merged clusters 31+35 → 37  (dist=0.2915, size=6)
23:49:30 [DEBUG   ] clustering.hierarchical —   Merged clusters 11+37 → 38  (dist=0.3084, size=7)
23:49:30 [DEBUG   ] clustering.hierarchical —   Merged clusters 19+38 → 39  (dist=0.3219, size=8)
23:49:30 [DEBUG   ] clustering.hierarchical —   Merged clusters 36+39 → 40  (dist=0.3262, size=16)
23:49:30 [DEBUG   ] clustering.hierarchical —   Merged clusters 14+33 → 41  (dist=0.3401, size=3)
23:49:30 [DEBUG   ] clustering.hierarchical —   Merged clusters 13+40 → 42  (dist=0.3551, size=17)
23:49:30 [DEBUG   ] clustering.hierarchical —   Merged clusters 41+42 → 43  (dist=0.3662, size=20)
23:49:30 [DEBUG   ] clustering.hierarchical —   Merged clusters 6+43 → 44  (dist=0.3807, size=21)
23:49:30 [INFO    ] clustering.hierarchical — HAC complete.  Inertia=5.7110
23:49:30 [INFO    ] clustering.evaluation — Computing evaluation metrics for hierarchical result…
23:49:30 [INFO    ] clustering.evaluation — Evaluation complete.  silhouette=0.0934  inertia=5.7110
23:49:30 [INFO    ] clustering.pipeline — run('hierarchical', k=5) finished in 0.00s  inertia=5.7110  silhouette=0.0934
23:49:53 [INFO    ] clustering.distance_matrix — Loaded 25 country trees from 'preprocessed_trees'
23:49:53 [INFO    ] clustering.pipeline — 25 trees loaded.
23:49:53 [INFO    ] clustering.distance_matrix — Loading cached distance matrix from 'output/clustering/distance_matrix_demo.json'
23:49:53 [INFO    ] clustering.models — Distance matrix loaded <- output/clustering/distance_matrix_demo.json  (25x25)
23:49:53 [INFO    ] clustering.kmedoids — K-Medoids: n=25, k=5, init=heuristic, max_iter=100, n_init=5
23:49:53 [DEBUG   ] clustering.kmedoids — Initial medoids: ['Spain', 'South_Africa', 'Nigeria', 'Switzerland', 'Argentina']
23:49:53 [DEBUG   ] clustering.kmedoids —   iter 0  inertia=5.595401
23:49:53 [DEBUG   ] clustering.kmedoids —     Best swap → medoid[2]=Ghana  (inertia=5.381108)
23:49:53 [DEBUG   ] clustering.kmedoids —   iter 1  inertia=5.381108
23:49:53 [INFO    ] clustering.kmedoids — K-Medoids converged in 2 iteration(s).  Inertia=5.381108
23:49:53 [DEBUG   ] clustering.kmedoids —   run 1/5  init=heuristic  inertia=5.381108
23:49:53 [DEBUG   ] clustering.kmedoids — Initial medoids: ['Brazil', 'Ghana', 'Spain', 'Syrian_Arab_Republic', 'Colombia']
23:49:53 [DEBUG   ] clustering.kmedoids —   iter 0  inertia=5.536472
23:49:53 [DEBUG   ] clustering.kmedoids —     Best swap → medoid[0]=South_Africa  (inertia=5.390557)
23:49:53 [DEBUG   ] clustering.kmedoids —   iter 1  inertia=5.390557
23:49:53 [DEBUG   ] clustering.kmedoids —     Best swap → medoid[4]=Argentina  (inertia=5.381296)
23:49:53 [DEBUG   ] clustering.kmedoids —   iter 2  inertia=5.381296
23:49:53 [DEBUG   ] clustering.kmedoids —     Best swap → medoid[3]=Switzerland  (inertia=5.381108)
23:49:53 [DEBUG   ] clustering.kmedoids —   iter 3  inertia=5.381108
23:49:53 [INFO    ] clustering.kmedoids — K-Medoids converged in 4 iteration(s).  Inertia=5.381108
23:49:53 [DEBUG   ] clustering.kmedoids —   run 2/5  init=random  inertia=5.381108
23:49:53 [DEBUG   ] clustering.kmedoids — Initial medoids: ['Italy', 'Kenya', 'Lebanon', 'Spain', 'China']
23:49:53 [DEBUG   ] clustering.kmedoids —   iter 0  inertia=5.704763
23:49:53 [DEBUG   ] clustering.kmedoids —     Best swap → medoid[0]=Colombia  (inertia=5.461811)
23:49:53 [DEBUG   ] clustering.kmedoids —   iter 1  inertia=5.461811
23:49:53 [DEBUG   ] clustering.kmedoids —     Best swap → medoid[4]=Switzerland  (inertia=5.433252)
23:49:53 [DEBUG   ] clustering.kmedoids —   iter 2  inertia=5.433252
23:49:53 [DEBUG   ] clustering.kmedoids —     Best swap → medoid[1]=Ghana  (inertia=5.413386)
23:49:53 [DEBUG   ] clustering.kmedoids —   iter 3  inertia=5.413386
23:49:53 [DEBUG   ] clustering.kmedoids —     Best swap → medoid[2]=South_Africa  (inertia=5.390368)
23:49:53 [DEBUG   ] clustering.kmedoids —   iter 4  inertia=5.390368
23:49:53 [DEBUG   ] clustering.kmedoids —     Best swap → medoid[0]=Argentina  (inertia=5.381108)
23:49:53 [DEBUG   ] clustering.kmedoids —   iter 5  inertia=5.381108
23:49:53 [INFO    ] clustering.kmedoids — K-Medoids converged in 6 iteration(s).  Inertia=5.381108
23:49:53 [DEBUG   ] clustering.kmedoids —   run 3/5  init=random  inertia=5.381108
23:49:53 [DEBUG   ] clustering.kmedoids — Initial medoids: ['Germany', 'Italy', 'Jordan', 'Chile', 'Ghana']
23:49:53 [DEBUG   ] clustering.kmedoids —   iter 0  inertia=5.689870
23:49:53 [DEBUG   ] clustering.kmedoids —     Best swap → medoid[0]=Spain  (inertia=5.572686)
23:49:53 [DEBUG   ] clustering.kmedoids —   iter 1  inertia=5.572686
23:49:53 [DEBUG   ] clustering.kmedoids —     Best swap → medoid[2]=South_Africa  (inertia=5.467373)
23:49:53 [DEBUG   ] clustering.kmedoids —   iter 2  inertia=5.467373
23:49:53 [DEBUG   ] clustering.kmedoids —     Best swap → medoid[1]=Switzerland  (inertia=5.383486)
23:49:53 [DEBUG   ] clustering.kmedoids —   iter 3  inertia=5.383486
23:49:53 [DEBUG   ] clustering.kmedoids —     Best swap → medoid[3]=Argentina  (inertia=5.381108)
23:49:53 [DEBUG   ] clustering.kmedoids —   iter 4  inertia=5.381108
23:49:53 [INFO    ] clustering.kmedoids — K-Medoids converged in 5 iteration(s).  Inertia=5.381108
23:49:53 [DEBUG   ] clustering.kmedoids —   run 4/5  init=random  inertia=5.381108
23:49:53 [DEBUG   ] clustering.kmedoids — Initial medoids: ['Chile', 'Iraq', 'Brazil', 'Nigeria', 'France']
23:49:53 [DEBUG   ] clustering.kmedoids —   iter 0  inertia=5.768538
23:49:53 [DEBUG   ] clustering.kmedoids —     Best swap → medoid[4]=Spain  (inertia=5.616538)
23:49:53 [DEBUG   ] clustering.kmedoids —   iter 1  inertia=5.616538
23:49:53 [DEBUG   ] clustering.kmedoids —     Best swap → medoid[1]=Ghana  (inertia=5.476817)
23:49:53 [DEBUG   ] clustering.kmedoids —   iter 2  inertia=5.476817
23:49:53 [DEBUG   ] clustering.kmedoids —     Best swap → medoid[2]=South_Africa  (inertia=5.403508)
23:49:53 [DEBUG   ] clustering.kmedoids —   iter 3  inertia=5.403508
23:49:53 [DEBUG   ] clustering.kmedoids —     Best swap → medoid[3]=Switzerland  (inertia=5.383486)
23:49:53 [DEBUG   ] clustering.kmedoids —   iter 4  inertia=5.383486
23:49:53 [DEBUG   ] clustering.kmedoids —     Best swap → medoid[0]=Argentina  (inertia=5.381108)
23:49:53 [DEBUG   ] clustering.kmedoids —   iter 5  inertia=5.381108
23:49:53 [INFO    ] clustering.kmedoids — K-Medoids converged in 6 iteration(s).  Inertia=5.381108
23:49:53 [DEBUG   ] clustering.kmedoids —   run 5/5  init=random  inertia=5.381108
23:49:53 [INFO    ] clustering.kmedoids — K-Medoids complete.  k=5, best_inertia=5.3811, n_init=5
23:49:53 [INFO    ] clustering.evaluation — Computing evaluation metrics for kmedoids result…
23:49:53 [INFO    ] clustering.evaluation — Evaluation complete.  silhouette=0.0994  inertia=5.3811
23:49:53 [INFO    ] clustering.pipeline — run('kmedoids', k=5) finished in 0.06s  inertia=5.3811  silhouette=0.0994
23:49:53 [INFO    ] clustering.hierarchical — HAC: n=25, k=5, linkage=average
23:49:53 [DEBUG   ] clustering.hierarchical —   Merged clusters 5+22 → 25  (dist=0.1861, size=2)
23:49:53 [DEBUG   ] clustering.hierarchical —   Merged clusters 17+24 → 26  (dist=0.1982, size=2)
23:49:53 [DEBUG   ] clustering.hierarchical —   Merged clusters 7+8 → 27  (dist=0.2180, size=2)
23:49:53 [DEBUG   ] clustering.hierarchical —   Merged clusters 12+25 → 28  (dist=0.2207, size=3)
23:49:53 [DEBUG   ] clustering.hierarchical —   Merged clusters 9+10 → 29  (dist=0.2310, size=2)
23:49:53 [DEBUG   ] clustering.hierarchical —   Merged clusters 20+28 → 30  (dist=0.2441, size=4)
23:49:53 [DEBUG   ] clustering.hierarchical —   Merged clusters 1+4 → 31  (dist=0.2500, size=2)
23:49:53 [DEBUG   ] clustering.hierarchical —   Merged clusters 15+16 → 32  (dist=0.2547, size=2)
23:49:53 [DEBUG   ] clustering.hierarchical —   Merged clusters 0+2 → 33  (dist=0.2573, size=2)
23:49:53 [DEBUG   ] clustering.hierarchical —   Merged clusters 27+30 → 34  (dist=0.2601, size=6)
23:49:53 [DEBUG   ] clustering.hierarchical —   Merged clusters 29+32 → 35  (dist=0.2746, size=4)
23:49:53 [DEBUG   ] clustering.hierarchical —   Merged clusters 26+34 → 36  (dist=0.2840, size=8)
23:49:53 [DEBUG   ] clustering.hierarchical —   Merged clusters 31+35 → 37  (dist=0.2915, size=6)
23:49:53 [DEBUG   ] clustering.hierarchical —   Merged clusters 11+37 → 38  (dist=0.3084, size=7)
23:49:53 [DEBUG   ] clustering.hierarchical —   Merged clusters 19+38 → 39  (dist=0.3219, size=8)
23:49:53 [DEBUG   ] clustering.hierarchical —   Merged clusters 36+39 → 40  (dist=0.3262, size=16)
23:49:53 [DEBUG   ] clustering.hierarchical —   Merged clusters 14+33 → 41  (dist=0.3401, size=3)
23:49:53 [DEBUG   ] clustering.hierarchical —   Merged clusters 13+40 → 42  (dist=0.3551, size=17)
23:49:53 [DEBUG   ] clustering.hierarchical —   Merged clusters 41+42 → 43  (dist=0.3662, size=20)
23:49:53 [DEBUG   ] clustering.hierarchical —   Merged clusters 6+43 → 44  (dist=0.3807, size=21)
23:49:53 [INFO    ] clustering.hierarchical — HAC complete.  Inertia=5.7110
23:49:53 [INFO    ] clustering.evaluation — Computing evaluation metrics for hierarchical result…
23:49:53 [INFO    ] clustering.evaluation — Evaluation complete.  silhouette=0.0934  inertia=5.7110
23:49:53 [INFO    ] clustering.pipeline — run('hierarchical', k=5) finished in 0.00s  inertia=5.7110  silhouette=0.0934
23:49:53 [INFO    ] clustering.models — ClusterResult saved -> output/clustering\kmedoids_k5_demo.json
23:49:53 [INFO    ] clustering.models — ClusterResult saved -> output/clustering\hierarchical_k5_demo.json
23:50:30 [INFO    ] werkzeug — 127.0.0.1 - - [18/May/2026 23:50:30] "GET /api/status HTTP/1.1" 200 -
23:51:30 [INFO    ] werkzeug — 127.0.0.1 - - [18/May/2026 23:51:30] "GET /api/status HTTP/1.1" 200 -
23:52:30 [INFO    ] werkzeug — 127.0.0.1 - - [18/May/2026 23:52:30] "GET /api/status HTTP/1.1" 200 -
23:52:35 [INFO    ] clustering.kmedoids — K-Medoids: n=6, k=2, init=heuristic, max_iter=100, n_init=5
23:52:35 [DEBUG   ] clustering.kmedoids — Initial medoids: ['B3', 'A1']
23:52:35 [DEBUG   ] clustering.kmedoids —   iter 0  inertia=0.210000
23:52:35 [DEBUG   ] clustering.kmedoids —     Best swap → medoid[0]=B4  (inertia=0.200000)
23:52:35 [DEBUG   ] clustering.kmedoids —   iter 1  inertia=0.200000
23:52:35 [INFO    ] clustering.kmedoids — K-Medoids converged in 2 iteration(s).  Inertia=0.200000
23:52:35 [DEBUG   ] clustering.kmedoids —   run 1/5  init=heuristic  inertia=0.200000
23:52:35 [DEBUG   ] clustering.kmedoids — Initial medoids: ['A0', 'A2']
23:52:35 [DEBUG   ] clustering.kmedoids —   iter 0  inertia=2.710000
23:52:35 [DEBUG   ] clustering.kmedoids —     Best swap → medoid[1]=B4  (inertia=0.210000)
23:52:35 [DEBUG   ] clustering.kmedoids —   iter 1  inertia=0.210000
23:52:35 [DEBUG   ] clustering.kmedoids —     Best swap → medoid[0]=A1  (inertia=0.200000)
23:52:35 [DEBUG   ] clustering.kmedoids —   iter 2  inertia=0.200000
23:52:35 [INFO    ] clustering.kmedoids — K-Medoids converged in 3 iteration(s).  Inertia=0.200000
23:52:35 [DEBUG   ] clustering.kmedoids —   run 2/5  init=random  inertia=0.200000
23:52:35 [DEBUG   ] clustering.kmedoids — Initial medoids: ['B3', 'B4']
23:52:35 [DEBUG   ] clustering.kmedoids —   iter 0  inertia=2.720000
23:52:35 [DEBUG   ] clustering.kmedoids —     Best swap → medoid[0]=A1  (inertia=0.200000)
23:52:35 [DEBUG   ] clustering.kmedoids —   iter 1  inertia=0.200000
23:52:35 [INFO    ] clustering.kmedoids — K-Medoids converged in 2 iteration(s).  Inertia=0.200000
23:52:35 [DEBUG   ] clustering.kmedoids —   run 3/5  init=random  inertia=0.200000
23:52:35 [DEBUG   ] clustering.kmedoids — Initial medoids: ['A2', 'B3']
23:52:35 [DEBUG   ] clustering.kmedoids —   iter 0  inertia=0.230000
23:52:35 [DEBUG   ] clustering.kmedoids —     Best swap → medoid[0]=A1  (inertia=0.210000)
23:52:35 [DEBUG   ] clustering.kmedoids —   iter 1  inertia=0.210000
23:52:35 [DEBUG   ] clustering.kmedoids —     Best swap → medoid[1]=B4  (inertia=0.200000)
23:52:35 [DEBUG   ] clustering.kmedoids —   iter 2  inertia=0.200000
23:52:35 [INFO    ] clustering.kmedoids — K-Medoids converged in 3 iteration(s).  Inertia=0.200000
23:52:35 [DEBUG   ] clustering.kmedoids —   run 4/5  init=random  inertia=0.200000
23:52:35 [DEBUG   ] clustering.kmedoids — Initial medoids: ['A0', 'B3']
23:52:35 [DEBUG   ] clustering.kmedoids —   iter 0  inertia=0.220000
23:52:35 [DEBUG   ] clustering.kmedoids —     Best swap → medoid[0]=A1  (inertia=0.210000)
23:52:35 [DEBUG   ] clustering.kmedoids —   iter 1  inertia=0.210000
23:52:35 [DEBUG   ] clustering.kmedoids —     Best swap → medoid[1]=B4  (inertia=0.200000)
23:52:35 [DEBUG   ] clustering.kmedoids —   iter 2  inertia=0.200000
23:52:35 [INFO    ] clustering.kmedoids — K-Medoids converged in 3 iteration(s).  Inertia=0.200000
23:52:35 [DEBUG   ] clustering.kmedoids —   run 5/5  init=random  inertia=0.200000
23:52:35 [INFO    ] clustering.kmedoids — K-Medoids complete.  k=2, best_inertia=0.2000, n_init=5
23:52:35 [INFO    ] clustering.evaluation — Computing evaluation metrics for kmedoids result…
23:52:35 [INFO    ] clustering.evaluation — Evaluation complete.  silhouette=0.9390  inertia=0.2000
23:52:35 [INFO    ] clustering.hierarchical — HAC: n=6, k=2, linkage=average
23:52:35 [DEBUG   ] clustering.hierarchical —   Merged clusters 3+4 → 6  (dist=0.0400, size=2)
23:52:35 [DEBUG   ] clustering.hierarchical —   Merged clusters 0+1 → 7  (dist=0.0500, size=2)
23:52:35 [DEBUG   ] clustering.hierarchical —   Merged clusters 5+6 → 8  (dist=0.0550, size=3)
23:52:35 [DEBUG   ] clustering.hierarchical —   Merged clusters 2+7 → 9  (dist=0.0650, size=3)
23:52:35 [INFO    ] clustering.hierarchical — HAC complete.  Inertia=0.2000
23:52:35 [INFO    ] clustering.evaluation — Computing evaluation metrics for hierarchical result…
23:52:35 [INFO    ] clustering.evaluation — Evaluation complete.  silhouette=0.9390  inertia=0.2000
23:52:35 [INFO    ] clustering.models — Distance matrix saved -> output\clustering\_test_matrix.json  (6x6)
23:52:35 [INFO    ] clustering.models — Distance matrix loaded <- output\clustering\_test_matrix.json  (6x6)
23:52:35 [INFO    ] clustering.models — ClusterResult saved -> output\clustering\_test_result.json
23:52:35 [INFO    ] clustering.kmedoids — K-Medoids: n=6, k=1, init=heuristic, max_iter=100, n_init=5
23:52:35 [DEBUG   ] clustering.kmedoids — Initial medoids: ['B3']
23:52:35 [DEBUG   ] clustering.kmedoids —   iter 0  inertia=2.790000
23:52:35 [INFO    ] clustering.kmedoids — K-Medoids converged in 1 iteration(s).  Inertia=2.790000
23:52:35 [DEBUG   ] clustering.kmedoids —   run 1/5  init=heuristic  inertia=2.790000
23:52:35 [DEBUG   ] clustering.kmedoids — Initial medoids: ['A0']
23:52:35 [DEBUG   ] clustering.kmedoids —   iter 0  inertia=2.820000
23:52:35 [DEBUG   ] clustering.kmedoids —     Best swap → medoid[0]=B3  (inertia=2.790000)
23:52:35 [DEBUG   ] clustering.kmedoids —   iter 1  inertia=2.790000
23:52:35 [INFO    ] clustering.kmedoids — K-Medoids converged in 2 iteration(s).  Inertia=2.790000
23:52:35 [DEBUG   ] clustering.kmedoids —   run 2/5  init=random  inertia=2.790000
23:52:35 [DEBUG   ] clustering.kmedoids — Initial medoids: ['B3']
23:52:35 [DEBUG   ] clustering.kmedoids —   iter 0  inertia=2.790000
23:52:35 [INFO    ] clustering.kmedoids — K-Medoids converged in 1 iteration(s).  Inertia=2.790000
23:52:35 [DEBUG   ] clustering.kmedoids —   run 3/5  init=random  inertia=2.790000
23:52:35 [DEBUG   ] clustering.kmedoids — Initial medoids: ['A2']
23:52:35 [DEBUG   ] clustering.kmedoids —   iter 0  inertia=2.820000
23:52:35 [DEBUG   ] clustering.kmedoids —     Best swap → medoid[0]=B3  (inertia=2.790000)
23:52:35 [DEBUG   ] clustering.kmedoids —   iter 1  inertia=2.790000
23:52:35 [INFO    ] clustering.kmedoids — K-Medoids converged in 2 iteration(s).  Inertia=2.790000
23:52:35 [DEBUG   ] clustering.kmedoids —   run 4/5  init=random  inertia=2.790000
23:52:35 [DEBUG   ] clustering.kmedoids — Initial medoids: ['A0']
23:52:35 [DEBUG   ] clustering.kmedoids —   iter 0  inertia=2.820000
23:52:35 [DEBUG   ] clustering.kmedoids —     Best swap → medoid[0]=B3  (inertia=2.790000)
23:52:35 [DEBUG   ] clustering.kmedoids —   iter 1  inertia=2.790000
23:52:35 [INFO    ] clustering.kmedoids — K-Medoids converged in 2 iteration(s).  Inertia=2.790000
23:52:35 [DEBUG   ] clustering.kmedoids —   run 5/5  init=random  inertia=2.790000
23:52:35 [INFO    ] clustering.kmedoids — K-Medoids complete.  k=1, best_inertia=2.7900, n_init=5
23:52:41 [INFO    ] clustering.distance_matrix — Loaded 25 country trees from 'preprocessed_trees'
23:52:41 [INFO    ] clustering.pipeline — 25 trees loaded.
23:52:41 [INFO    ] clustering.distance_matrix — Loading cached distance matrix from 'output/clustering/distance_matrix_demo.json'
23:52:41 [INFO    ] clustering.models — Distance matrix loaded <- output/clustering/distance_matrix_demo.json  (25x25)
23:52:41 [INFO    ] clustering.kmedoids — K-Medoids: n=25, k=5, init=heuristic, max_iter=100, n_init=5
23:52:41 [DEBUG   ] clustering.kmedoids — Initial medoids: ['Spain', 'South_Africa', 'Nigeria', 'Switzerland', 'Argentina']
23:52:41 [DEBUG   ] clustering.kmedoids —   iter 0  inertia=5.595401
23:52:41 [DEBUG   ] clustering.kmedoids —     Best swap → medoid[2]=Ghana  (inertia=5.381108)
23:52:41 [DEBUG   ] clustering.kmedoids —   iter 1  inertia=5.381108
23:52:41 [INFO    ] clustering.kmedoids — K-Medoids converged in 2 iteration(s).  Inertia=5.381108
23:52:41 [DEBUG   ] clustering.kmedoids —   run 1/5  init=heuristic  inertia=5.381108
23:52:41 [DEBUG   ] clustering.kmedoids — Initial medoids: ['Brazil', 'Ghana', 'Spain', 'Syrian_Arab_Republic', 'Colombia']
23:52:41 [DEBUG   ] clustering.kmedoids —   iter 0  inertia=5.536472
23:52:41 [DEBUG   ] clustering.kmedoids —     Best swap → medoid[0]=South_Africa  (inertia=5.390557)
23:52:41 [DEBUG   ] clustering.kmedoids —   iter 1  inertia=5.390557
23:52:41 [DEBUG   ] clustering.kmedoids —     Best swap → medoid[4]=Argentina  (inertia=5.381296)
23:52:41 [DEBUG   ] clustering.kmedoids —   iter 2  inertia=5.381296
23:52:41 [DEBUG   ] clustering.kmedoids —     Best swap → medoid[3]=Switzerland  (inertia=5.381108)
23:52:41 [DEBUG   ] clustering.kmedoids —   iter 3  inertia=5.381108
23:52:41 [INFO    ] clustering.kmedoids — K-Medoids converged in 4 iteration(s).  Inertia=5.381108
23:52:41 [DEBUG   ] clustering.kmedoids —   run 2/5  init=random  inertia=5.381108
23:52:41 [DEBUG   ] clustering.kmedoids — Initial medoids: ['Italy', 'Kenya', 'Lebanon', 'Spain', 'China']
23:52:41 [DEBUG   ] clustering.kmedoids —   iter 0  inertia=5.704763
23:52:41 [DEBUG   ] clustering.kmedoids —     Best swap → medoid[0]=Colombia  (inertia=5.461811)
23:52:41 [DEBUG   ] clustering.kmedoids —   iter 1  inertia=5.461811
23:52:41 [DEBUG   ] clustering.kmedoids —     Best swap → medoid[4]=Switzerland  (inertia=5.433252)
23:52:41 [DEBUG   ] clustering.kmedoids —   iter 2  inertia=5.433252
23:52:41 [DEBUG   ] clustering.kmedoids —     Best swap → medoid[1]=Ghana  (inertia=5.413386)
23:52:41 [DEBUG   ] clustering.kmedoids —   iter 3  inertia=5.413386
23:52:41 [DEBUG   ] clustering.kmedoids —     Best swap → medoid[2]=South_Africa  (inertia=5.390368)
23:52:41 [DEBUG   ] clustering.kmedoids —   iter 4  inertia=5.390368
23:52:41 [DEBUG   ] clustering.kmedoids —     Best swap → medoid[0]=Argentina  (inertia=5.381108)
23:52:41 [DEBUG   ] clustering.kmedoids —   iter 5  inertia=5.381108
23:52:41 [INFO    ] clustering.kmedoids — K-Medoids converged in 6 iteration(s).  Inertia=5.381108
23:52:41 [DEBUG   ] clustering.kmedoids —   run 3/5  init=random  inertia=5.381108
23:52:41 [DEBUG   ] clustering.kmedoids — Initial medoids: ['Germany', 'Italy', 'Jordan', 'Chile', 'Ghana']
23:52:41 [DEBUG   ] clustering.kmedoids —   iter 0  inertia=5.689870
23:52:41 [DEBUG   ] clustering.kmedoids —     Best swap → medoid[0]=Spain  (inertia=5.572686)
23:52:41 [DEBUG   ] clustering.kmedoids —   iter 1  inertia=5.572686
23:52:41 [DEBUG   ] clustering.kmedoids —     Best swap → medoid[2]=South_Africa  (inertia=5.467373)
23:52:41 [DEBUG   ] clustering.kmedoids —   iter 2  inertia=5.467373
23:52:41 [DEBUG   ] clustering.kmedoids —     Best swap → medoid[1]=Switzerland  (inertia=5.383486)
23:52:41 [DEBUG   ] clustering.kmedoids —   iter 3  inertia=5.383486
23:52:41 [DEBUG   ] clustering.kmedoids —     Best swap → medoid[3]=Argentina  (inertia=5.381108)
23:52:41 [DEBUG   ] clustering.kmedoids —   iter 4  inertia=5.381108
23:52:41 [INFO    ] clustering.kmedoids — K-Medoids converged in 5 iteration(s).  Inertia=5.381108
23:52:41 [DEBUG   ] clustering.kmedoids —   run 4/5  init=random  inertia=5.381108
23:52:41 [DEBUG   ] clustering.kmedoids — Initial medoids: ['Chile', 'Iraq', 'Brazil', 'Nigeria', 'France']
23:52:41 [DEBUG   ] clustering.kmedoids —   iter 0  inertia=5.768538
23:52:41 [DEBUG   ] clustering.kmedoids —     Best swap → medoid[4]=Spain  (inertia=5.616538)
23:52:41 [DEBUG   ] clustering.kmedoids —   iter 1  inertia=5.616538
23:52:41 [DEBUG   ] clustering.kmedoids —     Best swap → medoid[1]=Ghana  (inertia=5.476817)
23:52:41 [DEBUG   ] clustering.kmedoids —   iter 2  inertia=5.476817
23:52:41 [DEBUG   ] clustering.kmedoids —     Best swap → medoid[2]=South_Africa  (inertia=5.403508)
23:52:41 [DEBUG   ] clustering.kmedoids —   iter 3  inertia=5.403508
23:52:41 [DEBUG   ] clustering.kmedoids —     Best swap → medoid[3]=Switzerland  (inertia=5.383486)
23:52:41 [DEBUG   ] clustering.kmedoids —   iter 4  inertia=5.383486
23:52:41 [DEBUG   ] clustering.kmedoids —     Best swap → medoid[0]=Argentina  (inertia=5.381108)
23:52:41 [DEBUG   ] clustering.kmedoids —   iter 5  inertia=5.381108
23:52:41 [INFO    ] clustering.kmedoids — K-Medoids converged in 6 iteration(s).  Inertia=5.381108
23:52:41 [DEBUG   ] clustering.kmedoids —   run 5/5  init=random  inertia=5.381108
23:52:41 [INFO    ] clustering.kmedoids — K-Medoids complete.  k=5, best_inertia=5.3811, n_init=5
23:52:41 [INFO    ] clustering.evaluation — Computing evaluation metrics for kmedoids result…
23:52:41 [INFO    ] clustering.evaluation — Evaluation complete.  silhouette=0.0994  inertia=5.3811
23:52:41 [INFO    ] clustering.pipeline — run('kmedoids', k=5) finished in 0.06s  inertia=5.3811  silhouette=0.0994
23:52:41 [INFO    ] clustering.hierarchical — HAC: n=25, k=5, linkage=average
23:52:41 [DEBUG   ] clustering.hierarchical —   Merged clusters 5+22 → 25  (dist=0.1861, size=2)
23:52:41 [DEBUG   ] clustering.hierarchical —   Merged clusters 17+24 → 26  (dist=0.1982, size=2)
23:52:41 [DEBUG   ] clustering.hierarchical —   Merged clusters 7+8 → 27  (dist=0.2180, size=2)
23:52:41 [DEBUG   ] clustering.hierarchical —   Merged clusters 12+25 → 28  (dist=0.2207, size=3)
23:52:41 [DEBUG   ] clustering.hierarchical —   Merged clusters 9+10 → 29  (dist=0.2310, size=2)
23:52:41 [DEBUG   ] clustering.hierarchical —   Merged clusters 20+28 → 30  (dist=0.2441, size=4)
23:52:41 [DEBUG   ] clustering.hierarchical —   Merged clusters 1+4 → 31  (dist=0.2500, size=2)
23:52:41 [DEBUG   ] clustering.hierarchical —   Merged clusters 15+16 → 32  (dist=0.2547, size=2)
23:52:41 [DEBUG   ] clustering.hierarchical —   Merged clusters 0+2 → 33  (dist=0.2573, size=2)
23:52:41 [DEBUG   ] clustering.hierarchical —   Merged clusters 27+30 → 34  (dist=0.2601, size=6)
23:52:41 [DEBUG   ] clustering.hierarchical —   Merged clusters 29+32 → 35  (dist=0.2746, size=4)
23:52:41 [DEBUG   ] clustering.hierarchical —   Merged clusters 26+34 → 36  (dist=0.2840, size=8)
23:52:41 [DEBUG   ] clustering.hierarchical —   Merged clusters 31+35 → 37  (dist=0.2915, size=6)
23:52:41 [DEBUG   ] clustering.hierarchical —   Merged clusters 11+37 → 38  (dist=0.3084, size=7)
23:52:41 [DEBUG   ] clustering.hierarchical —   Merged clusters 19+38 → 39  (dist=0.3219, size=8)
23:52:41 [DEBUG   ] clustering.hierarchical —   Merged clusters 36+39 → 40  (dist=0.3262, size=16)
23:52:41 [DEBUG   ] clustering.hierarchical —   Merged clusters 14+33 → 41  (dist=0.3401, size=3)
23:52:41 [DEBUG   ] clustering.hierarchical —   Merged clusters 13+40 → 42  (dist=0.3551, size=17)
23:52:41 [DEBUG   ] clustering.hierarchical —   Merged clusters 41+42 → 43  (dist=0.3662, size=20)
23:52:41 [DEBUG   ] clustering.hierarchical —   Merged clusters 6+43 → 44  (dist=0.3807, size=21)
23:52:41 [INFO    ] clustering.hierarchical — HAC complete.  Inertia=5.7110
23:52:41 [INFO    ] clustering.evaluation — Computing evaluation metrics for hierarchical result…
23:52:41 [INFO    ] clustering.evaluation — Evaluation complete.  silhouette=0.0934  inertia=5.7110
23:52:41 [INFO    ] clustering.pipeline — run('hierarchical', k=5) finished in 0.00s  inertia=5.7110  silhouette=0.0934
23:52:41 [INFO    ] clustering.models — ClusterResult saved -> output/clustering\kmedoids_k5_demo.json
23:52:41 [INFO    ] clustering.models — ClusterResult saved -> output/clustering\hierarchical_k5_demo.json
23:52:58 [INFO    ] clustering.distance_matrix — Loaded 25 country trees from 'preprocessed_trees'
23:52:58 [INFO    ] clustering.pipeline — 25 trees loaded.
23:52:58 [INFO    ] clustering.distance_matrix — Computing semantic distance matrix for 25 documents (300 pairs)…
23:52:58 [INFO    ] clustering.distance_matrix — Pre-normalizing trees…
23:53:10 [INFO    ] clustering.distance_matrix — Matrix stats: {'n': 25, 'pairs': 300, 'min': 0.122733, 'max': 0.502921, 'mean': 0.339054, 'std': 0.06494}
23:53:10 [INFO    ] clustering.models — Distance matrix saved -> output/clustering/distance_matrix_demo.json  (25x25)
23:53:10 [INFO    ] clustering.kmedoids — K-Medoids: n=25, k=5, init=heuristic, max_iter=100, n_init=5
23:53:10 [DEBUG   ] clustering.kmedoids — Initial medoids: ['Republic_of_Korea', 'South_Africa', 'Nigeria', 'Switzerland', 'Argentina']
23:53:10 [DEBUG   ] clustering.kmedoids —   iter 0  inertia=5.216544
23:53:10 [DEBUG   ] clustering.kmedoids —     Best swap → medoid[2]=Japan  (inertia=5.120537)
23:53:10 [DEBUG   ] clustering.kmedoids —   iter 1  inertia=5.120537
23:53:10 [DEBUG   ] clustering.kmedoids —     Best swap → medoid[3]=Ghana  (inertia=5.082887)
23:53:10 [DEBUG   ] clustering.kmedoids —   iter 2  inertia=5.082887
23:53:10 [DEBUG   ] clustering.kmedoids —     Best swap → medoid[4]=Chile  (inertia=5.069293)
23:53:10 [DEBUG   ] clustering.kmedoids —   iter 3  inertia=5.069293
23:53:10 [INFO    ] clustering.kmedoids — K-Medoids converged in 4 iteration(s).  Inertia=5.069293
23:53:10 [DEBUG   ] clustering.kmedoids —   run 1/5  init=heuristic  inertia=5.069293
23:53:10 [DEBUG   ] clustering.kmedoids — Initial medoids: ['Brazil', 'Ghana', 'Spain', 'Syrian_Arab_Republic', 'Colombia']
23:53:10 [DEBUG   ] clustering.kmedoids —   iter 0  inertia=5.215266
23:53:10 [DEBUG   ] clustering.kmedoids —     Best swap → medoid[0]=South_Africa  (inertia=5.071168)
23:53:10 [DEBUG   ] clustering.kmedoids —   iter 1  inertia=5.071168
23:53:10 [DEBUG   ] clustering.kmedoids —     Best swap → medoid[4]=Chile  (inertia=5.060899)
23:53:10 [DEBUG   ] clustering.kmedoids —   iter 2  inertia=5.060899
23:53:10 [DEBUG   ] clustering.kmedoids —     Best swap → medoid[3]=Switzerland  (inertia=5.059955)
23:53:10 [DEBUG   ] clustering.kmedoids —   iter 3  inertia=5.059955
23:53:10 [INFO    ] clustering.kmedoids — K-Medoids converged in 4 iteration(s).  Inertia=5.059955
23:53:10 [DEBUG   ] clustering.kmedoids —   run 2/5  init=random  inertia=5.059955
23:53:10 [DEBUG   ] clustering.kmedoids — Initial medoids: ['Italy', 'Kenya', 'Lebanon', 'Spain', 'China']
23:53:10 [DEBUG   ] clustering.kmedoids —   iter 0  inertia=5.379721
23:53:10 [DEBUG   ] clustering.kmedoids —     Best swap → medoid[0]=Colombia  (inertia=5.180409)
23:53:10 [DEBUG   ] clustering.kmedoids —   iter 1  inertia=5.180409
23:53:10 [DEBUG   ] clustering.kmedoids —     Best swap → medoid[4]=Switzerland  (inertia=5.135932)
23:53:10 [DEBUG   ] clustering.kmedoids —   iter 2  inertia=5.135932
23:53:10 [DEBUG   ] clustering.kmedoids —     Best swap → medoid[1]=Ghana  (inertia=5.092647)
23:53:10 [DEBUG   ] clustering.kmedoids —   iter 3  inertia=5.092647
23:53:10 [DEBUG   ] clustering.kmedoids —     Best swap → medoid[2]=South_Africa  (inertia=5.070223)
23:53:10 [DEBUG   ] clustering.kmedoids —   iter 4  inertia=5.070223
23:53:10 [DEBUG   ] clustering.kmedoids —     Best swap → medoid[0]=Chile  (inertia=5.059955)
23:53:10 [DEBUG   ] clustering.kmedoids —   iter 5  inertia=5.059955
23:53:10 [INFO    ] clustering.kmedoids — K-Medoids converged in 6 iteration(s).  Inertia=5.059955
23:53:10 [DEBUG   ] clustering.kmedoids —   run 3/5  init=random  inertia=5.059955
23:53:10 [DEBUG   ] clustering.kmedoids — Initial medoids: ['Germany', 'Italy', 'Jordan', 'Chile', 'Ghana']
23:53:10 [DEBUG   ] clustering.kmedoids —   iter 0  inertia=5.354517
23:53:10 [DEBUG   ] clustering.kmedoids —     Best swap → medoid[2]=Republic_of_Korea  (inertia=5.161531)
23:53:10 [DEBUG   ] clustering.kmedoids —   iter 1  inertia=5.161531
23:53:10 [DEBUG   ] clustering.kmedoids —     Best swap → medoid[1]=South_Africa  (inertia=5.076216)
23:53:10 [DEBUG   ] clustering.kmedoids —   iter 2  inertia=5.076216
23:53:10 [DEBUG   ] clustering.kmedoids —     Best swap → medoid[0]=Japan  (inertia=5.069293)
23:53:10 [DEBUG   ] clustering.kmedoids —   iter 3  inertia=5.069293
23:53:10 [INFO    ] clustering.kmedoids — K-Medoids converged in 4 iteration(s).  Inertia=5.069293
23:53:10 [DEBUG   ] clustering.kmedoids —   run 4/5  init=random  inertia=5.069293
23:53:10 [DEBUG   ] clustering.kmedoids — Initial medoids: ['Chile', 'Iraq', 'Brazil', 'Nigeria', 'France']
23:53:10 [DEBUG   ] clustering.kmedoids —   iter 0  inertia=5.468746
23:53:10 [DEBUG   ] clustering.kmedoids —     Best swap → medoid[2]=Ghana  (inertia=5.310435)
23:53:10 [DEBUG   ] clustering.kmedoids —   iter 1  inertia=5.310435
23:53:10 [DEBUG   ] clustering.kmedoids —     Best swap → medoid[4]=Spain  (inertia=5.188630)
23:53:10 [DEBUG   ] clustering.kmedoids —   iter 2  inertia=5.188630
23:53:10 [DEBUG   ] clustering.kmedoids —     Best swap → medoid[1]=South_Africa  (inertia=5.082587)
23:53:10 [DEBUG   ] clustering.kmedoids —   iter 3  inertia=5.082587
23:53:10 [DEBUG   ] clustering.kmedoids —     Best swap → medoid[3]=Switzerland  (inertia=5.059955)
23:53:10 [DEBUG   ] clustering.kmedoids —   iter 4  inertia=5.059955
23:53:10 [INFO    ] clustering.kmedoids — K-Medoids converged in 5 iteration(s).  Inertia=5.059955
23:53:10 [DEBUG   ] clustering.kmedoids —   run 5/5  init=random  inertia=5.059955
23:53:10 [INFO    ] clustering.kmedoids — K-Medoids complete.  k=5, best_inertia=5.0600, n_init=5
23:53:10 [INFO    ] clustering.evaluation — Computing evaluation metrics for kmedoids result…
23:53:10 [INFO    ] clustering.evaluation — Evaluation complete.  silhouette=0.1043  inertia=5.0600
23:53:10 [INFO    ] clustering.pipeline — run('kmedoids', k=5) finished in 0.06s  inertia=5.0600  silhouette=0.1043
23:53:10 [INFO    ] clustering.hierarchical — HAC: n=25, k=5, linkage=average
23:53:10 [DEBUG   ] clustering.hierarchical —   Merged clusters 8+14 → 25  (dist=0.1227, size=2)
23:53:10 [DEBUG   ] clustering.hierarchical —   Merged clusters 5+22 → 26  (dist=0.1746, size=2)
23:53:10 [DEBUG   ] clustering.hierarchical —   Merged clusters 17+24 → 27  (dist=0.1982, size=2)
23:53:10 [DEBUG   ] clustering.hierarchical —   Merged clusters 20+26 → 28  (dist=0.2043, size=3)
23:53:10 [DEBUG   ] clustering.hierarchical —   Merged clusters 7+25 → 29  (dist=0.2081, size=3)
23:53:10 [DEBUG   ] clustering.hierarchical —   Merged clusters 12+28 → 30  (dist=0.2151, size=4)
23:53:10 [DEBUG   ] clustering.hierarchical —   Merged clusters 9+16 → 31  (dist=0.2205, size=2)
23:53:10 [DEBUG   ] clustering.hierarchical —   Merged clusters 0+2 → 32  (dist=0.2328, size=2)
23:53:10 [DEBUG   ] clustering.hierarchical —   Merged clusters 15+30 → 33  (dist=0.2459, size=5)
23:53:10 [DEBUG   ] clustering.hierarchical —   Merged clusters 1+4 → 34  (dist=0.2500, size=2)
23:53:10 [DEBUG   ] clustering.hierarchical —   Merged clusters 10+31 → 35  (dist=0.2509, size=3)
23:53:10 [DEBUG   ] clustering.hierarchical —   Merged clusters 19+32 → 36  (dist=0.2606, size=3)
23:53:10 [DEBUG   ] clustering.hierarchical —   Merged clusters 29+33 → 37  (dist=0.2642, size=8)
23:53:10 [DEBUG   ] clustering.hierarchical —   Merged clusters 27+37 → 38  (dist=0.2808, size=10)
23:53:10 [DEBUG   ] clustering.hierarchical —   Merged clusters 34+36 → 39  (dist=0.2848, size=5)
23:53:10 [DEBUG   ] clustering.hierarchical —   Merged clusters 11+35 → 40  (dist=0.3050, size=4)
23:53:10 [DEBUG   ] clustering.hierarchical —   Merged clusters 39+40 → 41  (dist=0.3105, size=9)
23:53:10 [DEBUG   ] clustering.hierarchical —   Merged clusters 38+41 → 42  (dist=0.3247, size=19)
23:53:10 [DEBUG   ] clustering.hierarchical —   Merged clusters 13+42 → 43  (dist=0.3541, size=20)
23:53:10 [DEBUG   ] clustering.hierarchical —   Merged clusters 6+43 → 44  (dist=0.3609, size=21)
23:53:10 [INFO    ] clustering.hierarchical — HAC complete.  Inertia=5.3950
23:53:10 [INFO    ] clustering.evaluation — Computing evaluation metrics for hierarchical result…
23:53:10 [INFO    ] clustering.evaluation — Evaluation complete.  silhouette=0.1103  inertia=5.3950
23:53:10 [INFO    ] clustering.pipeline — run('hierarchical', k=5) finished in 0.00s  inertia=5.3950  silhouette=0.1103
23:53:10 [INFO    ] clustering.models — ClusterResult saved -> output/clustering\kmedoids_k5_demo.json
23:53:10 [INFO    ] clustering.models — ClusterResult saved -> output/clustering\hierarchical_k5_demo.json
23:53:30 [INFO    ] werkzeug — 127.0.0.1 - - [18/May/2026 23:53:30] "GET /api/status HTTP/1.1" 200 -
23:54:30 [INFO    ] werkzeug — 127.0.0.1 - - [18/May/2026 23:54:30] "GET /api/status HTTP/1.1" 200 -
23:54:50 [INFO    ] werkzeug — 127.0.0.1 - - [18/May/2026 23:54:50] "GET /api/status HTTP/1.1" 200 -
23:54:51 [INFO    ] werkzeug — 127.0.0.1 - - [18/May/2026 23:54:51] "GET /api/status HTTP/1.1" 200 -
23:55:00 [INFO    ] werkzeug — 127.0.0.1 - - [18/May/2026 23:55:00] "GET /api/status HTTP/1.1" 200 -
23:55:08 [INFO    ] werkzeug — 127.0.0.1 - - [18/May/2026 23:55:08] "GET /api/status HTTP/1.1" 200 -
23:55:16 [INFO    ] werkzeug — 127.0.0.1 - - [18/May/2026 23:55:16] "GET /api/status HTTP/1.1" 200 -
23:55:24 [INFO    ] werkzeug — 127.0.0.1 - - [18/May/2026 23:55:24] "GET /api/status HTTP/1.1" 200 -
23:55:32 [INFO    ] werkzeug — 127.0.0.1 - - [18/May/2026 23:55:32] "GET /api/status HTTP/1.1" 200 -
23:55:40 [INFO    ] werkzeug — 127.0.0.1 - - [18/May/2026 23:55:40] "GET /api/status HTTP/1.1" 200 -
23:55:48 [INFO    ] werkzeug — 127.0.0.1 - - [18/May/2026 23:55:48] "GET /api/status HTTP/1.1" 200 -
23:56:30 [INFO    ] werkzeug — 127.0.0.1 - - [18/May/2026 23:56:30] "GET /api/status HTTP/1.1" 200 -
23:57:25 [INFO    ] clustering.kmedoids — K-Medoids: n=6, k=2, init=heuristic, max_iter=100, n_init=5
23:57:25 [DEBUG   ] clustering.kmedoids — Initial medoids: ['B3', 'A1']
23:57:25 [DEBUG   ] clustering.kmedoids —   iter 0  inertia=0.210000
23:57:25 [DEBUG   ] clustering.kmedoids —     Best swap → medoid[0]=B4  (inertia=0.200000)
23:57:25 [DEBUG   ] clustering.kmedoids —   iter 1  inertia=0.200000
23:57:25 [INFO    ] clustering.kmedoids — K-Medoids converged in 2 iteration(s).  Inertia=0.200000
23:57:25 [DEBUG   ] clustering.kmedoids —   run 1/5  init=heuristic  inertia=0.200000
23:57:25 [DEBUG   ] clustering.kmedoids — Initial medoids: ['A0', 'A2']
23:57:25 [DEBUG   ] clustering.kmedoids —   iter 0  inertia=2.710000
23:57:25 [DEBUG   ] clustering.kmedoids —     Best swap → medoid[1]=B4  (inertia=0.210000)
23:57:25 [DEBUG   ] clustering.kmedoids —   iter 1  inertia=0.210000
23:57:25 [DEBUG   ] clustering.kmedoids —     Best swap → medoid[0]=A1  (inertia=0.200000)
23:57:25 [DEBUG   ] clustering.kmedoids —   iter 2  inertia=0.200000
23:57:25 [INFO    ] clustering.kmedoids — K-Medoids converged in 3 iteration(s).  Inertia=0.200000
23:57:25 [DEBUG   ] clustering.kmedoids —   run 2/5  init=random  inertia=0.200000
23:57:25 [DEBUG   ] clustering.kmedoids — Initial medoids: ['B3', 'B4']
23:57:25 [DEBUG   ] clustering.kmedoids —   iter 0  inertia=2.720000
23:57:25 [DEBUG   ] clustering.kmedoids —     Best swap → medoid[0]=A1  (inertia=0.200000)
23:57:25 [DEBUG   ] clustering.kmedoids —   iter 1  inertia=0.200000
23:57:25 [INFO    ] clustering.kmedoids — K-Medoids converged in 2 iteration(s).  Inertia=0.200000
23:57:25 [DEBUG   ] clustering.kmedoids —   run 3/5  init=random  inertia=0.200000
23:57:25 [DEBUG   ] clustering.kmedoids — Initial medoids: ['A2', 'B3']
23:57:25 [DEBUG   ] clustering.kmedoids —   iter 0  inertia=0.230000
23:57:25 [DEBUG   ] clustering.kmedoids —     Best swap → medoid[0]=A1  (inertia=0.210000)
23:57:25 [DEBUG   ] clustering.kmedoids —   iter 1  inertia=0.210000
23:57:25 [DEBUG   ] clustering.kmedoids —     Best swap → medoid[1]=B4  (inertia=0.200000)
23:57:25 [DEBUG   ] clustering.kmedoids —   iter 2  inertia=0.200000
23:57:25 [INFO    ] clustering.kmedoids — K-Medoids converged in 3 iteration(s).  Inertia=0.200000
23:57:25 [DEBUG   ] clustering.kmedoids —   run 4/5  init=random  inertia=0.200000
23:57:25 [DEBUG   ] clustering.kmedoids — Initial medoids: ['A0', 'B3']
23:57:25 [DEBUG   ] clustering.kmedoids —   iter 0  inertia=0.220000
23:57:25 [DEBUG   ] clustering.kmedoids —     Best swap → medoid[0]=A1  (inertia=0.210000)
23:57:25 [DEBUG   ] clustering.kmedoids —   iter 1  inertia=0.210000
23:57:25 [DEBUG   ] clustering.kmedoids —     Best swap → medoid[1]=B4  (inertia=0.200000)
23:57:25 [DEBUG   ] clustering.kmedoids —   iter 2  inertia=0.200000
23:57:25 [INFO    ] clustering.kmedoids — K-Medoids converged in 3 iteration(s).  Inertia=0.200000
23:57:25 [DEBUG   ] clustering.kmedoids —   run 5/5  init=random  inertia=0.200000
23:57:25 [INFO    ] clustering.kmedoids — K-Medoids complete.  k=2, best_inertia=0.2000, n_init=5
23:57:25 [INFO    ] clustering.evaluation — Computing evaluation metrics for kmedoids result…
23:57:25 [INFO    ] clustering.evaluation — Evaluation complete.  silhouette=0.9390  inertia=0.2000
23:57:25 [INFO    ] clustering.hierarchical — HAC: n=6, k=2, linkage=average
23:57:25 [DEBUG   ] clustering.hierarchical —   Merged clusters 3+4 → 6  (dist=0.0400, size=2)
23:57:25 [DEBUG   ] clustering.hierarchical —   Merged clusters 0+1 → 7  (dist=0.0500, size=2)
23:57:25 [DEBUG   ] clustering.hierarchical —   Merged clusters 5+6 → 8  (dist=0.0550, size=3)
23:57:25 [DEBUG   ] clustering.hierarchical —   Merged clusters 2+7 → 9  (dist=0.0650, size=3)
23:57:25 [INFO    ] clustering.hierarchical — HAC complete.  Inertia=0.2000
23:57:25 [INFO    ] clustering.evaluation — Computing evaluation metrics for hierarchical result…
23:57:25 [INFO    ] clustering.evaluation — Evaluation complete.  silhouette=0.9390  inertia=0.2000
23:57:25 [INFO    ] clustering.models — Distance matrix saved -> output\clustering\_test_matrix.json  (6x6)
23:57:25 [INFO    ] clustering.models — Distance matrix loaded <- output\clustering\_test_matrix.json  (6x6)
23:57:25 [INFO    ] clustering.models — ClusterResult saved -> output\clustering\_test_result.json
23:57:25 [INFO    ] clustering.kmedoids — K-Medoids: n=6, k=1, init=heuristic, max_iter=100, n_init=5
23:57:25 [DEBUG   ] clustering.kmedoids — Initial medoids: ['B3']
23:57:25 [DEBUG   ] clustering.kmedoids —   iter 0  inertia=2.790000
23:57:25 [INFO    ] clustering.kmedoids — K-Medoids converged in 1 iteration(s).  Inertia=2.790000
23:57:25 [DEBUG   ] clustering.kmedoids —   run 1/5  init=heuristic  inertia=2.790000
23:57:25 [DEBUG   ] clustering.kmedoids — Initial medoids: ['A0']
23:57:25 [DEBUG   ] clustering.kmedoids —   iter 0  inertia=2.820000
23:57:25 [DEBUG   ] clustering.kmedoids —     Best swap → medoid[0]=B3  (inertia=2.790000)
23:57:25 [DEBUG   ] clustering.kmedoids —   iter 1  inertia=2.790000
23:57:25 [INFO    ] clustering.kmedoids — K-Medoids converged in 2 iteration(s).  Inertia=2.790000
23:57:25 [DEBUG   ] clustering.kmedoids —   run 2/5  init=random  inertia=2.790000
23:57:25 [DEBUG   ] clustering.kmedoids — Initial medoids: ['B3']
23:57:25 [DEBUG   ] clustering.kmedoids —   iter 0  inertia=2.790000
23:57:25 [INFO    ] clustering.kmedoids — K-Medoids converged in 1 iteration(s).  Inertia=2.790000
23:57:25 [DEBUG   ] clustering.kmedoids —   run 3/5  init=random  inertia=2.790000
23:57:25 [DEBUG   ] clustering.kmedoids — Initial medoids: ['A2']
23:57:25 [DEBUG   ] clustering.kmedoids —   iter 0  inertia=2.820000
23:57:25 [DEBUG   ] clustering.kmedoids —     Best swap → medoid[0]=B3  (inertia=2.790000)
23:57:25 [DEBUG   ] clustering.kmedoids —   iter 1  inertia=2.790000
23:57:25 [INFO    ] clustering.kmedoids — K-Medoids converged in 2 iteration(s).  Inertia=2.790000
23:57:25 [DEBUG   ] clustering.kmedoids —   run 4/5  init=random  inertia=2.790000
23:57:25 [DEBUG   ] clustering.kmedoids — Initial medoids: ['A0']
23:57:25 [DEBUG   ] clustering.kmedoids —   iter 0  inertia=2.820000
23:57:25 [DEBUG   ] clustering.kmedoids —     Best swap → medoid[0]=B3  (inertia=2.790000)
23:57:25 [DEBUG   ] clustering.kmedoids —   iter 1  inertia=2.790000
23:57:25 [INFO    ] clustering.kmedoids — K-Medoids converged in 2 iteration(s).  Inertia=2.790000
23:57:25 [DEBUG   ] clustering.kmedoids —   run 5/5  init=random  inertia=2.790000
23:57:25 [INFO    ] clustering.kmedoids — K-Medoids complete.  k=1, best_inertia=2.7900, n_init=5
23:57:30 [INFO    ] werkzeug — 127.0.0.1 - - [18/May/2026 23:57:30] "GET /api/status HTTP/1.1" 200 -
23:57:32 [INFO    ] clustering.distance_matrix — Loaded 25 country trees from 'preprocessed_trees'
23:57:32 [INFO    ] clustering.pipeline — 25 trees loaded.
23:57:32 [INFO    ] clustering.distance_matrix — Computing semantic distance matrix for 25 documents (300 pairs)…
23:57:32 [INFO    ] clustering.distance_matrix — Pre-normalizing trees…
23:57:39 [INFO    ] clustering.distance_matrix — Matrix stats: {'n': 25, 'pairs': 300, 'min': 0.058307, 'max': 0.450926, 'mean': 0.229471, 'std': 0.07345}
23:57:39 [INFO    ] clustering.models — Distance matrix saved -> output/clustering/distance_matrix_demo.json  (25x25)
23:57:39 [INFO    ] clustering.kmedoids — K-Medoids: n=25, k=5, init=heuristic, max_iter=100, n_init=5
23:57:39 [DEBUG   ] clustering.kmedoids — Initial medoids: ['Germany', 'South_Africa', 'Switzerland', 'Nigeria', 'Indonesia']
23:57:39 [DEBUG   ] clustering.kmedoids —   iter 0  inertia=3.017512
23:57:39 [DEBUG   ] clustering.kmedoids —     Best swap → medoid[4]=Colombia  (inertia=2.863806)
23:57:39 [DEBUG   ] clustering.kmedoids —   iter 1  inertia=2.863806
23:57:39 [DEBUG   ] clustering.kmedoids —     Best swap → medoid[3]=Ethiopia  (inertia=2.840954)
23:57:39 [DEBUG   ] clustering.kmedoids —   iter 2  inertia=2.840954
23:57:39 [INFO    ] clustering.kmedoids — K-Medoids converged in 3 iteration(s).  Inertia=2.840954
23:57:39 [DEBUG   ] clustering.kmedoids —   run 1/5  init=heuristic  inertia=2.840954
23:57:39 [DEBUG   ] clustering.kmedoids — Initial medoids: ['Brazil', 'Ghana', 'Spain', 'Syrian_Arab_Republic', 'Colombia']
23:57:39 [DEBUG   ] clustering.kmedoids —   iter 0  inertia=3.562731
23:57:39 [DEBUG   ] clustering.kmedoids —     Best swap → medoid[2]=Germany  (inertia=3.303547)
23:57:39 [DEBUG   ] clustering.kmedoids —   iter 1  inertia=3.303547
23:57:39 [DEBUG   ] clustering.kmedoids —     Best swap → medoid[3]=South_Africa  (inertia=3.078138)
23:57:39 [DEBUG   ] clustering.kmedoids —   iter 2  inertia=3.078138
23:57:39 [DEBUG   ] clustering.kmedoids —     Best swap → medoid[0]=Switzerland  (inertia=2.919513)
23:57:39 [DEBUG   ] clustering.kmedoids —   iter 3  inertia=2.919513
23:57:39 [DEBUG   ] clustering.kmedoids —     Best swap → medoid[1]=Ethiopia  (inertia=2.840954)
23:57:39 [DEBUG   ] clustering.kmedoids —   iter 4  inertia=2.840954
23:57:39 [INFO    ] clustering.kmedoids — K-Medoids converged in 5 iteration(s).  Inertia=2.840954
23:57:39 [DEBUG   ] clustering.kmedoids —   run 2/5  init=random  inertia=2.840954
23:57:39 [DEBUG   ] clustering.kmedoids — Initial medoids: ['Italy', 'Kenya', 'Lebanon', 'Spain', 'China']
23:57:39 [DEBUG   ] clustering.kmedoids —   iter 0  inertia=3.589721
23:57:39 [DEBUG   ] clustering.kmedoids —     Best swap → medoid[2]=Colombia  (inertia=3.370775)
23:57:39 [DEBUG   ] clustering.kmedoids —   iter 1  inertia=3.370775
23:57:39 [DEBUG   ] clustering.kmedoids —     Best swap → medoid[0]=Germany  (inertia=3.178534)
23:57:39 [DEBUG   ] clustering.kmedoids —   iter 2  inertia=3.178534
23:57:39 [DEBUG   ] clustering.kmedoids —     Best swap → medoid[3]=South_Africa  (inertia=2.963736)
23:57:39 [DEBUG   ] clustering.kmedoids —   iter 3  inertia=2.963736
23:57:39 [DEBUG   ] clustering.kmedoids —     Best swap → medoid[1]=Switzerland  (inertia=2.876614)
23:57:39 [DEBUG   ] clustering.kmedoids —   iter 4  inertia=2.876614
23:57:39 [DEBUG   ] clustering.kmedoids —     Best swap → medoid[4]=Ethiopia  (inertia=2.840954)
23:57:39 [DEBUG   ] clustering.kmedoids —   iter 5  inertia=2.840954
23:57:39 [INFO    ] clustering.kmedoids — K-Medoids converged in 6 iteration(s).  Inertia=2.840954
23:57:39 [DEBUG   ] clustering.kmedoids —   run 3/5  init=random  inertia=2.840954
23:57:39 [DEBUG   ] clustering.kmedoids — Initial medoids: ['Germany', 'Italy', 'Jordan', 'Chile', 'Ghana']
23:57:39 [DEBUG   ] clustering.kmedoids —   iter 0  inertia=3.392290
23:57:39 [DEBUG   ] clustering.kmedoids —     Best swap → medoid[1]=South_Africa  (inertia=3.148574)
23:57:39 [DEBUG   ] clustering.kmedoids —   iter 1  inertia=3.148574
23:57:39 [DEBUG   ] clustering.kmedoids —     Best swap → medoid[2]=Switzerland  (inertia=3.013615)
23:57:39 [DEBUG   ] clustering.kmedoids —   iter 2  inertia=3.013615
23:57:39 [DEBUG   ] clustering.kmedoids —     Best swap → medoid[3]=Colombia  (inertia=2.919513)
23:57:39 [DEBUG   ] clustering.kmedoids —   iter 3  inertia=2.919513
23:57:39 [DEBUG   ] clustering.kmedoids —     Best swap → medoid[4]=Ethiopia  (inertia=2.840954)
23:57:39 [DEBUG   ] clustering.kmedoids —   iter 4  inertia=2.840954
23:57:39 [INFO    ] clustering.kmedoids — K-Medoids converged in 5 iteration(s).  Inertia=2.840954
23:57:39 [DEBUG   ] clustering.kmedoids —   run 4/5  init=random  inertia=2.840954
23:57:39 [DEBUG   ] clustering.kmedoids — Initial medoids: ['Chile', 'Iraq', 'Brazil', 'Nigeria', 'France']
23:57:39 [DEBUG   ] clustering.kmedoids —   iter 0  inertia=3.727828
23:57:39 [DEBUG   ] clustering.kmedoids —     Best swap → medoid[4]=Germany  (inertia=3.289192)
23:57:39 [DEBUG   ] clustering.kmedoids —   iter 1  inertia=3.289192
23:57:39 [DEBUG   ] clustering.kmedoids —     Best swap → medoid[1]=South_Africa  (inertia=3.063004)
23:57:39 [DEBUG   ] clustering.kmedoids —   iter 2  inertia=3.063004
23:57:39 [DEBUG   ] clustering.kmedoids —     Best swap → medoid[2]=Switzerland  (inertia=2.993798)
23:57:39 [DEBUG   ] clustering.kmedoids —   iter 3  inertia=2.993798
23:57:39 [DEBUG   ] clustering.kmedoids —     Best swap → medoid[0]=Colombia  (inertia=2.863806)
23:57:39 [DEBUG   ] clustering.kmedoids —   iter 4  inertia=2.863806
23:57:39 [DEBUG   ] clustering.kmedoids —     Best swap → medoid[3]=Ethiopia  (inertia=2.840954)
23:57:39 [DEBUG   ] clustering.kmedoids —   iter 5  inertia=2.840954
23:57:39 [INFO    ] clustering.kmedoids — K-Medoids converged in 6 iteration(s).  Inertia=2.840954
23:57:39 [DEBUG   ] clustering.kmedoids —   run 5/5  init=random  inertia=2.840954
23:57:39 [INFO    ] clustering.kmedoids — K-Medoids complete.  k=5, best_inertia=2.8410, n_init=5
23:57:39 [INFO    ] clustering.evaluation — Computing evaluation metrics for kmedoids result…
23:57:39 [INFO    ] clustering.evaluation — Evaluation complete.  silhouette=0.1324  inertia=2.8410
23:57:39 [INFO    ] clustering.pipeline — run('kmedoids', k=5) finished in 0.06s  inertia=2.8410  silhouette=0.1324
23:57:39 [INFO    ] clustering.hierarchical — HAC: n=25, k=5, linkage=average
23:57:39 [DEBUG   ] clustering.hierarchical —   Merged clusters 14+22 → 25  (dist=0.0583, size=2)
23:57:39 [DEBUG   ] clustering.hierarchical —   Merged clusters 8+25 → 26  (dist=0.0742, size=3)
23:57:39 [DEBUG   ] clustering.hierarchical —   Merged clusters 5+15 → 27  (dist=0.0920, size=2)
23:57:39 [DEBUG   ] clustering.hierarchical —   Merged clusters 13+26 → 28  (dist=0.0984, size=4)
23:57:39 [DEBUG   ] clustering.hierarchical —   Merged clusters 20+28 → 29  (dist=0.1217, size=5)
23:57:39 [DEBUG   ] clustering.hierarchical —   Merged clusters 27+29 → 30  (dist=0.1303, size=7)
23:57:39 [DEBUG   ] clustering.hierarchical —   Merged clusters 2+4 → 31  (dist=0.1320, size=2)
23:57:39 [DEBUG   ] clustering.hierarchical —   Merged clusters 0+31 → 32  (dist=0.1390, size=3)
23:57:39 [DEBUG   ] clustering.hierarchical —   Merged clusters 24+30 → 33  (dist=0.1430, size=8)
23:57:39 [DEBUG   ] clustering.hierarchical —   Merged clusters 7+33 → 34  (dist=0.1503, size=9)
23:57:39 [DEBUG   ] clustering.hierarchical —   Merged clusters 17+34 → 35  (dist=0.1578, size=10)
23:57:39 [DEBUG   ] clustering.hierarchical —   Merged clusters 10+12 → 36  (dist=0.1653, size=2)
23:57:39 [DEBUG   ] clustering.hierarchical —   Merged clusters 1+32 → 37  (dist=0.1682, size=4)
23:57:39 [DEBUG   ] clustering.hierarchical —   Merged clusters 35+37 → 38  (dist=0.1814, size=14)
23:57:39 [DEBUG   ] clustering.hierarchical —   Merged clusters 36+38 → 39  (dist=0.1904, size=16)
23:57:39 [DEBUG   ] clustering.hierarchical —   Merged clusters 9+39 → 40  (dist=0.1997, size=17)
23:57:39 [DEBUG   ] clustering.hierarchical —   Merged clusters 16+40 → 41  (dist=0.2096, size=18)
23:57:39 [DEBUG   ] clustering.hierarchical —   Merged clusters 19+41 → 42  (dist=0.2155, size=19)
23:57:39 [DEBUG   ] clustering.hierarchical —   Merged clusters 11+42 → 43  (dist=0.2562, size=20)
23:57:39 [DEBUG   ] clustering.hierarchical —   Merged clusters 3+43 → 44  (dist=0.2642, size=21)
23:57:39 [INFO    ] clustering.hierarchical — HAC complete.  Inertia=3.0135
23:57:39 [INFO    ] clustering.evaluation — Computing evaluation metrics for hierarchical result…
23:57:39 [INFO    ] clustering.evaluation — Evaluation complete.  silhouette=0.2373  inertia=3.0135
23:57:39 [INFO    ] clustering.pipeline — run('hierarchical', k=5) finished in 0.00s  inertia=3.0135  silhouette=0.2373
23:57:39 [INFO    ] clustering.models — ClusterResult saved -> output/clustering\kmedoids_k5_demo.json
23:57:39 [INFO    ] clustering.models — ClusterResult saved -> output/clustering\hierarchical_k5_demo.json
23:57:41 [INFO    ] werkzeug — 127.0.0.1 - - [18/May/2026 23:57:41] "GET /api/status HTTP/1.1" 200 -
23:57:43 [INFO    ] werkzeug — 127.0.0.1 - - [18/May/2026 23:57:43] "GET /api/results HTTP/1.1" 200 -
23:57:47 [INFO    ] werkzeug — 127.0.0.1 - - [18/May/2026 23:57:47] "GET /api/status HTTP/1.1" 200 -
23:57:55 [INFO    ] werkzeug — 127.0.0.1 - - [18/May/2026 23:57:55] "GET /api/status HTTP/1.1" 200 -
23:58:03 [INFO    ] werkzeug — 127.0.0.1 - - [18/May/2026 23:58:03] "GET /api/status HTTP/1.1" 200 -
23:58:11 [INFO    ] werkzeug — 127.0.0.1 - - [18/May/2026 23:58:11] "GET /api/status HTTP/1.1" 200 -
23:58:19 [INFO    ] werkzeug — 127.0.0.1 - - [18/May/2026 23:58:19] "GET /api/status HTTP/1.1" 200 -
23:58:27 [INFO    ] werkzeug — 127.0.0.1 - - [18/May/2026 23:58:27] "GET /api/status HTTP/1.1" 200 -
23:58:30 [INFO    ] clustering.distance_matrix — Loaded 25 country trees from 'preprocessed_trees'
23:58:30 [INFO    ] clustering.pipeline — 25 trees loaded.
23:58:30 [INFO    ] clustering.distance_matrix — Loading cached distance matrix from 'output/clustering/distance_matrix_demo.json'
23:58:30 [INFO    ] clustering.models — Distance matrix loaded <- output/clustering/distance_matrix_demo.json  (25x25)
23:58:30 [INFO    ] clustering.kmedoids — K-Medoids: n=25, k=5, init=heuristic, max_iter=100, n_init=5
23:58:30 [DEBUG   ] clustering.kmedoids — Initial medoids: ['Germany', 'South_Africa', 'Switzerland', 'Nigeria', 'Indonesia']
23:58:30 [DEBUG   ] clustering.kmedoids —   iter 0  inertia=3.017512
23:58:30 [DEBUG   ] clustering.kmedoids —     Best swap → medoid[4]=Colombia  (inertia=2.863806)
23:58:30 [DEBUG   ] clustering.kmedoids —   iter 1  inertia=2.863806
23:58:30 [DEBUG   ] clustering.kmedoids —     Best swap → medoid[3]=Ethiopia  (inertia=2.840954)
23:58:30 [DEBUG   ] clustering.kmedoids —   iter 2  inertia=2.840954
23:58:30 [INFO    ] clustering.kmedoids — K-Medoids converged in 3 iteration(s).  Inertia=2.840954
23:58:30 [DEBUG   ] clustering.kmedoids —   run 1/5  init=heuristic  inertia=2.840954
23:58:30 [DEBUG   ] clustering.kmedoids — Initial medoids: ['Brazil', 'Ghana', 'Spain', 'Syrian_Arab_Republic', 'Colombia']
23:58:30 [DEBUG   ] clustering.kmedoids —   iter 0  inertia=3.562731
23:58:30 [DEBUG   ] clustering.kmedoids —     Best swap → medoid[2]=Germany  (inertia=3.303547)
23:58:30 [DEBUG   ] clustering.kmedoids —   iter 1  inertia=3.303547
23:58:30 [DEBUG   ] clustering.kmedoids —     Best swap → medoid[3]=South_Africa  (inertia=3.078138)
23:58:30 [DEBUG   ] clustering.kmedoids —   iter 2  inertia=3.078138
23:58:30 [DEBUG   ] clustering.kmedoids —     Best swap → medoid[0]=Switzerland  (inertia=2.919513)
23:58:30 [DEBUG   ] clustering.kmedoids —   iter 3  inertia=2.919513
23:58:30 [DEBUG   ] clustering.kmedoids —     Best swap → medoid[1]=Ethiopia  (inertia=2.840954)
23:58:30 [DEBUG   ] clustering.kmedoids —   iter 4  inertia=2.840954
23:58:30 [INFO    ] clustering.kmedoids — K-Medoids converged in 5 iteration(s).  Inertia=2.840954
23:58:30 [DEBUG   ] clustering.kmedoids —   run 2/5  init=random  inertia=2.840954
23:58:30 [DEBUG   ] clustering.kmedoids — Initial medoids: ['Italy', 'Kenya', 'Lebanon', 'Spain', 'China']
23:58:30 [DEBUG   ] clustering.kmedoids —   iter 0  inertia=3.589721
23:58:30 [DEBUG   ] clustering.kmedoids —     Best swap → medoid[2]=Colombia  (inertia=3.370775)
23:58:30 [DEBUG   ] clustering.kmedoids —   iter 1  inertia=3.370775
23:58:30 [DEBUG   ] clustering.kmedoids —     Best swap → medoid[0]=Germany  (inertia=3.178534)
23:58:30 [DEBUG   ] clustering.kmedoids —   iter 2  inertia=3.178534
23:58:30 [DEBUG   ] clustering.kmedoids —     Best swap → medoid[3]=South_Africa  (inertia=2.963736)
23:58:30 [DEBUG   ] clustering.kmedoids —   iter 3  inertia=2.963736
23:58:30 [DEBUG   ] clustering.kmedoids —     Best swap → medoid[1]=Switzerland  (inertia=2.876614)
23:58:30 [DEBUG   ] clustering.kmedoids —   iter 4  inertia=2.876614
23:58:30 [DEBUG   ] clustering.kmedoids —     Best swap → medoid[4]=Ethiopia  (inertia=2.840954)
23:58:30 [DEBUG   ] clustering.kmedoids —   iter 5  inertia=2.840954
23:58:30 [INFO    ] clustering.kmedoids — K-Medoids converged in 6 iteration(s).  Inertia=2.840954
23:58:30 [DEBUG   ] clustering.kmedoids —   run 3/5  init=random  inertia=2.840954
23:58:30 [DEBUG   ] clustering.kmedoids — Initial medoids: ['Germany', 'Italy', 'Jordan', 'Chile', 'Ghana']
23:58:30 [DEBUG   ] clustering.kmedoids —   iter 0  inertia=3.392290
23:58:30 [DEBUG   ] clustering.kmedoids —     Best swap → medoid[1]=South_Africa  (inertia=3.148574)
23:58:30 [DEBUG   ] clustering.kmedoids —   iter 1  inertia=3.148574
23:58:30 [DEBUG   ] clustering.kmedoids —     Best swap → medoid[2]=Switzerland  (inertia=3.013615)
23:58:30 [DEBUG   ] clustering.kmedoids —   iter 2  inertia=3.013615
23:58:30 [DEBUG   ] clustering.kmedoids —     Best swap → medoid[3]=Colombia  (inertia=2.919513)
23:58:30 [DEBUG   ] clustering.kmedoids —   iter 3  inertia=2.919513
23:58:30 [DEBUG   ] clustering.kmedoids —     Best swap → medoid[4]=Ethiopia  (inertia=2.840954)
23:58:30 [DEBUG   ] clustering.kmedoids —   iter 4  inertia=2.840954
23:58:30 [INFO    ] clustering.kmedoids — K-Medoids converged in 5 iteration(s).  Inertia=2.840954
23:58:30 [DEBUG   ] clustering.kmedoids —   run 4/5  init=random  inertia=2.840954
23:58:30 [DEBUG   ] clustering.kmedoids — Initial medoids: ['Chile', 'Iraq', 'Brazil', 'Nigeria', 'France']
23:58:30 [DEBUG   ] clustering.kmedoids —   iter 0  inertia=3.727828
23:58:30 [DEBUG   ] clustering.kmedoids —     Best swap → medoid[4]=Germany  (inertia=3.289192)
23:58:30 [DEBUG   ] clustering.kmedoids —   iter 1  inertia=3.289192
23:58:30 [DEBUG   ] clustering.kmedoids —     Best swap → medoid[1]=South_Africa  (inertia=3.063004)
23:58:30 [DEBUG   ] clustering.kmedoids —   iter 2  inertia=3.063004
23:58:30 [DEBUG   ] clustering.kmedoids —     Best swap → medoid[2]=Switzerland  (inertia=2.993798)
23:58:30 [DEBUG   ] clustering.kmedoids —   iter 3  inertia=2.993798
23:58:30 [DEBUG   ] clustering.kmedoids —     Best swap → medoid[0]=Colombia  (inertia=2.863806)
23:58:30 [DEBUG   ] clustering.kmedoids —   iter 4  inertia=2.863806
23:58:30 [DEBUG   ] clustering.kmedoids —     Best swap → medoid[3]=Ethiopia  (inertia=2.840954)
23:58:30 [DEBUG   ] clustering.kmedoids —   iter 5  inertia=2.840954
23:58:30 [INFO    ] clustering.kmedoids — K-Medoids converged in 6 iteration(s).  Inertia=2.840954
23:58:30 [DEBUG   ] clustering.kmedoids —   run 5/5  init=random  inertia=2.840954
23:58:30 [INFO    ] clustering.kmedoids — K-Medoids complete.  k=5, best_inertia=2.8410, n_init=5
23:58:30 [INFO    ] clustering.evaluation — Computing evaluation metrics for kmedoids result…
23:58:30 [INFO    ] clustering.evaluation — Evaluation complete.  silhouette=0.1324  inertia=2.8410
23:58:30 [INFO    ] clustering.pipeline — run('kmedoids', k=5) finished in 0.06s  inertia=2.8410  silhouette=0.1324
23:58:30 [INFO    ] clustering.hierarchical — HAC: n=25, k=5, linkage=average
23:58:30 [DEBUG   ] clustering.hierarchical —   Merged clusters 14+22 → 25  (dist=0.0583, size=2)
23:58:30 [DEBUG   ] clustering.hierarchical —   Merged clusters 8+25 → 26  (dist=0.0742, size=3)
23:58:30 [DEBUG   ] clustering.hierarchical —   Merged clusters 5+15 → 27  (dist=0.0920, size=2)
23:58:30 [DEBUG   ] clustering.hierarchical —   Merged clusters 13+26 → 28  (dist=0.0984, size=4)
23:58:30 [DEBUG   ] clustering.hierarchical —   Merged clusters 20+28 → 29  (dist=0.1217, size=5)
23:58:30 [DEBUG   ] clustering.hierarchical —   Merged clusters 27+29 → 30  (dist=0.1303, size=7)
23:58:30 [DEBUG   ] clustering.hierarchical —   Merged clusters 2+4 → 31  (dist=0.1320, size=2)
23:58:30 [DEBUG   ] clustering.hierarchical —   Merged clusters 0+31 → 32  (dist=0.1390, size=3)
23:58:30 [DEBUG   ] clustering.hierarchical —   Merged clusters 24+30 → 33  (dist=0.1430, size=8)
23:58:30 [DEBUG   ] clustering.hierarchical —   Merged clusters 7+33 → 34  (dist=0.1503, size=9)
23:58:30 [DEBUG   ] clustering.hierarchical —   Merged clusters 17+34 → 35  (dist=0.1578, size=10)
23:58:30 [DEBUG   ] clustering.hierarchical —   Merged clusters 10+12 → 36  (dist=0.1653, size=2)
23:58:30 [DEBUG   ] clustering.hierarchical —   Merged clusters 1+32 → 37  (dist=0.1682, size=4)
23:58:30 [DEBUG   ] clustering.hierarchical —   Merged clusters 35+37 → 38  (dist=0.1814, size=14)
23:58:30 [DEBUG   ] clustering.hierarchical —   Merged clusters 36+38 → 39  (dist=0.1904, size=16)
23:58:30 [DEBUG   ] clustering.hierarchical —   Merged clusters 9+39 → 40  (dist=0.1997, size=17)
23:58:30 [DEBUG   ] clustering.hierarchical —   Merged clusters 16+40 → 41  (dist=0.2096, size=18)
23:58:30 [DEBUG   ] clustering.hierarchical —   Merged clusters 19+41 → 42  (dist=0.2155, size=19)
23:58:30 [DEBUG   ] clustering.hierarchical —   Merged clusters 11+42 → 43  (dist=0.2562, size=20)
23:58:30 [DEBUG   ] clustering.hierarchical —   Merged clusters 3+43 → 44  (dist=0.2642, size=21)
23:58:30 [INFO    ] clustering.hierarchical — HAC complete.  Inertia=3.0135
23:58:30 [INFO    ] clustering.evaluation — Computing evaluation metrics for hierarchical result…
23:58:30 [INFO    ] clustering.evaluation — Evaluation complete.  silhouette=0.2373  inertia=3.0135
23:58:30 [INFO    ] clustering.pipeline — run('hierarchical', k=5) finished in 0.00s  inertia=3.0135  silhouette=0.2373
23:58:30 [INFO    ] clustering.models — ClusterResult saved -> output/clustering\kmedoids_k5_demo.json
23:58:30 [INFO    ] clustering.models — ClusterResult saved -> output/clustering\hierarchical_k5_demo.json
23:58:36 [INFO    ] werkzeug — 127.0.0.1 - - [18/May/2026 23:58:36] "GET /api/status HTTP/1.1" 200 -
23:58:44 [INFO    ] werkzeug — 127.0.0.1 - - [18/May/2026 23:58:44] "GET /api/status HTTP/1.1" 200 -
23:58:52 [INFO    ] werkzeug — 127.0.0.1 - - [18/May/2026 23:58:52] "GET /api/status HTTP/1.1" 200 -
23:59:00 [INFO    ] werkzeug — 127.0.0.1 - - [18/May/2026 23:59:00] "GET /api/status HTTP/1.1" 200 -
23:59:08 [INFO    ] werkzeug — 127.0.0.1 - - [18/May/2026 23:59:08] "GET /api/status HTTP/1.1" 200 -
23:59:16 [INFO    ] werkzeug — 127.0.0.1 - - [18/May/2026 23:59:16] "GET /api/status HTTP/1.1" 200 -
23:59:23 [INFO    ] werkzeug — 127.0.0.1 - - [18/May/2026 23:59:23] "GET /api/status HTTP/1.1" 200 -
23:59:32 [INFO    ] werkzeug — 127.0.0.1 - - [18/May/2026 23:59:32] "GET /api/status HTTP/1.1" 200 -
23:59:40 [INFO    ] werkzeug — 127.0.0.1 - - [18/May/2026 23:59:40] "GET /api/status HTTP/1.1" 200 -
23:59:48 [INFO    ] werkzeug — 127.0.0.1 - - [18/May/2026 23:59:48] "GET /api/status HTTP/1.1" 200 -
23:59:56 [INFO    ] werkzeug — 127.0.0.1 - - [18/May/2026 23:59:56] "GET /api/status HTTP/1.1" 200 -
00:00:04 [INFO    ] werkzeug — 127.0.0.1 - - [19/May/2026 00:00:04] "GET /api/status HTTP/1.1" 200 -
00:00:12 [INFO    ] werkzeug — 127.0.0.1 - - [19/May/2026 00:00:12] "GET /api/status HTTP/1.1" 200 -
00:00:20 [INFO    ] werkzeug — 127.0.0.1 - - [19/May/2026 00:00:20] "GET /api/status HTTP/1.1" 200 -
00:00:30 [INFO    ] werkzeug — 127.0.0.1 - - [19/May/2026 00:00:30] "GET /api/status HTTP/1.1" 200 -
00:00:34 [INFO    ] clustering.kmedoids — K-Medoids: n=6, k=2, init=heuristic, max_iter=100, n_init=5
00:00:34 [DEBUG   ] clustering.kmedoids — Initial medoids: ['B3', 'A1']
00:00:34 [DEBUG   ] clustering.kmedoids —   iter 0  inertia=0.210000
00:00:34 [DEBUG   ] clustering.kmedoids —     Best swap → medoid[0]=B4  (inertia=0.200000)
00:00:34 [DEBUG   ] clustering.kmedoids —   iter 1  inertia=0.200000
00:00:34 [INFO    ] clustering.kmedoids — K-Medoids converged in 2 iteration(s).  Inertia=0.200000
00:00:34 [DEBUG   ] clustering.kmedoids —   run 1/5  init=heuristic  inertia=0.200000
00:00:34 [DEBUG   ] clustering.kmedoids — Initial medoids: ['A0', 'A2']
00:00:34 [DEBUG   ] clustering.kmedoids —   iter 0  inertia=2.710000
00:00:34 [DEBUG   ] clustering.kmedoids —     Best swap → medoid[1]=B4  (inertia=0.210000)
00:00:34 [DEBUG   ] clustering.kmedoids —   iter 1  inertia=0.210000
00:00:34 [DEBUG   ] clustering.kmedoids —     Best swap → medoid[0]=A1  (inertia=0.200000)
00:00:34 [DEBUG   ] clustering.kmedoids —   iter 2  inertia=0.200000
00:00:34 [INFO    ] clustering.kmedoids — K-Medoids converged in 3 iteration(s).  Inertia=0.200000
00:00:34 [DEBUG   ] clustering.kmedoids —   run 2/5  init=random  inertia=0.200000
00:00:34 [DEBUG   ] clustering.kmedoids — Initial medoids: ['B3', 'B4']
00:00:34 [DEBUG   ] clustering.kmedoids —   iter 0  inertia=2.720000
00:00:34 [DEBUG   ] clustering.kmedoids —     Best swap → medoid[0]=A1  (inertia=0.200000)
00:00:34 [DEBUG   ] clustering.kmedoids —   iter 1  inertia=0.200000
00:00:34 [INFO    ] clustering.kmedoids — K-Medoids converged in 2 iteration(s).  Inertia=0.200000
00:00:34 [DEBUG   ] clustering.kmedoids —   run 3/5  init=random  inertia=0.200000
00:00:34 [DEBUG   ] clustering.kmedoids — Initial medoids: ['A2', 'B3']
00:00:34 [DEBUG   ] clustering.kmedoids —   iter 0  inertia=0.230000
00:00:34 [DEBUG   ] clustering.kmedoids —     Best swap → medoid[0]=A1  (inertia=0.210000)
00:00:34 [DEBUG   ] clustering.kmedoids —   iter 1  inertia=0.210000
00:00:34 [DEBUG   ] clustering.kmedoids —     Best swap → medoid[1]=B4  (inertia=0.200000)
00:00:34 [DEBUG   ] clustering.kmedoids —   iter 2  inertia=0.200000
00:00:34 [INFO    ] clustering.kmedoids — K-Medoids converged in 3 iteration(s).  Inertia=0.200000
00:00:34 [DEBUG   ] clustering.kmedoids —   run 4/5  init=random  inertia=0.200000
00:00:34 [DEBUG   ] clustering.kmedoids — Initial medoids: ['A0', 'B3']
00:00:34 [DEBUG   ] clustering.kmedoids —   iter 0  inertia=0.220000
00:00:34 [DEBUG   ] clustering.kmedoids —     Best swap → medoid[0]=A1  (inertia=0.210000)
00:00:34 [DEBUG   ] clustering.kmedoids —   iter 1  inertia=0.210000
00:00:34 [DEBUG   ] clustering.kmedoids —     Best swap → medoid[1]=B4  (inertia=0.200000)
00:00:34 [DEBUG   ] clustering.kmedoids —   iter 2  inertia=0.200000
00:00:34 [INFO    ] clustering.kmedoids — K-Medoids converged in 3 iteration(s).  Inertia=0.200000
00:00:34 [DEBUG   ] clustering.kmedoids —   run 5/5  init=random  inertia=0.200000
00:00:34 [INFO    ] clustering.kmedoids — K-Medoids complete.  k=2, best_inertia=0.2000, n_init=5
00:00:34 [INFO    ] clustering.evaluation — Computing evaluation metrics for kmedoids result…
00:00:34 [INFO    ] clustering.evaluation — Evaluation complete.  silhouette=0.9390  inertia=0.2000
00:00:34 [INFO    ] clustering.hierarchical — HAC: n=6, k=2, linkage=average
00:00:34 [DEBUG   ] clustering.hierarchical —   Merged clusters 3+4 → 6  (dist=0.0400, size=2)
00:00:34 [DEBUG   ] clustering.hierarchical —   Merged clusters 0+1 → 7  (dist=0.0500, size=2)
00:00:34 [DEBUG   ] clustering.hierarchical —   Merged clusters 5+6 → 8  (dist=0.0550, size=3)
00:00:34 [DEBUG   ] clustering.hierarchical —   Merged clusters 2+7 → 9  (dist=0.0650, size=3)
00:00:34 [INFO    ] clustering.hierarchical — HAC complete.  Inertia=0.2000
00:00:34 [INFO    ] clustering.evaluation — Computing evaluation metrics for hierarchical result…
00:00:34 [INFO    ] clustering.evaluation — Evaluation complete.  silhouette=0.9390  inertia=0.2000
00:00:34 [INFO    ] clustering.models — Distance matrix saved -> output\clustering\_test_matrix.json  (6x6)
00:00:34 [INFO    ] clustering.models — Distance matrix loaded <- output\clustering\_test_matrix.json  (6x6)
00:00:34 [INFO    ] clustering.models — ClusterResult saved -> output\clustering\_test_result.json
00:00:34 [INFO    ] clustering.kmedoids — K-Medoids: n=6, k=1, init=heuristic, max_iter=100, n_init=5
00:00:34 [DEBUG   ] clustering.kmedoids — Initial medoids: ['B3']
00:00:34 [DEBUG   ] clustering.kmedoids —   iter 0  inertia=2.790000
00:00:34 [INFO    ] clustering.kmedoids — K-Medoids converged in 1 iteration(s).  Inertia=2.790000
00:00:34 [DEBUG   ] clustering.kmedoids —   run 1/5  init=heuristic  inertia=2.790000
00:00:34 [DEBUG   ] clustering.kmedoids — Initial medoids: ['A0']
00:00:34 [DEBUG   ] clustering.kmedoids —   iter 0  inertia=2.820000
00:00:34 [DEBUG   ] clustering.kmedoids —     Best swap → medoid[0]=B3  (inertia=2.790000)
00:00:34 [DEBUG   ] clustering.kmedoids —   iter 1  inertia=2.790000
00:00:34 [INFO    ] clustering.kmedoids — K-Medoids converged in 2 iteration(s).  Inertia=2.790000
00:00:34 [DEBUG   ] clustering.kmedoids —   run 2/5  init=random  inertia=2.790000
00:00:34 [DEBUG   ] clustering.kmedoids — Initial medoids: ['B3']
00:00:34 [DEBUG   ] clustering.kmedoids —   iter 0  inertia=2.790000
00:00:34 [INFO    ] clustering.kmedoids — K-Medoids converged in 1 iteration(s).  Inertia=2.790000
00:00:34 [DEBUG   ] clustering.kmedoids —   run 3/5  init=random  inertia=2.790000
00:00:34 [DEBUG   ] clustering.kmedoids — Initial medoids: ['A2']
00:00:34 [DEBUG   ] clustering.kmedoids —   iter 0  inertia=2.820000
00:00:34 [DEBUG   ] clustering.kmedoids —     Best swap → medoid[0]=B3  (inertia=2.790000)
00:00:34 [DEBUG   ] clustering.kmedoids —   iter 1  inertia=2.790000
00:00:34 [INFO    ] clustering.kmedoids — K-Medoids converged in 2 iteration(s).  Inertia=2.790000
00:00:34 [DEBUG   ] clustering.kmedoids —   run 4/5  init=random  inertia=2.790000
00:00:34 [DEBUG   ] clustering.kmedoids — Initial medoids: ['A0']
00:00:34 [DEBUG   ] clustering.kmedoids —   iter 0  inertia=2.820000
00:00:34 [DEBUG   ] clustering.kmedoids —     Best swap → medoid[0]=B3  (inertia=2.790000)
00:00:34 [DEBUG   ] clustering.kmedoids —   iter 1  inertia=2.790000
00:00:34 [INFO    ] clustering.kmedoids — K-Medoids converged in 2 iteration(s).  Inertia=2.790000
00:00:34 [DEBUG   ] clustering.kmedoids —   run 5/5  init=random  inertia=2.790000
00:00:34 [INFO    ] clustering.kmedoids — K-Medoids complete.  k=1, best_inertia=2.7900, n_init=5
00:01:30 [INFO    ] werkzeug — 127.0.0.1 - - [19/May/2026 00:01:30] "GET /api/status HTTP/1.1" 200 -
